Mountpoint,City,Antenna_Name,Antenna_Status,Receiver_Name,Receiver_Status,Firmware,Firmware_Status,Availability,Observation_Ratio,Non_Cycle_Slips,Multipath_MP1,Multipath_MP2,Multipath_MP5,Signals_GPS,Signals_GLO,Signals_GAL,Signals_BDS,Time
2ANG,2ANG_MSM7,TWIVP6050_CONE NONE,True,SEPT ASTERX SB,True,4.8.4,True,99.5,78.51,98.0,28.7,34.1,28.3,1C 2L 2W 5Q,1C 2C 2P,1C 5Q 7Q 8Q,2I 7I,2026-09-11
2ANN,2ANN_MSM7,TWIVC6050 SCIS,True,SEPT ASTERX SB,True,4.8.4,True,100.0,79.64,97.37,18.4,18.9,14.2,1C 2L 2W 5Q,1C 2C 2P,1C 5Q 7Q 8Q,2I 7I,2026-09-11
2AUC,2AUC_MSM7,TWIVC6050 SCIS,True,SEPT ASTERX SB,True,4.8.4,True,99.29,79.72,99.78,33.5,36.0,31.4,1C 2L 2W 5Q,1C 2C 2P,1C 5Q 7Q 8Q,2I 7I,2026-09-11
2BAL,2BAL_MSM7,TWIVC6050 SCIS,True,SEPT ASTERX SB,True,4.8.4,True,99.5,79.87,99.38,20.4,21.0,17.8,1C 2L 2W 5Q,1C 2C 2P,1C 5Q 7Q 8Q,2I 7I,2026-09-11
2BAS,2BAS_MSM7,TWIVC6050 SCIS,True,SEPT ASTERX SB,True,4.8.4,True,99.79,76.9,92.86,22.2,24.8,19.9,1C 2L 2W 5Q,1C 2C 2P,1C 5Q 7Q 8Q,2I 7I,2026-09-11
2BIL,2BIL_MSM7,TWIVP6050_CONE NONE,True,SEPT ASTERX SB,True,4.8.4,True,100.0,77.65,99.39,32.0,36.1,27.2,1C 2L 2W 5Q,1C 2C 2P,1C 5Q 7Q 8Q,2I 7I,2026-09-11
2CAS,2CAS_MSM7,TWIVC6050 SCIS,True,NOV OEM7700-1.02,True,OM7CR0800RN0000,True,99.5,78.01,99.01,39.7,32.3,26.5,1C 2S 2W 5Q,1C 2C 2P,1C 5Q 7Q 8Q,2I 6I 7I,2026-09-11
2CHR,2CHR_MSM7,TRM77971.00 NONE,True,SEPT ASTERX SB,True,4.8.4,True,99.79,79.01,99.51,30.7,34.0,28.0,1C 2L 2W 5Q,1C 2C 2P,1C 5Q 7Q 8Q,2I 7I,2026-09-11
2CIU,2CIU_MSM7,TWIVP6050_CONE NONE,True,SEPT ASTERX SB,True,4.8.4,True,100.0,80.97,99.42,34.9,41.5,33.8,1C 2L 2W 5Q,1C 2C 2P,1C 5Q 7Q 8Q,2I 7I,2026-09-11
2CLI,2CLI_MSM7,CHCA220GR NONE,False,SEPT ASTERX SB,True,4.8.4,True,99.08,78.8,98.61,30.3,38.4,30.7,1C 2L 2W 5Q,1C 2C 2P,1C 5Q 7Q 8Q,2I 7I,2026-09-11
2CUM,2CUM_MSM7,TWIVP6050_CONE NONE,True,SEPT ASTERX SB,True,4.8.4,True,99.75,80.55,99.19,31.1,34.8,27.4,1C 2L 2W 5Q,1C 2C 2P,1C 5Q 7Q 8Q,2I 7I,2026-09-11
2DUN,2DUN_MSM7,TWIVP6050_CONE NONE,True,SEPT ASTERX SB,True,4.8.4,True,99.08,80.42,99.85,32.9,37.3,31.2,1C 2L 2W 5Q,1C 2C 2P,1C 5Q 7Q 8Q,2I 7I,2026-09-11
2FIG,2FIG_MSM7,TWIVC6050 SCIS,True,SEPT ASTERX SB,True,4.8.4,True,100.0,78.43,98.57,20.2,22.0,18.2,1C 2L 2W 5Q,1C 2C 2P,1C 5Q 7Q 8Q,2I 7I,2026-09-11
2GAW,2GAW_MSM7,TWIVC6050 SCIS,True,SEPT ASTERX SB,True,4.8.4,True,99.58,78.88,98.36,24.5,27.4,22.3,1C 2L 2W 5Q,1C 2C 2P,1C 5Q 7Q 8Q,2I 7I,2026-09-11
2IMP,2IMP_MSM7,TWIVP6050_CONE NONE,True,SEPT ASTERX SB,True,4.8.4,True,99.54,77.17,94.74,33.5,34.2,25.9,1C 2L 2W 5Q,1C 2C 2P,1C 5Q 7Q 8Q,2I 7I,2026-09-11
2INV,2INV_MSM7,TWIVP6050_CONE NONE,True,SEPT ASTERX SB,True,4.8.4,True,99.75,81.57,99.76,34.0,37.5,30.5,1C 2L 2W 5Q,1C 2C 2P,1C 5Q 7Q 8Q,2I 7I,2026-09-11
2KIR,2KIR_MSM7,TWIVC6050 SCIS,True,SEPT ASTERX SB,True,4.8.4,True,100.0,82.15,98.65,21.8,23.4,18.2,1C 2L 2W 5Q,1C 2C 2P,1C 5Q 7Q 8Q,2I 7I,2026-09-11
2LIA,2LIA_MSM7,TWIVP6050_CONE NONE,True,SEPT ASTERX SB,True,4.8.4,True,99.29,78.21,97.62,33.8,39.2,29.9,1C 2L 2W 5Q,1C 2C 2P,1C 5Q 7Q 8Q,2I 7I,2026-09-11
2NER,2NER_MSM7,TWIVC6050 SCIS,True,SEPT ASTERX SB,True,4.8.4,True,99.79,78.73,98.61,21.0,22.6,18.1,1C 2L 2W 5Q,1C 2C 2P,1C 5Q 7Q 8Q,2I 7I,2026-09-11
2OBA,2OBA_MSM7,TWIVP6050_CONE NONE,True,SEPT ASTERX SB,True,4.8.4,True,99.54,80.4,99.52,29.3,34.7,30.0,1C 2L 2W 5Q,1C 2C 2P,1C 5Q 7Q 8Q,2I 7I,2026-09-11
2PIM,2PIM_MSM7,TRM77971.00 NONE,True,SEPT ASTERX SB,True,4.8.4,True,99.5,79.23,96.97,48.7,45.6,38.9,1C 2L 2W 5Q,1C 2C 2P,1C 5Q 7Q 8Q,2I 7I,2026-09-11
2SAL,2SAL_MSM7,TWIVP6050_CONE NONE,True,SEPT ASTERX SB,True,4.8.4,True,99.75,80.61,99.82,26.4,31.4,26.5,1C 2L 2W 5Q,1C 2C 2P,1C 5Q 7Q 8Q,2I 7I,2026-09-11
2TER,2TER_MSM7,TWIVP6050_CONE NONE,True,SEPT ASTERX SB,True,4.8.4,True,99.29,80.56,97.44,30.4,36.8,29.8,1C 2L 2W 5Q,1C 2C 2P,1C 5Q 7Q 8Q,2I 7I,2026-09-11
2UBE,2UBE_MSM7,TWIVP6050_CONE NONE,True,SEPT ASTERX SB,True,4.8.4,True,99.54,80.73,98.78,34.0,35.6,27.7,1C 2L 2W 5Q,1C 2C 2P,1C 5Q 7Q 8Q,2I 7I,2026-09-11
2VIE,2VIE_MSM7,TWIVC6050 SCIS,True,SEPT ASTERX SB,True,4.8.4,True,100.0,80.1,99.22,30.6,30.2,25.4,1C 2L 2W 5Q,1C 2C 2P,1C 5Q 7Q 8Q,2I 7I,2026-09-11
2WOR,2WOR_MSM7,CHCA220GR NONE,True,SEPT ASTERX SB,True,4.8.4,True,99.5,78.62,98.53,33.4,42.2,34.8,1C 2L 2W 5Q,1C 2C 2P,1C 5Q 7Q 8Q,2I 7I,2026-09-11
FRAV,Aveze,CHCC220GR2 CHCD,True,TRIMBLE BD990,True,"5.61,27/JUN/2023",True,100.0,72.83,88.89,15.3,21.3,26.2,1C 2W 5X,1C 2C,1X 5X 6X 7X 8X,2I 6I,2026-09-11
FRBA,Barcelonette,CHCC220GR2 CHCD,True,TRIMBLE BD990,True,"5.61,27/JUN/2023",True,100.0,67.55,93.33,14.6,23.7,26.9,1C 2W 5X,1C 1P 2C 2P,1X 5X 6X 7X 8X,2I 6I,2026-09-11
FRCP,Case_De_Pene,CHCC220GR2 CHCD,True,TRIMBLE BD990,True,"5.61,27/JUN/2023",True,47.37,30.64,96.88,15.6,28.7,32.2,1C 2W 5X,1C 2C 2P,1X 5X 7X 8X,2I,2026-09-11
FRCT,Castellane,CHCC220GR2 CHCD,True,TRIMBLE BD990,True,"5.61,27/JUN/2023",True,100.0,65.51,96.43,16.7,21.6,25.9,1C 2W 5X,1C 2C 2P,1X 5X 6X 7X 8X,2I 6I,2026-09-11
FRCA,Castres,CHCC220GR2 CHCD,True,TRIMBLE BD990,True,"5.61,27/JUN/2023",True,100.0,74.18,87.5,14.7,24.1,27.0,1C 2W 5X,1C 2C,1X 5X 6X 7X 8X,2I 6I,2026-09-11
FRCD,Chateau_D_Olonne,CHCC220GR2 CHCD,True,TRIMBLE BD970,True,"5.41,24/APR/2019",True,100.0,82.33,99.94,27.3,21.7,19.6,1C 2W 5X,1C 2C,1X 5X 7X 8X,2I,2026-09-11
FRCN,Crehange,CHCC220GR2 CHCD,True,TRIMBLE BD990,True,"5.61,27/JUN/2023",True,100.0,71.69,91.67,13.7,23.2,15.4,1C 2W 5X,1C 2C,1X 5X 6X 7X 8X,2I 6I,2026-09-11
FRDO,Dontcourt_Aux_Templiers,CHCC220GR2 CHCD,True,TRIMBLE BD990,True,"5.61,27/JUN/2023",True,100.0,71.96,93.75,13.3,21.8,25.1,1C 2W 5X,1C 2C,1X 5X 6X 7X 8X,2I 6I,2026-09-11
FRDZ,Donzere,CHCC220GR2 CHCD,True,TRIMBLE BD990,True,"5.61,27/JUN/2023",True,100.0,72.85,85.71,13.3,21.0,24.4,1C 2W 5X,1C 2C,1X 5X 6X 7X 8X,2I 6I,2026-09-11
FRDY,Doyet,CHCC220GR CHCD,True,TRIMBLE BD970,True,"5.41,24/APR/2019",True,100.0,74.63,99.85,30.1,30.2,26.9,1C 2W 5X,1C 2C,1X 5X 7X 8X,2I,2026-09-11
FRDR,Drucat,CHCC220GR CHCD,True,TRIMBLE BD970,True,"5.41,24/APR/2019",True,100.0,73.31,99.89,28.9,26.7,24.7,1C 2W 5X,1C 2C,1X 5X 7X 8X,2I,2026-09-11
FREB,Ebersheim,CHCC220GR CHCD,True,TRIMBLE BD970,True,"5.41,24/APR/2019",True,100.0,73.25,99.78,28.5,27.5,26.0,1C 2W 5X,1C 2C,1X 5X 7X 8X,2I,2026-09-11
FRGU,Guidel,CHCC220GR CHCD,True,TRIMBLE BD970,True,"5.41,24/APR/2019",True,100.0,66.66,99.68,27.5,26.4,0.0,1C 2W,1C 2C,1X 5X 7X 8X,2I,2026-09-11
FRBO,La_Bourdiniere,CHCC220GR2 CHCD,True,TRIMBLE BD970,True,"5.41,24/APR/2019",True,100.0,65.81,98.7,26.5,22.9,21.8,1C 2W 5X,1C 2C,1X 5X 7X 8X,2I,2026-09-11
FRPE,Le_Puy_En_Velay,CHCC220GR2 CHCD,True,TRIMBLE BD990,True,"5.61,27/JUN/2023",True,99.92,72.89,97.96,14.0,22.6,26.3,1C 2W 5X,1C 2C,1X 5X 6X 7X 8X,2I 6I,2026-09-11
FRMY,Maye,CHCC220GR CHCD,True,TRIMBLE BD970,True,"5.41,24/APR/2019",True,100.0,66.41,99.39,30.6,25.1,26.9,1C 2W 5X,1C 2C,1X 5X 7X 8X,2I,2026-09-11
FRMZ,Mazan,CHCC220GR2 CHCD,True,TRIMBLE BD990,True,"5.61,27/JUN/2023",True,100.0,72.83,85.71,14.7,23.4,29.5,1C 2W 5X,1C 2C,1X 5X 6X 7X 8X,2I 6I,2026-09-11
FRME,Melle,CHCC220GR2 CHCD,True,TRIMBLE BD990,True,"5.61,27/JUN/2023",True,100.0,73.44,80.0,14.1,21.4,23.2,1C 2W 5X,1C 2C 2P,1X 5X 6X 7X 8X,2I 6I,2026-09-11
FRMS,Mours_Saint_Eusebe,CHCC220GR2 CHCD,True,TRIMBLE BD970,True,"5.41,24/APR/2019",True,100.0,68.36,99.67,25.8,20.5,20.1,1C 2W 5X,1C 2C,1X 5X 7X 8X,2I,2026-09-11
FRNE,Neuville,CHCC220GR CHCD,True,TRIMBLE BD970,True,"5.41,24/APR/2019",True,100.0,79.95,99.93,30.8,28.1,26.2,1C 2W 5X,1C 2C,1X 5X 7X 8X,2I,2026-09-11
FRNU,Nuisement,CHCC220GR CHCD,True,TRIMBLE BD970,True,"5.41,24/APR/2019",True,99.75,75.49,99.67,40.2,40.6,41.5,1C 2W 5X,1C 2C,1X 5X 7X 8X,2I,2026-09-11
FRPA,Piau_Engal,CHCC220GR2 CHCD,True,TRIMBLE BD990,True,"5.61,27/JUN/2023",True,100.0,71.01,85.72,15.3,21.5,13.8,1C 1X 2W 5X,1C 1P 2C,1X 5X 6X 7X 8X,2I 6I,2026-09-11
FRPL,Plouhinec,CHCC220GR2 CHCD,True,TRIMBLE BD990,True,"5.61,27/JUN/2023",True,99.75,73.51,85.71,14.9,24.0,27.4,1C 2W 5X,1C 1P 2C,1X 5X 6X 7X 8X,2I 6I,2026-09-11
FRSG,Saint_Georges_Dorques,CHCC220GR2 CHCD,True,TRIMBLE BD990,True,"5.61,27/JUN/2023",True,99.75,72.1,93.75,15.5,27.3,32.6,1C 2W 5X,1C 1P 2C 2P,1X 5X 6X 7X 8X,2I 6I,2026-09-11
FRSL,Sabl,CHCC220GR CHCD,True,TRIMBLE BD990,True,"5.61,27/JUN/2023",True,100.0,77.2,85.71,15.6,24.9,24.5,1C 2W 5X,1C 2C 2P,1X 5X 6X 7X 8X,2I 6I,2026-09-11
FRSN,Saint_Nabord,CHCC220GR2 CHCD,True,TRIMBLE BD990,True,"5.61,27/JUN/2023",True,100.0,71.96,87.5,15.4,25.3,30.4,1C 2W 5X,1C 2C,1X 5X 6X 7X 8X,2I 6I,2026-09-11
FRSU,Sautron,CHCC220GR2 CHCD,True,TRIMBLE BD970,True,"5.41,24/APR/2019",True,100.0,65.28,99.72,26.4,26.0,27.9,1C 2W 5X,1C 2C,1X 5X 7X 8X,2I,2026-09-11
FRSV,Saviere,CHCC220GR2 CHCD,True,TRIMBLE BD990,True,"5.61,27/JUN/2023",True,100.0,70.43,98.53,13.4,23.7,28.1,1C 1X 2W 5X,1C 1P 2C 2P,1X 5X 6X 7X 8X,2I 6I,2026-09-11
FRUN,Ugine,CHCC220GR2 CHCD,True,TRIMBLE BD990,True,"5.61,27/JUN/2023",True,100.0,65.31,94.74,16.3,25.7,28.3,1C 2W 5X,1C 1P 2C 2P,1X 5X 6X 7X 8X,2I 6I,2026-09-11
FRVL,Villevaude,CHCC220GR2 CHCD,True,TRIMBLE BD990,True,"5.61,27/JUN/2023",True,98.21,71.26,85.71,15.5,29.8,19.9,1C 1X 2W 5X,1C 2C,1X 5X 6X 7X 8X,2I 6I,2026-09-11
FRSI,Saint_Pantaleon_De_Larche,CHCC220GR2 CHCD,True,TRIMBLE BD990,True,"5.61,27/JUN/2023",True,99.87,73.37,85.71,14.2,22.5,26.2,1C 2W 5X,1C 2C,1X 5X 6X 7X 8X,2I 6I,2026-09-11
FRCH,Cherbourg,CHCC220GR CHCD,True,TRIMBLE BD970,False,"5.41,24/APR/2019",False,99.75,72.63,96.43,13.2,20.3,14.7,1C 2W 2X 5X,1C 2C,1X 5X 7X 8X,2I 6I,2026-09-11
FREG,Egletons,CHCC220GR2 CHCD,True,TRIMBLE BD970,True,"5.41,24/APR/2019",True,99.92,78.02,99.92,31.0,30.2,29.4,1C 2W 5X,1C 2C,1X 5X 7X 8X,2I,2026-09-11
FRCV,Cavaillon,CHCC220GR2 CHCD,True,TRIMBLE BD990,True,"5.61,27/JUN/2023",True,100.0,72.9,50.0,14.0,26.7,29.5,1C 2W 2X 5X,1C 2C,1X 5X 6X 7X 8X,2I 6I,2026-09-11
FRVD,Vidauban,CHCC220GR2 CHCD,True,TRIMBLE BD990,True,"5.61,27/JUN/2023",True,100.0,68.76,98.89,21.6,37.3,24.8,1C 1X 2W 5X,1C 1P 2C 2P,1X 5X 6X 7X 8X,2I 6I,2026-09-11
NODS,Nods,TPSCR.G5 TPSH,True,TPS NET-G5,True,5.6.1+2410301224,False,100.0,80.9,99.12,28.3,28.4,21.4,1C 1W 1X 2W 2X 5X,1C 1P 2C 2P,1X 5X 6X 7X 8X,2I 6I 7I,2026-09-11
LEST,Les_Thioleyres,TPSCR.G5 TPSH,True,TPS NET-G5,True,5.6.1+2410301224,False,100.0,87.43,98.46,27.6,29.7,21.5,1C 1W 1X 2W 2X 5X,1C 1P 2C 2P,1X 5X 6X 7X 8X,2I 6I 7I,2026-09-11
CHSY,Satigny,TPSCR.G5 TPSH,True,TPS NET-G5,True,5.6.1+2410301224,False,100.0,86.89,98.7,34.3,33.6,21.2,1C 1W 1X 2W 2X 5X,1C 1P 2C 2P,1X 5X 6X 7X 8X,2I 6I 7I,2026-09-11
2ANG,2ANG_MSM7,TWIVP6050_CONE NONE,True,SEPT ASTERX SB,True,4.8.4,True,100.0,79.82,98.0,27.8,33.9,28.3,1C 2L 2W 5Q,1C 2C 2P,1C 5Q 7Q 8Q,2I 7I,2026-09-12
2ANN,2ANN_MSM7,TWIVC6050 SCIS,True,SEPT ASTERX SB,True,4.8.4,True,100.0,79.65,97.5,18.4,18.8,14.1,1C 2L 2W 5Q,1C 2C 2P,1C 5Q 7Q 8Q,2I 7I,2026-09-12
2AUC,2AUC_MSM7,TWIVC6050 SCIS,True,SEPT ASTERX SB,True,4.8.4,True,99.54,80.28,99.79,33.5,35.7,31.4,1C 2L 2W 5Q,1C 2C 2P,1C 5Q 7Q 8Q,2I 7I,2026-09-12
2BAL,2BAL_MSM7,TWIVC6050 SCIS,True,SEPT ASTERX SB,True,4.8.4,True,99.54,80.26,99.46,20.3,21.2,17.3,1C 2L 2W 5Q,1C 2C 2P,1C 5Q 7Q 8Q,2I 7I,2026-09-12
2BAS,2BAS_MSM7,TWIVC6050 SCIS,True,SEPT ASTERX SB,True,4.8.4,True,100.0,77.86,92.31,22.2,24.3,19.4,1C 2L 2W 5Q,1C 2C 2P,1C 5Q 7Q 8Q,2I 7I,2026-09-12
2BIL,2BIL_MSM7,TWIVP6050_CONE NONE,True,SEPT ASTERX SB,True,4.8.4,True,99.54,77.8,99.44,32.1,36.1,27.5,1C 2L 2W 5Q,1C 2C 2P,1C 5Q 7Q 8Q,2I 7I,2026-09-12
2CAS,2CAS_MSM7,TWIVC6050 SCIS,True,NOV OEM7700-1.02,True,OM7CR0800RN0000,True,100.0,78.9,99.03,44.1,32.9,26.5,1C 2S 2W 5Q,1C 2C 2P,1C 5Q 7Q 8Q,2I 6I 7I,2026-09-12
2CHR,2CHR_MSM7,TRM77971.00 NONE,True,SEPT ASTERX SB,True,4.8.4,True,99.54,79.46,99.21,30.4,34.0,27.8,1C 2L 2W 5Q,1C 2C 2P,1C 5Q 7Q 8Q,2I 7I,2026-09-12
2CIU,2CIU_MSM7,TWIVP6050_CONE NONE,True,SEPT ASTERX SB,True,4.8.4,True,99.75,81.55,99.1,34.9,41.1,33.9,1C 2L 2W 5Q,1C 2C 2P,1C 5Q 7Q 8Q,2I 7I,2026-09-12
2CLI,2CLI_MSM7,CHCA220GR NONE,False,SEPT ASTERX SB,True,4.8.4,True,100.0,80.19,99.31,30.1,38.0,30.7,1C 2L 2W 5Q,1C 2C 2P,1C 5Q 7Q 8Q,2I 7I,2026-09-12
2CUM,2CUM_MSM7,TWIVP6050_CONE NONE,True,SEPT ASTERX SB,True,4.8.4,True,99.54,81.08,98.81,30.6,34.8,26.8,1C 2L 2W 5Q,1C 2C 2P,1C 5Q 7Q 8Q,2I 7I,2026-09-12
2DUN,2DUN_MSM7,TWIVP6050_CONE NONE,True,SEPT ASTERX SB,True,4.8.4,True,100.0,81.57,99.85,33.0,37.2,31.5,1C 2L 2W 5Q,1C 2C 2P,1C 5Q 7Q 8Q,2I 7I,2026-09-12
2FIG,2FIG_MSM7,TWIVC6050 SCIS,True,SEPT ASTERX SB,True,4.8.4,True,99.5,78.98,98.15,20.6,21.9,18.4,1C 2L 2W 5Q,1C 2C 2P,1C 5Q 7Q 8Q,2I 7I,2026-09-12
2GAW,2GAW_MSM7,TWIVC6050 SCIS,True,SEPT ASTERX SB,True,4.8.4,True,99.92,79.82,97.73,24.7,27.7,22.3,1C 2L 2W 5Q,1C 2C 2P,1C 5Q 7Q 8Q,2I 7I,2026-09-12
2IMP,2IMP_MSM7,TWIVP6050_CONE NONE,True,SEPT ASTERX SB,True,4.8.4,True,100.0,78.71,95.24,32.4,34.2,25.6,1C 2L 2W 5Q,1C 2C 2P,1C 5Q 7Q 8Q,2I 7I,2026-09-12
2INV,2INV_MSM7,TWIVP6050_CONE NONE,True,SEPT ASTERX SB,True,4.8.4,True,99.75,82.03,99.78,34.5,37.8,31.3,1C 2L 2W 5Q,1C 2C 2P,1C 5Q 7Q 8Q,2I 7I,2026-09-12
2KIR,2KIR_MSM7,TWIVC6050 SCIS,True,SEPT ASTERX SB,True,4.8.4,True,99.75,82.41,96.43,22.1,23.3,18.5,1C 2L 2W 5Q,1C 2C 2P,1C 5Q 7Q 8Q,2I 7I,2026-09-12
2LIA,2LIA_MSM7,TWIVP6050_CONE NONE,True,SEPT ASTERX SB,True,4.8.4,True,100.0,79.82,95.46,33.4,39.5,30.3,1C 2L 2W 5Q,1C 2C 2P,1C 5Q 7Q 8Q,2I 7I,2026-09-12
2NER,2NER_MSM7,TWIVC6050 SCIS,True,SEPT ASTERX SB,True,4.8.4,True,100.0,79.96,98.85,20.6,22.0,18.3,1C 2L 2W 5Q,1C 2C 2P,1C 5Q 7Q 8Q,2I 7I,2026-09-12
2OBA,2OBA_MSM7,TWIVP6050_CONE NONE,True,SEPT ASTERX SB,True,4.8.4,True,100.0,81.2,99.55,28.9,34.9,30.0,1C 2L 2W 5Q,1C 2C 2P,1C 5Q 7Q 8Q,2I 7I,2026-09-12
2PIM,2PIM_MSM7,TRM77971.00 NONE,True,SEPT ASTERX SB,True,4.8.4,True,100.0,80.21,97.83,47.7,45.8,38.9,1C 2L 2W 5Q,1C 2C 2P,1C 5Q 7Q 8Q,2I 7I,2026-09-12
2SAL,2SAL_MSM7,TWIVP6050_CONE NONE,True,SEPT ASTERX SB,True,4.8.4,True,100.0,81.27,99.82,26.0,31.4,26.6,1C 2L 2W 5Q,1C 2C 2P,1C 5Q 7Q 8Q,2I 7I,2026-09-12
2TER,2TER_MSM7,TWIVP6050_CONE NONE,True,SEPT ASTERX SB,True,4.8.4,True,99.5,81.28,94.12,30.0,36.4,29.2,1C 2L 2W 5Q,1C 2C 2P,1C 5Q 7Q 8Q,2I 7I,2026-09-12
2UBE,2UBE_MSM7,TWIVP6050_CONE NONE,True,SEPT ASTERX SB,True,4.8.4,True,100.0,82.04,90.0,33.9,35.3,27.1,1C 2L 2W 5Q,1C 2C 2P,1C 5Q 7Q 8Q,2I 7I,2026-09-12
2VIE,2VIE_MSM7,TWIVC6050 SCIS,True,SEPT ASTERX SB,True,4.8.4,True,99.79,80.51,99.36,30.0,29.6,25.1,1C 2L 2W 5Q,1C 2C 2P,1C 5Q 7Q 8Q,2I 7I,2026-09-12
2WOR,2WOR_MSM7,CHCA220GR NONE,True,SEPT ASTERX SB,True,4.8.4,True,100.0,79.79,98.55,32.8,42.6,34.5,1C 2L 2W 5Q,1C 2C 2P,1C 5Q 7Q 8Q,2I 7I,2026-09-12
FRAV,Aveze,CHCC220GR2 CHCD,True,TRIMBLE BD990,True,"5.61,27/JUN/2023",True,100.0,74.12,91.67,15.5,21.7,26.7,1C 2W 5X,1C 2C,1X 5X 6X 7X 8X,2I 6I,2026-09-12
FRBA,Barcelonette,CHCC220GR2 CHCD,True,TRIMBLE BD990,True,"5.61,27/JUN/2023",True,100.0,68.25,96.88,14.5,23.9,26.6,1C 2W 5X,1C 1P 2C 2P,1X 5X 6X 7X 8X,2I 6I,2026-09-12
FRCP,Case_De_Pene,CHCC220GR2 CHCD,True,TRIMBLE BD990,True,"5.61,27/JUN/2023",True,95.17,68.14,98.0,15.4,28.6,31.7,1C 2W 5X,1C 1P 2C 2P,1X 5X 7X 8X,2I,2026-09-12
FRCT,Castellane,CHCC220GR2 CHCD,True,TRIMBLE BD990,True,"5.61,27/JUN/2023",True,100.0,66.75,96.43,16.7,21.7,26.2,1C 2W 5X,1C 1P 2C 2P,1X 5X 6X 7X 8X,2I 6I,2026-09-12
FRCA,Castres,CHCC220GR2 CHCD,True,TRIMBLE BD990,True,"5.61,27/JUN/2023",True,100.0,74.87,0.0,15.3,24.2,27.1,1C 2W 5X,1C 2C,1X 5X 6X 7X 8X,2I 6I,2026-09-12
FRCD,Chateau_D_Olonne,CHCC220GR2 CHCD,True,TRIMBLE BD970,True,"5.41,24/APR/2019",True,100.0,81.85,99.94,27.6,21.7,20.0,1C 2W 5X,1C 2C,1X 5X 7X 8X,2I,2026-09-12
FRCN,Crehange,CHCC220GR2 CHCD,True,TRIMBLE BD990,True,"5.61,27/JUN/2023",True,100.0,72.64,94.12,14.1,23.8,15.4,1C 2W 5X,1C 2C,1X 5X 6X 7X 8X,2I 6I,2026-09-12
FRDO,Dontcourt_Aux_Templiers,CHCC220GR2 CHCD,True,TRIMBLE BD990,True,"5.61,27/JUN/2023",True,100.0,73.04,90.91,13.4,22.6,25.5,1C 2W 5X,1C 2C,1X 5X 6X 7X 8X,2I 6I,2026-09-12
FRDZ,Donzere,CHCC220GR2 CHCD,True,TRIMBLE BD990,True,"5.61,27/JUN/2023",True,100.0,74.07,88.89,13.4,20.8,24.3,1C 2W 5X,1C 2C,1X 5X 6X 7X 8X,2I 6I,2026-09-12
FRDY,Doyet,CHCC220GR CHCD,True,TRIMBLE BD970,True,"5.41,24/APR/2019",True,100.0,74.91,99.84,30.5,30.5,27.7,1C 2W 5X,1C 2C,1X 5X 7X 8X,2I,2026-09-12
FRDR,Drucat,CHCC220GR CHCD,True,TRIMBLE BD970,True,"5.41,24/APR/2019",True,99.96,72.93,99.88,29.1,26.5,24.3,1C 2W 5X,1C 2C,1X 5X 7X 8X,2I,2026-09-12
FREB,Ebersheim,CHCC220GR CHCD,True,TRIMBLE BD970,True,"5.41,24/APR/2019",True,99.96,72.75,99.78,28.3,27.6,25.9,1C 2W 5X,1C 2C,1X 5X 7X 8X,2I,2026-09-12
FRGU,Guidel,CHCC220GR CHCD,True,TRIMBLE BD970,True,"5.41,24/APR/2019",True,100.0,66.34,99.66,27.1,26.3,0.0,1C 2W,1C 2C,1X 5X 7X 8X,2I,2026-09-12
FRBO,La_Bourdiniere,CHCC220GR2 CHCD,True,TRIMBLE BD970,True,"5.41,24/APR/2019",True,100.0,66.07,99.17,26.7,23.0,21.6,1C 2W 5X,1C 2C,1X 5X 7X 8X,2I,2026-09-12
FRPE,Le_Puy_En_Velay,CHCC220GR2 CHCD,True,TRIMBLE BD990,True,"5.61,27/JUN/2023",True,99.75,74.11,97.37,14.1,22.5,26.2,1C 2W 5X,1C 2C,1X 5X 6X 7X 8X,2I 6I,2026-09-12
FRMY,Maye,CHCC220GR CHCD,True,TRIMBLE BD970,True,"5.41,24/APR/2019",True,100.0,66.66,99.4,30.7,25.3,26.7,1C 2W 5X,1C 2C,1X 5X 7X 8X,2I,2026-09-12
FRMZ,Mazan,CHCC220GR2 CHCD,True,TRIMBLE BD990,True,"5.61,27/JUN/2023",True,100.0,73.94,75.0,14.7,23.5,29.8,1C 2W 5X,1C 2C,1X 5X 6X 7X 8X,2I 6I,2026-09-12
FRME,Melle,CHCC220GR2 CHCD,True,TRIMBLE BD990,True,"5.61,27/JUN/2023",True,100.0,74.67,88.89,14.1,21.3,22.8,1C 2W 5X,1C 1P 2C 2P,1X 5X 6X 7X 8X,2I 6I,2026-09-12
FRMS,Mours_Saint_Eusebe,CHCC220GR2 CHCD,True,TRIMBLE BD970,True,"5.41,24/APR/2019",True,100.0,68.61,99.76,25.6,19.6,19.9,1C 2W 5X,1C 2C,1X 5X 7X 8X,2I,2026-09-12
FRNE,Neuville,CHCC220GR CHCD,True,TRIMBLE BD970,True,"5.41,24/APR/2019",True,100.0,80.48,99.93,30.5,27.6,25.7,1C 2W 5X,1C 2C,1X 5X 7X 8X,2I,2026-09-12
FRNU,Nuisement,CHCC220GR CHCD,True,TRIMBLE BD970,True,"5.41,24/APR/2019",True,100.0,75.92,99.52,38.9,39.4,41.2,1C 2W 5X,1C 2C,1X 5X 7X 8X,2I,2026-09-12
FRPA,Piau_Engal,CHCC220GR2 CHCD,True,TRIMBLE BD990,True,"5.61,27/JUN/2023",True,48.75,32.95,75.0,15.1,21.0,14.0,1C 1X 2W 5X,1C 1P 2C,1X 5X 6X 7X 8X,2I 6I,2026-09-12
FRPL,Plouhinec,CHCC220GR2 CHCD,True,TRIMBLE BD990,True,"5.61,27/JUN/2023",True,99.75,73.93,87.5,14.9,23.4,26.9,1C 2W 5X,1C 2C,1X 5X 6X 7X 8X,2I 6I,2026-09-12
FRSG,Saint_Georges_Dorques,CHCC220GR2 CHCD,True,TRIMBLE BD990,True,"5.61,27/JUN/2023",True,97.25,71.57,93.75,15.1,27.6,31.9,1C 2W 5X,1C 1P 2C 2P,1X 5X 6X 7X 8X,2I 6I,2026-09-12
FRSL,Sabl,CHCC220GR CHCD,True,TRIMBLE BD990,True,"5.61,27/JUN/2023",True,100.0,78.4,93.75,15.5,24.9,24.3,1C 2W 5X,1C 1P 2C 2P,1X 5X 6X 7X 8X,2I 6I,2026-09-12
FRSN,Saint_Nabord,CHCC220GR2 CHCD,True,TRIMBLE BD990,True,"5.61,27/JUN/2023",True,100.0,73.14,90.0,15.8,25.4,30.1,1C 2W 5X,1C 2C,1X 5X 6X 7X 8X,2I 6I,2026-09-12
FRSU,Sautron,CHCC220GR2 CHCD,True,TRIMBLE BD970,True,"5.41,24/APR/2019",True,100.0,65.57,99.71,26.0,25.8,26.9,1C 2W 5X,1C 2C,1X 5X 7X 8X,2I,2026-09-12
FRSV,Saviere,CHCC220GR2 CHCD,True,TRIMBLE BD990,True,"5.61,27/JUN/2023",True,100.0,71.61,98.41,13.2,23.3,27.6,1C 1X 2W 5X,1C 1P 2C 2P,1X 5X 6X 7X 8X,2I 6I,2026-09-12
FRUN,Ugine,CHCC220GR2 CHCD,True,TRIMBLE BD990,True,"5.61,27/JUN/2023",True,100.0,66.48,94.12,17.0,26.3,28.5,1C 2W 5X,1C 1P 2C 2P,1X 5X 6X 7X 8X,2I 6I,2026-09-12
FRVL,Villevaude,CHCC220GR2 CHCD,True,TRIMBLE BD990,True,"5.61,27/JUN/2023",True,100.0,73.54,66.67,15.6,29.8,19.7,1C 1X 2W 5X,1C 2C,1X 5X 6X 7X 8X,2I 6I,2026-09-12
FRSI,Saint_Pantaleon_De_Larche,CHCC220GR2 CHCD,True,TRIMBLE BD990,True,"5.61,27/JUN/2023",True,100.0,74.8,83.33,14.3,22.9,26.5,1C 2W 5X,1C 2C,1X 5X 6X 7X 8X,2I 6I,2026-09-12
FRCH,Cherbourg,CHCC220GR CHCD,True,TRIMBLE BD970,False,"5.41,24/APR/2019",False,100.0,73.93,92.31,13.3,19.9,14.6,1C 2W 2X 5X,1C 2C,1X 5X 7X 8X,2I 6I,2026-09-12
FREG,Egletons,CHCC220GR2 CHCD,True,TRIMBLE BD970,True,"5.41,24/APR/2019",True,100.0,77.99,99.92,31.1,31.0,29.8,1C 2W 5X,1C 2C,1X 5X 7X 8X,2I,2026-09-12
FRCV,Cavaillon,CHCC220GR2 CHCD,True,TRIMBLE BD990,True,"5.61,27/JUN/2023",True,100.0,73.92,66.67,13.8,26.0,28.9,1C 2W 2X 5X,1C 2C,1X 5X 6X 7X 8X,2I 6I,2026-09-12
FRVD,Vidauban,CHCC220GR2 CHCD,True,TRIMBLE BD990,True,"5.61,27/JUN/2023",True,100.0,69.11,99.15,21.4,37.8,24.7,1C 1X 2W 5X,1C 1P 2C 2P,1X 5X 6X 7X 8X,2I 6I,2026-09-12
NODS,Nods,TPSCR.G5 TPSH,True,TPS NET-G5,True,5.6.1+2410301224,False,100.0,81.83,99.08,28.3,27.8,21.7,1C 1W 1X 2W 2X 5X,1C 1P 2C 2P,1X 5X 6X 7X 8X,2I 6I 7I,2026-09-12
LEST,Les_Thioleyres,TPSCR.G5 TPSH,True,TPS NET-G5,True,5.6.1+2410301224,False,100.0,88.25,98.63,27.1,29.1,20.8,1C 1W 1X 2W 2X 5X,1C 1P 2C 2P,1X 5X 6X 7X 8X,2I 6I 7I,2026-09-12
CHSY,Satigny,TPSCR.G5 TPSH,True,TPS NET-G5,True,5.6.1+2410301224,False,100.0,87.71,98.72,34.4,34.2,21.1,1C 1W 1X 2W 2X 5X,1C 1P 2C 2P,1X 5X 6X 7X 8X,2I 6I 7I,2026-09-12
2ANG,2ANG_MSM7,TWIVP6050_CONE NONE,True,SEPT ASTERX SB,True,4.8.4,True,99.79,79.19,97.87,28.9,34.5,29.0,1C 2L 2W 5Q,1C 2C 2P,1C 5Q 7Q 8Q,2I 7I,2026-09-13
2ANN,2ANN_MSM7,TWIVC6050 SCIS,True,SEPT ASTERX SB,True,4.8.4,True,99.54,78.54,98.77,18.7,18.9,14.3,1C 2L 2W 5Q,1C 2C 2P,1C 5Q 7Q 8Q,2I 7I,2026-09-13
2AUC,2AUC_MSM7,TWIVC6050 SCIS,True,SEPT ASTERX SB,True,4.8.4,True,99.79,80.32,99.79,34.3,36.6,31.9,1C 2L 2W 5Q,1C 2C 2P,1C 5Q 7Q 8Q,2I 7I,2026-09-13
2BAL,2BAL_MSM7,TWIVC6050 SCIS,True,SEPT ASTERX SB,True,4.8.4,True,95.12,75.68,99.25,20.3,20.7,16.9,1C 2L 2W 5Q,1C 2C 2P,1C 5Q 7Q 8Q,2I 7I,2026-09-13
2BAS,2BAS_MSM7,TWIVC6050 SCIS,True,SEPT ASTERX SB,True,4.8.4,True,100.0,77.12,85.71,22.6,24.5,19.9,1C 2L 2W 5Q,1C 2C 2P,1C 5Q 7Q 8Q,2I 7I,2026-09-13
2BIL,2BIL_MSM7,TWIVP6050_CONE NONE,True,SEPT ASTERX SB,True,4.8.4,True,99.75,77.05,99.52,32.0,36.2,26.8,1C 2L 2W 5Q,1C 2C 2P,1C 5Q 7Q 8Q,2I 7I,2026-09-13
2CAS,2CAS_MSM7,TWIVC6050 SCIS,True,NOV OEM7700-1.02,True,OM7CR0800RN0000,True,100.0,78.48,98.67,40.3,33.0,26.9,1C 2S 2W 5Q,1C 2C 2P,1C 5Q 7Q 8Q,2I 6I 7I,2026-09-13
2CHR,2CHR_MSM7,TRM77971.00 NONE,True,SEPT ASTERX SB,True,4.8.4,True,100.0,79.71,99.4,30.3,34.2,27.2,1C 2L 2W 5Q,1C 2C 2P,1C 5Q 7Q 8Q,2I 7I,2026-09-13
2CIU,2CIU_MSM7,TWIVP6050_CONE NONE,True,SEPT ASTERX SB,True,4.8.4,True,100.0,81.1,99.4,35.0,40.9,33.9,1C 2L 2W 5Q,1C 2C 2P,1C 5Q 7Q 8Q,2I 7I,2026-09-13
2CLI,2CLI_MSM7,CHCA220GR NONE,False,SEPT ASTERX SB,True,4.8.4,True,100.0,79.97,99.38,31.1,39.2,30.8,1C 2L 2W 5Q,1C 2C 2P,1C 5Q 7Q 8Q,2I 7I,2026-09-13
2CUM,2CUM_MSM7,TWIVP6050_CONE NONE,True,SEPT ASTERX SB,True,4.8.4,True,99.54,79.14,99.3,30.4,34.7,27.3,1C 2L 2W 5Q,1C 2C 2P,1C 5Q 7Q 8Q,2I 7I,2026-09-13
2DUN,2DUN_MSM7,TWIVP6050_CONE NONE,True,SEPT ASTERX SB,True,4.8.4,True,99.58,81.06,99.86,33.2,37.2,31.0,1C 2L 2W 5Q,1C 2C 2P,1C 5Q 7Q 8Q,2I 7I,2026-09-13
2FIG,2FIG_MSM7,TWIVC6050 SCIS,True,SEPT ASTERX SB,True,4.8.4,True,100.0,78.34,98.99,20.7,22.3,18.7,1C 2L 2W 5Q,1C 2C 2P,1C 5Q 7Q 8Q,2I 7I,2026-09-13
2GAW,2GAW_MSM7,TWIVC6050 SCIS,True,SEPT ASTERX SB,True,4.8.4,True,100.0,79.52,97.62,24.9,27.9,22.6,1C 2L 2W 5Q,1C 2C 2P,1C 5Q 7Q 8Q,2I 7I,2026-09-13
2IMP,2IMP_MSM7,TWIVP6050_CONE NONE,True,SEPT ASTERX SB,True,4.8.4,True,100.0,77.22,96.0,32.3,34.3,26.3,1C 2L 2W 5Q,1C 2C 2P,1C 5Q 7Q 8Q,2I 7I,2026-09-13
2INV,2INV_MSM7,TWIVP6050_CONE NONE,True,SEPT ASTERX SB,True,4.8.4,True,99.79,81.97,99.73,34.0,37.3,30.3,1C 2L 2W 5Q,1C 2C 2P,1C 5Q 7Q 8Q,2I 7I,2026-09-13
2KIR,2KIR_MSM7,TWIVC6050 SCIS,True,SEPT ASTERX SB,True,4.8.4,True,100.0,82.52,97.78,22.2,23.3,18.0,1C 2L 2W 5Q,1C 2C 2P,1C 5Q 7Q 8Q,2I 7I,2026-09-13
2LIA,2LIA_MSM7,TWIVP6050_CONE NONE,True,SEPT ASTERX SB,True,4.8.4,True,99.71,79.07,93.33,33.8,39.4,29.7,1C 2L 2W 5Q,1C 2C 2P,1C 5Q 7Q 8Q,2I 7I,2026-09-13
2NER,2NER_MSM7,TWIVC6050 SCIS,True,SEPT ASTERX SB,True,4.8.4,True,100.0,79.41,98.46,21.2,22.4,18.3,1C 2L 2W 5Q,1C 2C 2P,1C 5Q 7Q 8Q,2I 7I,2026-09-13
2OBA,2OBA_MSM7,TWIVP6050_CONE NONE,True,SEPT ASTERX SB,True,4.8.4,True,99.79,80.78,99.56,29.8,35.5,30.7,1C 2L 2W 5Q,1C 2C 2P,1C 5Q 7Q 8Q,2I 7I,2026-09-13
2PIM,2PIM_MSM7,TRM77971.00 NONE,True,SEPT ASTERX SB,True,4.8.4,True,100.0,80.05,98.15,48.3,45.7,39.2,1C 2L 2W 5Q,1C 2C 2P,1C 5Q 7Q 8Q,2I 7I,2026-09-13
2SAL,2SAL_MSM7,TWIVP6050_CONE NONE,True,SEPT ASTERX SB,True,4.8.4,True,99.79,80.46,99.81,26.3,31.6,27.6,1C 2L 2W 5Q,1C 2C 2P,1C 5Q 7Q 8Q,2I 7I,2026-09-13
2TER,2TER_MSM7,TWIVP6050_CONE NONE,True,SEPT ASTERX SB,True,4.8.4,True,100.0,81.05,98.36,30.2,36.2,28.7,1C 2L 2W 5Q,1C 2C 2P,1C 5Q 7Q 8Q,2I 7I,2026-09-13
2UBE,2UBE_MSM7,TWIVP6050_CONE NONE,True,SEPT ASTERX SB,True,4.8.4,True,100.0,81.21,98.78,34.1,35.5,27.6,1C 2L 2W 5Q,1C 2C 2P,1C 5Q 7Q 8Q,2I 7I,2026-09-13
2VIE,2VIE_MSM7,TWIVC6050 SCIS,True,SEPT ASTERX SB,True,4.8.4,True,99.75,79.78,99.48,30.5,30.0,25.6,1C 2L 2W 5Q,1C 2C 2P,1C 5Q 7Q 8Q,2I 7I,2026-09-13
2WOR,2WOR_MSM7,CHCA220GR NONE,True,SEPT ASTERX SB,True,4.8.4,True,99.96,79.39,99.4,35.4,46.3,36.6,1C 2L 2W 5Q,1C 2C 2P,1C 5Q 7Q 8Q,2I 7I,2026-09-13
FRAV,Aveze,CHCC220GR2 CHCD,True,TRIMBLE BD990,True,"5.61,27/JUN/2023",True,100.0,73.26,92.86,15.6,21.5,27.0,1C 2W 5X,1C 2C,1X 5X 6X 7X 8X,2I 6I,2026-09-13
FRBA,Barcelonette,CHCC220GR2 CHCD,True,TRIMBLE BD990,True,"5.61,27/JUN/2023",True,100.0,67.96,94.45,14.7,24.4,26.9,1C 2W 5X,1C 2C 2P,1X 5X 6X 7X 8X,2I 6I,2026-09-13
FRCP,Case_De_Pene,CHCC220GR2 CHCD,True,TRIMBLE BD990,True,"5.61,27/JUN/2023",True,88.62,62.83,98.11,15.5,28.1,31.4,1C 2W 5X,1C 1P 2C 2P,1X 5X 7X 8X,2I,2026-09-13
FRCT,Castellane,CHCC220GR2 CHCD,True,TRIMBLE BD990,True,"5.61,27/JUN/2023",True,100.0,65.98,96.43,16.8,21.6,25.9,1C 2W 5X,1C 1P 2C 2P,1X 5X 6X 7X 8X,2I 6I,2026-09-13
FRCA,Castres,CHCC220GR2 CHCD,True,TRIMBLE BD990,True,"5.61,27/JUN/2023",True,100.0,73.93,80.0,15.1,24.5,26.5,1C 2W 5X,1C 2C,1X 5X 6X 7X 8X,2I 6I,2026-09-13
FRCD,Chateau_D_Olonne,CHCC220GR2 CHCD,True,TRIMBLE BD970,True,"5.41,24/APR/2019",True,100.0,80.89,99.94,27.0,21.6,19.7,1C 2W 5X,1C 2C,1X 5X 7X 8X,2I,2026-09-13
FRCN,Crehange,CHCC220GR2 CHCD,True,TRIMBLE BD990,True,"5.61,27/JUN/2023",True,100.0,71.96,94.44,13.8,23.3,15.2,1C 2W 5X,1C 2C,1X 5X 6X 7X 8X,2I 6I,2026-09-13
FRDO,Dontcourt_Aux_Templiers,CHCC220GR2 CHCD,True,TRIMBLE BD990,True,"5.61,27/JUN/2023",True,100.0,72.34,91.67,13.1,21.7,25.3,1C 2W 5X,1C 2C,1X 5X 6X 7X 8X,2I 6I,2026-09-13
FRDZ,Donzere,CHCC220GR2 CHCD,True,TRIMBLE BD990,True,"5.61,27/JUN/2023",True,100.0,73.24,75.0,13.5,21.2,24.9,1C 2W 5X,1C 2C 2P,1X 5X 6X 7X 8X,2I 6I,2026-09-13
FRDY,Doyet,CHCC220GR CHCD,True,TRIMBLE BD970,True,"5.41,24/APR/2019",True,100.0,73.7,99.83,30.2,31.1,27.4,1C 2W 5X,1C 2C,1X 5X 7X 8X,2I,2026-09-13
FRDR,Drucat,CHCC220GR CHCD,True,TRIMBLE BD970,True,"5.41,24/APR/2019",True,100.0,72.46,99.88,29.3,26.5,23.9,1C 2W 5X,1C 2C,1X 5X 7X 8X,2I,2026-09-13
FREB,Ebersheim,CHCC220GR CHCD,True,TRIMBLE BD970,True,"5.41,24/APR/2019",True,99.96,72.36,99.83,28.1,27.2,25.6,1C 2W 5X,1C 2C,1X 5X 7X 8X,2I,2026-09-13
FRGU,Guidel,CHCC220GR CHCD,True,TRIMBLE BD970,True,"5.41,24/APR/2019",True,100.0,65.28,99.67,27.1,26.4,0.0,1C 2W,1C 2C,1X 5X 7X 8X,2I,2026-09-13
FRBO,La_Bourdiniere,CHCC220GR2 CHCD,True,TRIMBLE BD970,True,"5.41,24/APR/2019",True,100.0,65.02,98.85,26.5,23.1,21.7,1C 2W 5X,1C 2C,1X 5X 7X 8X,2I,2026-09-13
FRPE,Le_Puy_En_Velay,CHCC220GR2 CHCD,True,TRIMBLE BD990,True,"5.61,27/JUN/2023",True,100.0,73.41,97.44,13.8,22.0,25.8,1C 2W 5X,1C 2C,1X 5X 6X 7X 8X,2I 6I,2026-09-13
FRMY,Maye,CHCC220GR CHCD,True,TRIMBLE BD970,True,"5.41,24/APR/2019",True,100.0,65.53,99.27,30.3,25.0,26.8,1C 2W 5X,1C 2C,1X 5X 7X 8X,2I,2026-09-13
FRMZ,Mazan,CHCC220GR2 CHCD,True,TRIMBLE BD990,True,"5.61,27/JUN/2023",True,100.0,73.17,80.0,14.9,23.3,30.0,1C 2W 5X,1C 2C,1X 5X 6X 7X 8X,2I 6I,2026-09-13
FRME,Melle,CHCC220GR2 CHCD,True,TRIMBLE BD990,True,"5.61,27/JUN/2023",True,100.0,74.28,90.91,14.2,21.4,23.1,1C 2W 5X,1C 2C 2P,1X 5X 6X 7X 8X,2I 6I,2026-09-13
FRMS,Mours_Saint_Eusebe,CHCC220GR2 CHCD,True,TRIMBLE BD970,True,"5.41,24/APR/2019",True,100.0,67.43,99.65,26.0,19.9,20.0,1C 2W 5X,1C 2C,1X 5X 7X 8X,2I,2026-09-13
FRNE,Neuville,CHCC220GR CHCD,True,TRIMBLE BD970,True,"5.41,24/APR/2019",True,100.0,79.05,99.93,30.7,27.9,25.9,1C 2W 5X,1C 2C,1X 5X 7X 8X,2I,2026-09-13
FRNU,Nuisement,CHCC220GR CHCD,True,TRIMBLE BD970,True,"5.41,24/APR/2019",True,100.0,75.17,99.57,38.9,39.7,40.8,1C 2W 5X,1C 2C,1X 5X 7X 8X,2I,2026-09-13
FRPL,Plouhinec,CHCC220GR2 CHCD,True,TRIMBLE BD990,True,"5.61,27/JUN/2023",True,99.75,73.47,87.5,15.0,23.8,27.6,1C 2W 5X,1C 1P 2C 2P,1X 5X 6X 7X 8X,2I 6I,2026-09-13
FRSG,Saint_Georges_Dorques,CHCC220GR2 CHCD,True,TRIMBLE BD990,True,"5.61,27/JUN/2023",True,99.12,72.09,97.5,15.4,27.2,33.3,1C 2W 5X,1C 1P 2C 2P,1X 5X 6X 7X 8X,2I 6I,2026-09-13
FRSL,Sabl,CHCC220GR CHCD,True,TRIMBLE BD990,True,"5.61,27/JUN/2023",True,100.0,77.82,75.0,15.7,25.1,23.9,1C 2W 5X,1C 2C,1X 5X 6X 7X 8X,2I 6I,2026-09-13
FRSN,Saint_Nabord,CHCC220GR2 CHCD,True,TRIMBLE BD990,True,"5.61,27/JUN/2023",True,99.75,72.05,66.67,15.4,25.6,29.8,1C 2W 5X,1C 2C,1X 5X 6X 7X 8X,2I 6I,2026-09-13
FRSU,Sautron,CHCC220GR2 CHCD,True,TRIMBLE BD970,True,"5.41,24/APR/2019",True,100.0,64.88,99.68,26.4,25.7,28.1,1C 2W 5X,1C 2C,1X 5X 7X 8X,2I,2026-09-13
FRSV,Saviere,CHCC220GR2 CHCD,True,TRIMBLE BD990,True,"5.61,27/JUN/2023",True,100.0,71.05,98.72,13.5,23.4,27.7,1C 1X 2W 5X,1C 1P 2C 2P,1X 5X 6X 7X 8X,2I 6I,2026-09-13
FRUN,Ugine,CHCC220GR2 CHCD,True,TRIMBLE BD990,True,"5.61,27/JUN/2023",True,100.0,65.55,96.15,17.0,26.2,28.8,1C 2W 5X,1C 1P 2C 2P,1X 5X 6X 7X 8X,2I 6I,2026-09-13
FRVL,Villevaude,CHCC220GR2 CHCD,True,TRIMBLE BD990,True,"5.61,27/JUN/2023",True,99.75,72.78,50.0,15.7,29.9,20.4,1C 1X 2W 5X,1C 2C,1X 5X 6X 7X 8X,2I 6I,2026-09-13
FRSI,Saint_Pantaleon_De_Larche,CHCC220GR2 CHCD,True,TRIMBLE BD990,True,"5.61,27/JUN/2023",True,100.0,74.2,88.89,14.2,22.6,26.3,1C 2W 5X,1C 2C,1X 5X 6X 7X 8X,2I 6I,2026-09-13
FRCH,Cherbourg,CHCC220GR CHCD,True,TRIMBLE BD970,False,"5.41,24/APR/2019",False,100.0,73.56,91.67,13.0,19.9,14.4,1C 2W 2X 5X,1C 2C,1X 5X 7X 8X,2I 6I,2026-09-13
FREG,Egletons,CHCC220GR2 CHCD,True,TRIMBLE BD970,True,"5.41,24/APR/2019",True,100.0,76.73,99.93,30.0,31.0,30.4,1C 2W 5X,1C 2C,1X 5X 7X 8X,2I,2026-09-13
FRCV,Cavaillon,CHCC220GR2 CHCD,True,TRIMBLE BD990,True,"5.61,27/JUN/2023",True,100.0,73.2,66.67,14.0,26.1,29.8,1C 2W 2X 5X,1C 2C,1X 5X 6X 7X 8X,2I 6I,2026-09-13
FRVD,Vidauban,CHCC220GR2 CHCD,True,TRIMBLE BD990,True,"5.61,27/JUN/2023",True,100.0,69.21,99.11,21.9,38.4,24.8,1C 1X 2W 5X,1C 1P 2C 2P,1X 5X 6X 7X 8X,2I 6I,2026-09-13
NODS,Nods,TPSCR.G5 TPSH,True,TPS NET-G5,True,5.6.1+2410301224,False,99.96,80.72,99.08,28.0,28.2,20.5,1C 1W 1X 2W 2X 5X,1C 1P 2C 2P,1X 5X 6X 7X 8X,2I 6I 7I,2026-09-13
LEST,Les_Thioleyres,TPSCR.G5 TPSH,True,TPS NET-G5,True,5.6.1+2410301224,False,100.0,87.44,98.86,27.9,29.5,21.3,1C 1W 1X 2W 2X 5X,1C 1P 2C 2P,1X 5X 6X 7X 8X,2I 6I 7I,2026-09-13
CHSY,Satigny,TPSCR.G5 TPSH,True,TPS NET-G5,True,5.6.1+2410301224,False,100.0,86.88,99.25,33.8,33.6,20.8,1C 1W 1X 2W 2X 5X,1C 1P 2C 2P,1X 5X 6X 7X 8X,2I 6I 7I,2026-09-13
2ANG,2ANG_MSM7,TWIVP6050_CONE NONE,True,SEPT ASTERX SB,True,4.8.4,True,100.0,79.54,97.14,28.7,34.1,28.4,1C 2L 2W 5Q,1C 2C 2P,1C 5Q 7Q 8Q,2I 7I,2026-09-14
2ANN,2ANN_MSM7,TWIVC6050 SCIS,True,SEPT ASTERX SB,True,4.8.4,True,99.75,79.03,96.43,18.7,18.7,14.4,1C 2L 2W 5Q,1C 2C 2P,1C 5Q 7Q 8Q,2I 7I,2026-09-14
2AUC,2AUC_MSM7,TWIVC6050 SCIS,True,SEPT ASTERX SB,True,4.8.4,True,99.96,80.87,99.8,33.5,36.3,31.5,1C 2L 2W 5Q,1C 2C 2P,1C 5Q 7Q 8Q,2I 7I,2026-09-14
2BAL,2BAL_MSM7,TWIVC6050 SCIS,True,SEPT ASTERX SB,True,4.8.4,True,99.96,80.79,99.47,20.3,21.0,17.4,1C 2L 2W 5Q,1C 2C 2P,1C 5Q 7Q 8Q,2I 7I,2026-09-14
2BAS,2BAS_MSM7,TWIVC6050 SCIS,True,SEPT ASTERX SB,True,4.8.4,True,99.33,77.1,87.5,22.4,24.3,19.4,1C 2L 2W 5Q,1C 2C 2P,1C 5Q 7Q 8Q,2I 7I,2026-09-14
2BIL,2BIL_MSM7,TWIVP6050_CONE NONE,True,SEPT ASTERX SB,True,4.8.4,True,100.0,77.78,99.43,31.9,36.2,27.6,1C 2L 2W 5Q,1C 2C 2P,1C 5Q 7Q 8Q,2I 7I,2026-09-14
2CAS,2CAS_MSM7,TWIVC6050 SCIS,True,NOV OEM7700-1.02,True,OM7CR0800RN0000,True,100.0,78.51,98.68,41.7,32.4,26.6,1C 2S 2W 5Q,1C 2C 2P,1C 5Q 7Q 8Q,2I 6I 7I,2026-09-14
2CHR,2CHR_MSM7,TRM77971.00 NONE,True,SEPT ASTERX SB,True,4.8.4,True,100.0,80.02,99.38,30.1,33.4,27.6,1C 2L 2W 5Q,1C 2C 2P,1C 5Q 7Q 8Q,2I 7I,2026-09-14
2CIU,2CIU_MSM7,TWIVP6050_CONE NONE,True,SEPT ASTERX SB,True,4.8.4,True,99.79,81.09,99.28,35.3,41.9,34.2,1C 2L 2W 5Q,1C 2C 2P,1C 5Q 7Q 8Q,2I 7I,2026-09-14
2CLI,2CLI_MSM7,CHCA220GR NONE,False,SEPT ASTERX SB,True,4.8.4,True,99.25,79.86,98.81,30.2,38.5,30.9,1C 2L 2W 5Q,1C 2C 2P,1C 5Q 7Q 8Q,2I 7I,2026-09-14
2CUM,2CUM_MSM7,TWIVP6050_CONE NONE,True,SEPT ASTERX SB,True,4.8.4,True,100.0,80.92,97.83,31.0,35.0,27.4,1C 2L 2W 5Q,1C 2C 2P,1C 5Q 7Q 8Q,2I 7I,2026-09-14
2DUN,2DUN_MSM7,TWIVP6050_CONE NONE,True,SEPT ASTERX SB,True,4.8.4,True,99.38,81.37,99.87,32.9,37.2,31.0,1C 2L 2W 5Q,1C 2C 2P,1C 5Q 7Q 8Q,2I 7I,2026-09-14
2FIG,2FIG_MSM7,TWIVC6050 SCIS,True,SEPT ASTERX SB,True,4.8.4,True,100.0,78.72,98.22,20.4,22.0,18.1,1C 2L 2W 5Q,1C 2C 2P,1C 5Q 7Q 8Q,2I 7I,2026-09-14
2GAW,2GAW_MSM7,TWIVC6050 SCIS,True,SEPT ASTERX SB,True,4.8.4,True,99.79,79.65,98.44,24.0,27.3,22.3,1C 2L 2W 5Q,1C 2C 2P,1C 5Q 7Q 8Q,2I 7I,2026-09-14
2IMP,2IMP_MSM7,TWIVP6050_CONE NONE,True,SEPT ASTERX SB,True,4.8.4,True,100.0,77.78,95.24,32.6,34.4,26.2,1C 2L 2W 5Q,1C 2C 2P,1C 5Q 7Q 8Q,2I 7I,2026-09-14
2INV,2INV_MSM7,TWIVP6050_CONE NONE,True,SEPT ASTERX SB,True,4.8.4,True,99.75,82.35,99.76,34.0,37.5,30.8,1C 2L 2W 5Q,1C 2C 2P,1C 5Q 7Q 8Q,2I 7I,2026-09-14
2KIR,2KIR_MSM7,TWIVC6050 SCIS,True,SEPT ASTERX SB,True,4.8.4,True,99.75,82.66,98.73,21.8,23.3,18.0,1C 2L 2W 5Q,1C 2C 2P,1C 5Q 7Q 8Q,2I 7I,2026-09-14
2LIA,2LIA_MSM7,TWIVP6050_CONE NONE,True,SEPT ASTERX SB,True,4.8.4,True,99.79,79.1,98.15,33.9,39.3,30.2,1C 2L 2W 5Q,1C 2C 2P,1C 5Q 7Q 8Q,2I 7I,2026-09-14
2NER,2NER_MSM7,TWIVC6050 SCIS,True,SEPT ASTERX SB,True,4.8.4,True,99.79,79.36,98.72,20.5,21.8,17.8,1C 2L 2W 5Q,1C 2C 2P,1C 5Q 7Q 8Q,2I 7I,2026-09-14
2OBA,2OBA_MSM7,TWIVP6050_CONE NONE,True,SEPT ASTERX SB,True,4.8.4,True,99.29,80.83,99.56,28.8,34.8,29.9,1C 2L 2W 5Q,1C 2C 2P,1C 5Q 7Q 8Q,2I 7I,2026-09-14
2PIM,2PIM_MSM7,TRM77971.00 NONE,True,SEPT ASTERX SB,True,4.8.4,True,100.0,80.43,98.18,48.4,45.8,38.5,1C 2L 2W 5Q,1C 2C 2P,1C 5Q 7Q 8Q,2I 7I,2026-09-14
2SAL,2SAL_MSM7,TWIVP6050_CONE NONE,True,SEPT ASTERX SB,True,4.8.4,True,99.79,80.92,99.82,25.8,31.2,26.0,1C 2L 2W 5Q,1C 2C 2P,1C 5Q 7Q 8Q,2I 7I,2026-09-14
2TER,2TER_MSM7,TWIVP6050_CONE NONE,True,SEPT ASTERX SB,True,4.8.4,True,99.58,80.86,98.15,29.7,36.2,28.6,1C 2L 2W 5Q,1C 2C 2P,1C 5Q 7Q 8Q,2I 7I,2026-09-14
2UBE,2UBE_MSM7,TWIVP6050_CONE NONE,True,SEPT ASTERX SB,True,4.8.4,True,100.0,81.45,94.44,34.1,35.5,28.1,1C 2L 2W 5Q,1C 2C 2P,1C 5Q 7Q 8Q,2I 7I,2026-09-14
2VIE,2VIE_MSM7,TWIVC6050 SCIS,True,SEPT ASTERX SB,True,4.8.4,True,99.75,80.21,99.1,30.6,29.6,24.8,1C 2L 2W 5Q,1C 2C 2P,1C 5Q 7Q 8Q,2I 7I,2026-09-14
2WOR,2WOR_MSM7,CHCA220GR NONE,True,SEPT ASTERX SB,True,4.8.4,True,99.75,79.54,98.72,35.5,41.4,34.9,1C 2L 2W 5Q,1C 2C 2P,1C 5Q 7Q 8Q,2I 7I,2026-09-14
FRAV,Aveze,CHCC220GR2 CHCD,True,TRIMBLE BD990,True,"5.61,27/JUN/2023",True,100.0,73.51,91.67,15.7,21.7,26.9,1C 2W 5X,1C 1P 2C,1X 5X 6X 7X 8X,2I 6I,2026-09-14
FRBA,Barcelonette,CHCC220GR2 CHCD,True,TRIMBLE BD990,True,"5.61,27/JUN/2023",True,100.0,68.12,95.24,14.4,23.8,26.5,1C 2W 5X,1C 1P 2C,1X 5X 6X 7X 8X,2I 6I,2026-09-14
FRCP,Case_De_Pene,CHCC220GR2 CHCD,True,TRIMBLE BD990,True,"5.61,27/JUN/2023",True,95.33,68.61,97.56,15.5,28.1,31.2,1C 2W 5X,1C 1P 2C 2P,1X 5X 7X 8X,2I,2026-09-14
FRCT,Castellane,CHCC220GR2 CHCD,True,TRIMBLE BD990,True,"5.61,27/JUN/2023",True,100.0,66.28,94.12,16.8,21.7,26.0,1C 2W 5X,1C 1P 2C 2P,1X 5X 6X 7X 8X,2I 6I,2026-09-14
FRCA,Castres,CHCC220GR2 CHCD,True,TRIMBLE BD990,True,"5.61,27/JUN/2023",True,100.0,73.98,50.0,15.4,24.0,27.5,1C 2W 5X,1C 2C,1X 5X 6X 7X 8X,2I 6I,2026-09-14
FRCD,Chateau_D_Olonne,CHCC220GR2 CHCD,True,TRIMBLE BD970,True,"5.41,24/APR/2019",True,100.0,80.98,99.94,26.8,21.5,20.0,1C 2W 5X,1C 2C,1X 5X 7X 8X,2I,2026-09-14
FRCN,Crehange,CHCC220GR2 CHCD,True,TRIMBLE BD990,True,"5.61,27/JUN/2023",True,100.0,72.29,93.33,13.9,23.5,15.5,1C 2W 5X,1C 2C 2P,1X 5X 6X 7X 8X,2I 6I,2026-09-14
FRDO,Dontcourt_Aux_Templiers,CHCC220GR2 CHCD,True,TRIMBLE BD990,True,"5.61,27/JUN/2023",True,100.0,72.55,88.89,13.2,21.7,25.6,1C 2W 5X,1C 2C,1X 5X 6X 7X 8X,2I 6I,2026-09-14
FRDZ,Donzere,CHCC220GR2 CHCD,True,TRIMBLE BD990,True,"5.61,27/JUN/2023",True,100.0,73.52,83.33,13.3,20.9,24.5,1C 2W 5X,1C 2C,1X 5X 6X 7X 8X,2I 6I,2026-09-14
FRDY,Doyet,CHCC220GR CHCD,True,TRIMBLE BD970,True,"5.41,24/APR/2019",True,100.0,74.24,99.85,30.2,30.1,27.2,1C 2W 5X,1C 2C,1X 5X 7X 8X,2I,2026-09-14
FRDR,Drucat,CHCC220GR CHCD,True,TRIMBLE BD970,True,"5.41,24/APR/2019",True,99.75,72.27,99.87,29.1,27.0,25.3,1C 2W 5X,1C 2C,1X 5X 7X 8X,2I,2026-09-14
FREB,Ebersheim,CHCC220GR CHCD,True,TRIMBLE BD970,True,"5.41,24/APR/2019",True,100.0,73.07,99.78,28.8,27.3,26.0,1C 2W 5X,1C 2C,1X 5X 7X 8X,2I,2026-09-14
FRGU,Guidel,CHCC220GR CHCD,True,TRIMBLE BD970,True,"5.41,24/APR/2019",True,100.0,65.32,99.62,27.1,26.6,0.0,1C 2W,1C 2C,1X 5X 7X 8X,2I,2026-09-14
FRBO,La_Bourdiniere,CHCC220GR2 CHCD,True,TRIMBLE BD970,True,"5.41,24/APR/2019",True,100.0,65.22,99.12,26.8,23.4,21.9,1C 2W 5X,1C 2C,1X 5X 7X 8X,2I,2026-09-14
FRPE,Le_Puy_En_Velay,CHCC220GR2 CHCD,True,TRIMBLE BD990,True,"5.61,27/JUN/2023",True,100.0,73.71,97.56,14.0,22.3,26.1,1C 2W 5X,1C 2C,1X 5X 6X 7X 8X,2I 6I,2026-09-14
FRMY,Maye,CHCC220GR CHCD,True,TRIMBLE BD970,True,"5.41,24/APR/2019",True,100.0,65.7,99.41,30.6,25.4,26.8,1C 2W 5X,1C 2C,1X 5X 7X 8X,2I,2026-09-14
FRMZ,Mazan,CHCC220GR2 CHCD,True,TRIMBLE BD990,True,"5.61,27/JUN/2023",True,100.0,73.44,0.0,15.0,23.6,30.3,1C 2W 5X,1C 2C,1X 5X 6X 7X 8X,2I 6I,2026-09-14
FRME,Melle,CHCC220GR2 CHCD,True,TRIMBLE BD990,True,"5.61,27/JUN/2023",True,99.75,74.05,66.67,14.2,21.6,23.8,1C 2W 5X,1C 2C 2P,1X 5X 6X 7X 8X,2I 6I,2026-09-14
FRMS,Mours_Saint_Eusebe,CHCC220GR2 CHCD,True,TRIMBLE BD970,True,"5.41,24/APR/2019",True,100.0,68.08,99.71,25.6,19.5,19.4,1C 2W 5X,1C 2C,1X 5X 7X 8X,2I,2026-09-14
FRNE,Neuville,CHCC220GR CHCD,True,TRIMBLE BD970,True,"5.41,24/APR/2019",True,100.0,79.19,99.93,30.6,27.3,25.9,1C 2W 5X,1C 2C,1X 5X 7X 8X,2I,2026-09-14
FRNU,Nuisement,CHCC220GR CHCD,True,TRIMBLE BD970,True,"5.41,24/APR/2019",True,100.0,75.11,99.38,38.0,40.0,40.9,1C 2W 5X,1C 2C,1X 5X 7X 8X,2I,2026-09-14
FRPA,Piau_Engal,CHCC220GR2 CHCD,True,TRIMBLE BD990,True,"5.61,27/JUN/2023",True,71.79,49.28,95.24,15.1,21.7,13.7,1C 1X 2W 5X,1C 2C,1X 5X 6X 7X 8X,2I 6I,2026-09-14
FRPL,Plouhinec,CHCC220GR2 CHCD,True,TRIMBLE BD990,True,"5.61,27/JUN/2023",True,99.75,73.69,75.0,15.0,23.8,27.3,1C 2W 5X,1C 2C,1X 5X 6X 7X 8X,2I 6I,2026-09-14
FRSG,Saint_Georges_Dorques,CHCC220GR2 CHCD,True,TRIMBLE BD990,True,"5.61,27/JUN/2023",True,99.75,72.67,95.83,15.3,27.5,32.7,1C 2W 5X,1C 1P 2C 2P,1X 5X 6X 7X 8X,2I 6I,2026-09-14
FRSL,Sabl,CHCC220GR CHCD,True,TRIMBLE BD990,True,"5.61,27/JUN/2023",True,100.0,78.07,93.75,15.6,24.8,23.9,1C 2W 5X,1C 1P 2C,1X 5X 6X 7X 8X,2I 6I,2026-09-14
FRSN,Saint_Nabord,CHCC220GR2 CHCD,True,TRIMBLE BD990,True,"5.61,27/JUN/2023",True,100.0,72.49,88.89,15.5,25.1,29.5,1C 2W 5X,1C 2C 2P,1X 5X 6X 7X 8X,2I 6I,2026-09-14
FRSU,Sautron,CHCC220GR2 CHCD,True,TRIMBLE BD970,True,"5.41,24/APR/2019",True,100.0,64.82,99.74,26.3,25.6,27.1,1C 2W 5X,1C 2C,1X 5X 7X 8X,2I,2026-09-14
FRSV,Saviere,CHCC220GR2 CHCD,True,TRIMBLE BD990,True,"5.61,27/JUN/2023",True,100.0,71.07,98.33,13.4,23.6,28.3,1C 1X 2W 5X,1C 1P 2C 2P,1X 5X 6X 7X 8X,2I 6I,2026-09-14
FRUN,Ugine,CHCC220GR2 CHCD,True,TRIMBLE BD990,True,"5.61,27/JUN/2023",True,100.0,65.94,94.74,16.8,26.3,28.9,1C 2W 5X,1C 1P 2C 2P,1X 5X 6X 7X 8X,2I 6I,2026-09-14
FRVL,Villevaude,CHCC220GR2 CHCD,True,TRIMBLE BD990,True,"5.61,27/JUN/2023",True,100.0,73.07,75.0,15.6,30.0,20.4,1C 1X 2W 5X,1C 2C 2P,1X 5X 6X 7X 8X,2I 6I,2026-09-14
FRSI,Saint_Pantaleon_De_Larche,CHCC220GR2 CHCD,True,TRIMBLE BD990,True,"5.61,27/JUN/2023",True,100.0,74.16,75.0,14.3,23.0,26.6,1C 2W 5X,1C 2C 2P,1X 5X 6X 7X 8X,2I 6I,2026-09-14
FRCH,Cherbourg,CHCC220GR CHCD,True,TRIMBLE BD970,False,"5.41,24/APR/2019",False,100.0,73.46,96.43,13.2,19.4,14.5,1C 2W 2X 5X,1C 2C,1X 5X 7X 8X,2I 6I,2026-09-14
FREG,Egletons,CHCC220GR2 CHCD,True,TRIMBLE BD970,True,"5.41,24/APR/2019",True,100.0,77.49,99.93,31.3,31.8,30.8,1C 2W 5X,1C 2C,1X 5X 7X 8X,2I,2026-09-14
FRCV,Cavaillon,CHCC220GR2 CHCD,True,TRIMBLE BD990,True,"5.61,27/JUN/2023",True,100.0,73.4,0.0,14.1,26.5,29.0,1C 2W 2X 5X,1C 2C,1X 5X 6X 7X 8X,2I 6I,2026-09-14
FRVD,Vidauban,CHCC220GR2 CHCD,True,TRIMBLE BD990,True,"5.61,27/JUN/2023",True,100.0,69.25,98.84,21.7,37.5,24.9,1C 1X 2W 5X,1C 1P 2C 2P,1X 5X 6X 7X 8X,2I 6I,2026-09-14
NODS,Nods,TPSCR.G5 TPSH,True,TPS NET-G5,True,5.6.1+2410301224,False,99.96,81.59,99.15,28.3,28.1,20.7,1C 1W 1X 2W 2X 5X,1C 1P 2C 2P,1X 5X 6X 7X 8X,2I 6I 7I,2026-09-14
LEST,Les_Thioleyres,TPSCR.G5 TPSH,True,TPS NET-G5,True,5.6.1+2410301224,False,100.0,88.26,98.53,27.5,29.5,20.9,1C 1W 1X 2W 2X 5X,1C 1P 2C 2P,1X 5X 6X 7X 8X,2I 6I 7I,2026-09-14
CHSY,Satigny,TPSCR.G5 TPSH,True,TPS NET-G5,True,5.6.1+2410301224,False,100.0,87.7,98.75,35.0,35.3,23.2,1C 1W 1X 2W 2X 5X,1C 1P 2C 2P,1X 5X 6X 7X 8X,2I 6I 7I,2026-09-14
2ANG,2ANG_MSM7,TWIVP6050_CONE NONE,True,SEPT ASTERX SB,True,4.8.4,True,100.0,79.37,96.0,28.4,34.4,28.7,1C 2L 2W 5Q,1C 2C 2P,1C 5Q 7Q 8Q,2I 7I,2026-09-15
2ANN,2ANN_MSM7,TWIVC6050 SCIS,True,SEPT ASTERX SB,True,4.8.4,True,99.79,78.84,98.51,18.4,18.9,14.1,1C 2L 2W 5Q,1C 2C 2P,1C 5Q 7Q 8Q,2I 7I,2026-09-15
2AUC,2AUC_MSM7,TWIVC6050 SCIS,True,SEPT ASTERX SB,True,4.8.4,True,99.79,80.31,99.78,34.0,37.0,32.1,1C 2L 2W 5Q,1C 2C 2P,1C 5Q 7Q 8Q,2I 7I,2026-09-15
2BAL,2BAL_MSM7,TWIVC6050 SCIS,True,SEPT ASTERX SB,True,4.8.4,True,100.0,80.34,99.32,20.8,21.4,17.6,1C 2L 2W 5Q,1C 2C 2P,1C 5Q 7Q 8Q,2I 7I,2026-09-15
2BAS,2BAS_MSM7,TWIVC6050 SCIS,True,SEPT ASTERX SB,True,4.8.4,True,100.0,77.51,90.0,22.1,24.1,19.5,1C 2L 2W 5Q,1C 2C 2P,1C 5Q 7Q 8Q,2I 7I,2026-09-15
2BIL,2BIL_MSM7,TWIVP6050_CONE NONE,True,SEPT ASTERX SB,True,4.8.4,True,99.79,77.5,99.52,31.5,35.1,26.6,1C 2L 2W 5Q,1C 2C 2P,1C 5Q 7Q 8Q,2I 7I,2026-09-15
2CAS,2CAS_MSM7,TWIVC6050 SCIS,True,NOV OEM7700-1.02,True,OM7CR0800RN0000,True,100.0,78.17,99.24,40.7,33.2,27.4,1C 2S 2W 5Q,1C 2C 2P,1C 5Q 7Q 8Q,2I 6I 7I,2026-09-15
2CHR,2CHR_MSM7,TRM77971.00 NONE,True,SEPT ASTERX SB,True,4.8.4,True,98.67,78.63,99.38,30.3,33.7,27.3,1C 2L 2W 5Q,1C 2C 2P,1C 5Q 7Q 8Q,2I 7I,2026-09-15
2CIU,2CIU_MSM7,TWIVP6050_CONE NONE,True,SEPT ASTERX SB,True,4.8.4,True,99.75,80.92,99.58,35.2,41.3,33.9,1C 2L 2W 5Q,1C 2C 2P,1C 5Q 7Q 8Q,2I 7I,2026-09-15
2CLI,2CLI_MSM7,CHCA220GR NONE,False,SEPT ASTERX SB,True,4.8.4,True,99.38,79.32,99.51,30.0,38.2,30.6,1C 2L 2W 5Q,1C 2C 2P,1C 5Q 7Q 8Q,2I 7I,2026-09-15
2CUM,2CUM_MSM7,TWIVP6050_CONE NONE,True,SEPT ASTERX SB,True,4.8.4,True,99.58,80.4,99.53,30.7,35.0,26.6,1C 2L 2W 5Q,1C 2C 2P,1C 5Q 7Q 8Q,2I 7I,2026-09-15
2DUN,2DUN_MSM7,TWIVP6050_CONE NONE,True,SEPT ASTERX SB,True,4.8.4,True,100.0,81.37,99.86,33.0,37.7,31.4,1C 2L 2W 5Q,1C 2C 2P,1C 5Q 7Q 8Q,2I 7I,2026-09-15
2FIG,2FIG_MSM7,TWIVC6050 SCIS,True,SEPT ASTERX SB,True,4.8.4,True,100.0,79.19,98.25,20.5,22.4,18.6,1C 2L 2W 5Q,1C 2C 2P,1C 5Q 7Q 8Q,2I 7I,2026-09-15
2GAW,2GAW_MSM7,TWIVC6050 SCIS,True,SEPT ASTERX SB,True,4.8.4,True,99.58,78.93,99.03,24.7,27.4,22.5,1C 2L 2W 5Q,1C 2C 2P,1C 5Q 7Q 8Q,2I 7I,2026-09-15
2IMP,2IMP_MSM7,TWIVP6050_CONE NONE,True,SEPT ASTERX SB,True,4.8.4,True,99.25,77.19,87.5,32.4,34.4,26.3,1C 2L 2W 5Q,1C 2C 2P,1C 5Q 7Q 8Q,2I 7I,2026-09-15
2INV,2INV_MSM7,TWIVP6050_CONE NONE,True,SEPT ASTERX SB,True,4.8.4,True,99.75,81.83,99.72,34.2,38.0,30.6,1C 2L 2W 5Q,1C 2C 2P,1C 5Q 7Q 8Q,2I 7I,2026-09-15
2KIR,2KIR_MSM7,TWIVC6050 SCIS,True,SEPT ASTERX SB,True,4.8.4,True,100.0,82.47,97.3,22.0,23.4,17.9,1C 2L 2W 5Q,1C 2C 2P,1C 5Q 7Q 8Q,2I 7I,2026-09-15
2LIA,2LIA_MSM7,TWIVP6050_CONE NONE,True,SEPT ASTERX SB,True,4.8.4,True,100.0,79.31,91.67,33.9,39.6,30.3,1C 2L 2W 5Q,1C 2C 2P,1C 5Q 7Q 8Q,2I 7I,2026-09-15
2NER,2NER_MSM7,TWIVC6050 SCIS,True,SEPT ASTERX SB,True,4.8.4,True,100.0,79.38,98.46,20.8,21.9,17.9,1C 2L 2W 5Q,1C 2C 2P,1C 5Q 7Q 8Q,2I 7I,2026-09-15
2OBA,2OBA_MSM7,TWIVP6050_CONE NONE,True,SEPT ASTERX SB,True,4.8.4,True,99.79,80.62,99.58,29.1,34.6,30.1,1C 2L 2W 5Q,1C 2C 2P,1C 5Q 7Q 8Q,2I 7I,2026-09-15
2PIM,2PIM_MSM7,TRM77971.00 NONE,True,SEPT ASTERX SB,True,4.8.4,True,100.0,79.81,98.95,48.3,46.1,39.9,1C 2L 2W 5Q,1C 2C 2P,1C 5Q 7Q 8Q,2I 7I,2026-09-15
2SAL,2SAL_MSM7,TWIVP6050_CONE NONE,True,SEPT ASTERX SB,True,4.8.4,True,100.0,80.66,99.8,26.3,31.8,26.8,1C 2L 2W 5Q,1C 2C 2P,1C 5Q 7Q 8Q,2I 7I,2026-09-15
2TER,2TER_MSM7,TWIVP6050_CONE NONE,True,SEPT ASTERX SB,True,4.8.4,True,100.0,81.1,98.46,30.3,36.5,29.4,1C 2L 2W 5Q,1C 2C 2P,1C 5Q 7Q 8Q,2I 7I,2026-09-15
2UBE,2UBE_MSM7,TWIVP6050_CONE NONE,True,SEPT ASTERX SB,True,4.8.4,True,100.0,81.31,99.3,33.8,35.5,27.7,1C 2L 2W 5Q,1C 2C 2P,1C 5Q 7Q 8Q,2I 7I,2026-09-15
2VIE,2VIE_MSM7,TWIVC6050 SCIS,True,SEPT ASTERX SB,True,4.8.4,True,99.5,79.9,99.36,30.8,30.4,25.9,1C 2L 2W 5Q,1C 2C 2P,1C 5Q 7Q 8Q,2I 7I,2026-09-15
2WOR,2WOR_MSM7,CHCA220GR NONE,True,SEPT ASTERX SB,True,4.8.4,True,99.96,79.36,98.85,35.8,42.0,34.6,1C 2L 2W 5Q,1C 2C 2P,1C 5Q 7Q 8Q,2I 7I,2026-09-15
FRAV,Aveze,CHCC220GR2 CHCD,True,TRIMBLE BD990,True,"5.61,27/JUN/2023",True,100.0,73.36,93.75,15.5,21.4,27.3,1C 2W 5X,1C 2C,1X 5X 6X 7X 8X,2I 6I,2026-09-15
FRBA,Barcelonette,CHCC220GR2 CHCD,True,TRIMBLE BD990,True,"5.61,27/JUN/2023",True,100.0,68.2,94.12,14.4,23.6,26.2,1C 2W 5X,1C 1P 2C 2P,1X 5X 6X 7X 8X,2I 6I,2026-09-15
FRCP,Case_De_Pene,CHCC220GR2 CHCD,True,TRIMBLE BD990,True,"5.61,27/JUN/2023",True,93.92,67.93,98.11,15.6,28.0,31.8,1C 2W 5X,1C 1P 2C 2P,1X 5X 7X 8X,2I,2026-09-15
FRCT,Castellane,CHCC220GR2 CHCD,True,TRIMBLE BD990,True,"5.61,27/JUN/2023",True,100.0,66.29,95.24,16.8,21.5,25.5,1C 2W 5X,1C 1P 2C,1X 5X 6X 7X 8X,2I 6I,2026-09-15
FRCA,Castres,CHCC220GR2 CHCD,True,TRIMBLE BD990,True,"5.61,27/JUN/2023",True,100.0,74.2,88.89,14.9,23.8,27.2,1C 2W 5X,1C 2C,1X 5X 6X 7X 8X,2I 6I,2026-09-15
FRCD,Chateau_D_Olonne,CHCC220GR2 CHCD,True,TRIMBLE BD970,True,"5.41,24/APR/2019",True,100.0,81.05,99.94,27.4,21.2,19.3,1C 2W 5X,1C 2C,1X 5X 7X 8X,2I,2026-09-15
FRCN,Crehange,CHCC220GR2 CHCD,True,TRIMBLE BD990,True,"5.61,27/JUN/2023",True,100.0,72.29,93.33,14.0,23.4,15.3,1C 2W 5X,1C 1P 2C 2P,1X 5X 6X 7X 8X,2I 6I,2026-09-15
FRDO,Dontcourt_Aux_Templiers,CHCC220GR2 CHCD,True,TRIMBLE BD990,True,"5.61,27/JUN/2023",True,100.0,72.68,88.89,13.4,22.4,26.4,1C 2W 5X,1C 2C 2P,1X 5X 6X 7X 8X,2I 6I,2026-09-15
FRDZ,Donzere,CHCC220GR2 CHCD,True,TRIMBLE BD990,True,"5.61,27/JUN/2023",True,100.0,73.49,50.0,13.3,20.8,24.9,1C 2W 5X,1C 2C,1X 5X 6X 7X 8X,2I 6I,2026-09-15
FRDY,Doyet,CHCC220GR CHCD,True,TRIMBLE BD970,True,"5.41,24/APR/2019",True,100.0,74.35,99.84,30.3,30.1,26.8,1C 2W 5X,1C 2C,1X 5X 7X 8X,2I,2026-09-15
FRDR,Drucat,CHCC220GR CHCD,True,TRIMBLE BD970,True,"5.41,24/APR/2019",True,100.0,72.87,99.88,28.5,26.6,25.2,1C 2W 5X,1C 2C,1X 5X 7X 8X,2I,2026-09-15
FREB,Ebersheim,CHCC220GR CHCD,True,TRIMBLE BD970,True,"5.41,24/APR/2019",True,100.0,73.39,99.84,28.8,28.2,26.6,1C 2W 5X,1C 2C,1X 5X 7X 8X,2I,2026-09-15
FRGU,Guidel,CHCC220GR CHCD,True,TRIMBLE BD970,True,"5.41,24/APR/2019",True,99.75,65.67,99.68,27.5,25.6,0.0,1C 2W,1C 2C,1X 5X 7X 8X,2I,2026-09-15
FRBO,La_Bourdiniere,CHCC220GR2 CHCD,True,TRIMBLE BD970,True,"5.41,24/APR/2019",True,100.0,66.0,99.18,26.7,22.8,22.0,1C 2W 5X,1C 2C,1X 5X 7X 8X,2I,2026-09-15
FRPE,Le_Puy_En_Velay,CHCC220GR2 CHCD,True,TRIMBLE BD990,True,"5.61,27/JUN/2023",True,100.0,73.66,96.97,14.0,22.5,26.2,1C 2W 5X,1C 2C,1X 5X 6X 7X 8X,2I 6I,2026-09-15
FRMY,Maye,CHCC220GR CHCD,True,TRIMBLE BD970,True,"5.41,24/APR/2019",True,100.0,66.33,99.55,30.5,24.8,26.8,1C 2W 5X,1C 2C,1X 5X 7X 8X,2I,2026-09-15
FRMZ,Mazan,CHCC220GR2 CHCD,True,TRIMBLE BD990,True,"5.61,27/JUN/2023",True,100.0,73.41,80.0,14.8,23.5,30.1,1C 2W 5X,1C 2C,1X 5X 6X 7X 8X,2I 6I,2026-09-15
FRME,Melle,CHCC220GR2 CHCD,True,TRIMBLE BD990,True,"5.61,27/JUN/2023",True,99.75,74.03,95.24,14.3,21.5,23.0,1C 2W 5X,1C 1P 2C 2P,1X 5X 6X 7X 8X,2I 6I,2026-09-15
FRMS,Mours_Saint_Eusebe,CHCC220GR2 CHCD,True,TRIMBLE BD970,True,"5.41,24/APR/2019",True,100.0,68.5,99.71,25.5,19.3,19.1,1C 2W 5X,1C 2C,1X 5X 7X 8X,2I,2026-09-15
FRNE,Neuville,CHCC220GR CHCD,True,TRIMBLE BD970,True,"5.41,24/APR/2019",True,100.0,79.2,99.93,30.5,27.4,25.5,1C 2W 5X,1C 2C,1X 5X 7X 8X,2I,2026-09-15
FRNU,Nuisement,CHCC220GR CHCD,True,TRIMBLE BD970,True,"5.41,24/APR/2019",True,100.0,75.67,99.45,39.1,40.2,40.5,1C 2W 5X,1C 2C,1X 5X 7X 8X,2I,2026-09-15
FRPA,Piau_Engal,CHCC220GR2 CHCD,True,TRIMBLE BD990,True,"5.61,27/JUN/2023",True,100.0,70.49,91.67,14.9,21.2,13.8,1C 1X 2W 5X,1C 1P 2C,1X 5X 6X 7X 8X,2I 6I,2026-09-15
FRPL,Plouhinec,CHCC220GR2 CHCD,True,TRIMBLE BD990,True,"5.61,27/JUN/2023",True,99.5,73.3,66.67,15.1,23.8,27.0,1C 2W 5X,1C 2C,1X 5X 6X 7X 8X,2I 6I,2026-09-15
FRSG,Saint_Georges_Dorques,CHCC220GR2 CHCD,True,TRIMBLE BD990,True,"5.61,27/JUN/2023",True,99.75,72.68,95.24,15.2,27.3,32.1,1C 2W 5X,1C 1P 2C 2P,1X 5X 6X 7X 8X,2I 6I,2026-09-15
FRSL,Sabl,CHCC220GR CHCD,True,TRIMBLE BD990,True,"5.61,27/JUN/2023",True,100.0,77.89,93.33,15.7,24.9,24.3,1C 2W 5X,1C 2C 2P,1X 5X 6X 7X 8X,2I 6I,2026-09-15
FRSN,Saint_Nabord,CHCC220GR2 CHCD,True,TRIMBLE BD990,True,"5.61,27/JUN/2023",True,100.0,72.56,91.67,15.6,25.6,30.0,1C 2W 5X,1C 2C,1X 5X 6X 7X 8X,2I 6I,2026-09-15
FRSU,Sautron,CHCC220GR2 CHCD,True,TRIMBLE BD970,True,"5.41,24/APR/2019",True,99.92,65.41,99.67,26.7,26.2,27.8,1C 2W 5X,1C 2C,1X 5X 7X 8X,2I,2026-09-15
FRSV,Saviere,CHCC220GR2 CHCD,True,TRIMBLE BD990,True,"5.61,27/JUN/2023",True,100.0,71.06,98.61,13.5,23.4,28.0,1C 1X 2W 5X,1C 1P 2C 2P,1X 5X 6X 7X 8X,2I 6I,2026-09-15
FRUN,Ugine,CHCC220GR2 CHCD,True,TRIMBLE BD990,True,"5.61,27/JUN/2023",True,99.96,65.94,96.67,16.1,26.1,28.7,1C 2W 5X,1C 1P 2C,1X 5X 6X 7X 8X,2I 6I,2026-09-15
FRVL,Villevaude,CHCC220GR2 CHCD,True,TRIMBLE BD990,True,"5.61,27/JUN/2023",True,100.0,73.26,80.0,15.7,30.1,19.6,1C 1X 2W 5X,1C 2C,1X 5X 6X 7X 8X,2I 6I,2026-09-15
FRSI,Saint_Pantaleon_De_Larche,CHCC220GR2 CHCD,True,TRIMBLE BD990,True,"5.61,27/JUN/2023",True,99.92,74.12,87.5,14.1,22.5,26.2,1C 2W 5X,1C 2C,1X 5X 6X 7X 8X,2I 6I,2026-09-15
FRCH,Cherbourg,CHCC220GR CHCD,True,TRIMBLE BD970,False,"5.41,24/APR/2019",False,99.96,73.48,90.0,13.1,19.3,14.3,1C 2W 2X 5X,1C 2C,1X 5X 7X 8X,2I 6I,2026-09-15
FREG,Egletons,CHCC220GR2 CHCD,True,TRIMBLE BD970,True,"5.41,24/APR/2019",True,100.0,78.09,99.93,31.4,31.1,30.7,1C 2W 5X,1C 2C,1X 5X 7X 8X,2I,2026-09-15
FRCV,Cavaillon,CHCC220GR2 CHCD,True,TRIMBLE BD990,True,"5.61,27/JUN/2023",True,100.0,73.34,0.0,13.9,26.5,29.2,1C 2W 2X 5X,1C 2C,1X 5X 6X 7X 8X,2I 6I,2026-09-15
FRVD,Vidauban,CHCC220GR2 CHCD,True,TRIMBLE BD990,True,"5.61,27/JUN/2023",True,100.0,69.37,99.18,21.7,37.4,24.8,1C 1X 2W 5X,1C 1P 2C 2P,1X 5X 6X 7X 8X,2I 6I,2026-09-15
NODS,Nods,TPSCR.G5 TPSH,True,TPS NET-G5,True,5.6.1+2410301224,False,100.0,81.04,99.31,27.8,27.8,20.6,1C 1W 1X 2W 2X 5X,1C 1P 2C 2P,1X 5X 6X 7X 8X,2I 6I 7I,2026-09-15
LEST,Les_Thioleyres,TPSCR.G5 TPSH,True,TPS NET-G5,True,5.6.1+2410301224,False,100.0,87.42,98.82,27.7,29.5,21.5,1C 1W 1X 2W 2X 5X,1C 1P 2C 2P,1X 5X 6X 7X 8X,2I 6I 7I,2026-09-15
CHSY,Satigny,TPSCR.G5 TPSH,True,TPS NET-G5,True,5.6.1+2410301224,False,100.0,86.82,99.06,34.9,35.2,23.5,1C 1W 1X 2W 2X 5X,1C 1P 2C 2P,1X 5X 6X 7X 8X,2I 6I 7I,2026-09-15
2ANG,2ANG_MSM7,TWIVP6050_CONE NONE,True,SEPT ASTERX SB,True,4.8.4,True,100.0,79.74,98.59,28.5,33.8,28.5,1C 2L 2W 5Q,1C 2C 2P,1C 5Q 7Q 8Q,2I 7I,2026-09-16
2ANN,2ANN_MSM7,TWIVC6050 SCIS,True,SEPT ASTERX SB,True,4.8.4,True,99.75,78.23,98.41,18.6,18.8,14.1,1C 2L 2W 5Q,1C 2C 2P,1C 5Q 7Q 8Q,2I 7I,2026-09-16
2AUC,2AUC_MSM7,TWIVC6050 SCIS,True,SEPT ASTERX SB,True,4.8.4,True,100.0,80.9,99.8,34.5,37.3,32.3,1C 2L 2W 5Q,1C 2C 2P,1C 5Q 7Q 8Q,2I 7I,2026-09-16
2BAL,2BAL_MSM7,TWIVC6050 SCIS,True,SEPT ASTERX SB,True,4.8.4,True,100.0,80.8,99.36,20.3,21.3,17.6,1C 2L 2W 5Q,1C 2C 2P,1C 5Q 7Q 8Q,2I 7I,2026-09-16
2BAS,2BAS_MSM7,TWIVC6050 SCIS,True,SEPT ASTERX SB,True,4.8.4,True,100.0,77.56,90.91,22.3,24.2,19.5,1C 2L 2W 5Q,1C 2C 2P,1C 5Q 7Q 8Q,2I 7I,2026-09-16
2BIL,2BIL_MSM7,TWIVP6050_CONE NONE,True,SEPT ASTERX SB,True,4.8.4,True,99.58,77.39,99.47,32.1,36.6,27.3,1C 2L 2W 5Q,1C 2C 2P,1C 5Q 7Q 8Q,2I 7I,2026-09-16
2CAS,2CAS_MSM7,TWIVC6050 SCIS,True,NOV OEM7700-1.02,True,OM7CR0800RN0000,True,100.0,78.51,98.96,40.3,33.1,27.1,1C 2S 2W 5Q,1C 2C 2P,1C 5Q 7Q 8Q,2I 6I 7I,2026-09-16
2CHR,2CHR_MSM7,TRM77971.00 NONE,True,SEPT ASTERX SB,True,4.8.4,True,99.25,79.22,99.44,30.6,34.0,28.1,1C 2L 2W 5Q,1C 2C 2P,1C 5Q 7Q 8Q,2I 7I,2026-09-16
2CIU,2CIU_MSM7,TWIVP6050_CONE NONE,True,SEPT ASTERX SB,True,4.8.4,True,100.0,81.45,99.53,35.3,41.2,34.1,1C 2L 2W 5Q,1C 2C 2P,1C 5Q 7Q 8Q,2I 7I,2026-09-16
2CLI,2CLI_MSM7,CHCA220GR NONE,False,SEPT ASTERX SB,True,4.8.4,True,99.79,80.08,98.91,29.8,38.3,30.8,1C 2L 2W 5Q,1C 2C 2P,1C 5Q 7Q 8Q,2I 7I,2026-09-16
2CUM,2CUM_MSM7,TWIVP6050_CONE NONE,True,SEPT ASTERX SB,True,4.8.4,True,99.75,80.91,99.47,30.6,34.7,27.3,1C 2L 2W 5Q,1C 2C 2P,1C 5Q 7Q 8Q,2I 7I,2026-09-16
2DUN,2DUN_MSM7,TWIVP6050_CONE NONE,True,SEPT ASTERX SB,True,4.8.4,True,100.0,81.84,99.86,33.5,37.4,31.2,1C 2L 2W 5Q,1C 2C 2P,1C 5Q 7Q 8Q,2I 7I,2026-09-16
2FIG,2FIG_MSM7,TWIVC6050 SCIS,True,SEPT ASTERX SB,True,4.8.4,True,99.75,78.97,98.77,20.3,22.0,18.4,1C 2L 2W 5Q,1C 2C 2P,1C 5Q 7Q 8Q,2I 7I,2026-09-16
2GAW,2GAW_MSM7,TWIVC6050 SCIS,True,SEPT ASTERX SB,True,4.8.4,True,99.96,79.84,97.14,24.6,27.4,22.4,1C 2L 2W 5Q,1C 2C 2P,1C 5Q 7Q 8Q,2I 7I,2026-09-16
2IMP,2IMP_MSM7,TWIVP6050_CONE NONE,True,SEPT ASTERX SB,True,4.8.4,True,99.33,77.2,93.33,32.4,34.4,26.8,1C 2L 2W 5Q,1C 2C 2P,1C 5Q 7Q 8Q,2I 7I,2026-09-16
2INV,2INV_MSM7,TWIVP6050_CONE NONE,True,SEPT ASTERX SB,True,4.8.4,True,99.79,82.26,99.77,34.4,37.3,30.2,1C 2L 2W 5Q,1C 2C 2P,1C 5Q 7Q 8Q,2I 7I,2026-09-16
2KIR,2KIR_MSM7,TWIVC6050 SCIS,True,SEPT ASTERX SB,True,4.8.4,True,100.0,82.84,98.51,22.0,23.5,18.3,1C 2L 2W 5Q,1C 2C 2P,1C 5Q 7Q 8Q,2I 7I,2026-09-16
2LIA,2LIA_MSM7,TWIVP6050_CONE NONE,True,SEPT ASTERX SB,True,4.8.4,True,100.0,79.53,96.67,33.7,39.4,30.1,1C 2L 2W 5Q,1C 2C 2P,1C 5Q 7Q 8Q,2I 7I,2026-09-16
2NER,2NER_MSM7,TWIVC6050 SCIS,True,SEPT ASTERX SB,True,4.8.4,True,99.96,79.72,98.0,21.4,22.3,18.5,1C 2L 2W 5Q,1C 2C 2P,1C 5Q 7Q 8Q,2I 7I,2026-09-16
2OBA,2OBA_MSM7,TWIVP6050_CONE NONE,True,SEPT ASTERX SB,True,4.8.4,True,100.0,81.34,99.55,29.0,34.5,29.3,1C 2L 2W 5Q,1C 2C 2P,1C 5Q 7Q 8Q,2I 7I,2026-09-16
2PIM,2PIM_MSM7,TRM77971.00 NONE,True,SEPT ASTERX SB,True,4.8.4,True,100.0,80.26,98.85,49.1,45.8,39.7,1C 2L 2W 5Q,1C 2C 2P,1C 5Q 7Q 8Q,2I 7I,2026-09-16
2SAL,2SAL_MSM7,TWIVP6050_CONE NONE,True,SEPT ASTERX SB,True,4.8.4,True,99.54,80.83,99.82,26.2,31.5,25.9,1C 2L 2W 5Q,1C 2C 2P,1C 5Q 7Q 8Q,2I 7I,2026-09-16
2TER,2TER_MSM7,TWIVP6050_CONE NONE,True,SEPT ASTERX SB,True,4.8.4,True,100.0,81.48,98.31,29.5,35.4,28.7,1C 2L 2W 5Q,1C 2C 2P,1C 5Q 7Q 8Q,2I 7I,2026-09-16
2UBE,2UBE_MSM7,TWIVP6050_CONE NONE,True,SEPT ASTERX SB,True,4.8.4,True,99.58,81.07,99.32,33.9,35.5,27.5,1C 2L 2W 5Q,1C 2C 2P,1C 5Q 7Q 8Q,2I 7I,2026-09-16
2VIE,2VIE_MSM7,TWIVC6050 SCIS,True,SEPT ASTERX SB,True,4.8.4,True,99.75,79.27,99.36,29.6,29.4,25.1,1C 2L 2W 5Q,1C 2C 2P,1C 5Q 7Q 8Q,2I 7I,2026-09-16
2WOR,2WOR_MSM7,CHCA220GR NONE,True,SEPT ASTERX SB,True,4.8.4,True,100.0,79.65,98.49,36.3,40.8,34.3,1C 2L 2W 5Q,1C 2C 2P,1C 5Q 7Q 8Q,2I 7I,2026-09-16
FRAV,Aveze,CHCC220GR2 CHCD,True,TRIMBLE BD990,True,"5.61,27/JUN/2023",True,100.0,73.63,94.74,15.6,21.5,27.4,1C 2W 5X,1C 2C 2P,1X 5X 6X 7X 8X,2I 6I,2026-09-16
FRBA,Barcelonette,CHCC220GR2 CHCD,True,TRIMBLE BD990,True,"5.61,27/JUN/2023",True,100.0,68.25,96.15,14.4,23.9,25.9,1C 2W 5X,1C 1P 2C 2P,1X 5X 6X 7X 8X,2I 6I,2026-09-16
FRCP,Case_De_Pene,CHCC220GR2 CHCD,True,TRIMBLE BD990,True,"5.61,27/JUN/2023",True,100.0,72.4,98.33,15.4,27.7,31.0,1C 2W 5X,1C 1P 2C 2P,1X 5X 7X 8X,2I,2026-09-16
FRCT,Castellane,CHCC220GR2 CHCD,True,TRIMBLE BD990,True,"5.61,27/JUN/2023",True,100.0,66.32,95.45,16.8,21.9,25.3,1C 2W 5X,1C 1P 2C,1X 5X 6X 7X 8X,2I 6I,2026-09-16
FRCA,Castres,CHCC220GR2 CHCD,True,TRIMBLE BD990,True,"5.61,27/JUN/2023",True,100.0,74.42,0.0,15.6,24.2,27.4,1C 2W 5X,1C 2C,1X 5X 6X 7X 8X,2I 6I,2026-09-16
FRCD,Chateau_D_Olonne,CHCC220GR2 CHCD,True,TRIMBLE BD970,True,"5.41,24/APR/2019",True,99.96,82.23,99.94,27.3,21.3,19.3,1C 2W 5X,1C 2C,1X 5X 7X 8X,2I,2026-09-16
FRCN,Crehange,CHCC220GR2 CHCD,True,TRIMBLE BD990,True,"5.61,27/JUN/2023",True,100.0,72.45,94.74,13.9,23.9,15.8,1C 2W 5X,1C 1P 2C 2P,1X 5X 6X 7X 8X,2I 6I,2026-09-16
FRDO,Dontcourt_Aux_Templiers,CHCC220GR2 CHCD,True,TRIMBLE BD990,True,"5.61,27/JUN/2023",True,100.0,72.8,94.45,13.5,22.3,26.4,1C 2W 5X,1C 2C,1X 5X 6X 7X 8X,2I 6I,2026-09-16
FRDZ,Donzere,CHCC220GR2 CHCD,True,TRIMBLE BD990,True,"5.61,27/JUN/2023",True,100.0,73.68,85.71,13.4,20.9,24.5,1C 2W 5X,1C 2C,1X 5X 6X 7X 8X,2I 6I,2026-09-16
FRDY,Doyet,CHCC220GR CHCD,True,TRIMBLE BD970,True,"5.41,24/APR/2019",True,100.0,75.8,99.85,30.6,30.4,26.9,1C 2W 5X,1C 2C,1X 5X 7X 8X,2I,2026-09-16
FRDR,Drucat,CHCC220GR CHCD,True,TRIMBLE BD970,True,"5.41,24/APR/2019",True,100.0,74.37,99.88,29.3,26.5,24.5,1C 2W 5X,1C 2C,1X 5X 7X 8X,2I,2026-09-16
FREB,Ebersheim,CHCC220GR CHCD,True,TRIMBLE BD970,True,"5.41,24/APR/2019",True,100.0,74.34,99.73,28.7,28.6,26.7,1C 2W 5X,1C 2C,1X 5X 7X 8X,2I,2026-09-16
FRGU,Guidel,CHCC220GR CHCD,True,TRIMBLE BD970,True,"5.41,24/APR/2019",True,100.0,66.83,99.59,27.6,26.1,0.0,1C 2W,1C 2C,1X 5X 7X 8X,2I,2026-09-16
FRBO,La_Bourdiniere,CHCC220GR2 CHCD,True,TRIMBLE BD970,True,"5.41,24/APR/2019",True,100.0,66.58,99.03,26.6,23.2,22.3,1C 2W 5X,1C 2C,1X 5X 7X 8X,2I,2026-09-16
FRPE,Le_Puy_En_Velay,CHCC220GR2 CHCD,True,TRIMBLE BD990,True,"5.61,27/JUN/2023",True,99.92,73.87,97.87,13.6,22.0,26.0,1C 2W 5X,1C 2C,1X 5X 6X 7X 8X,2I 6I,2026-09-16
FRMY,Maye,CHCC220GR CHCD,True,TRIMBLE BD970,True,"5.41,24/APR/2019",True,100.0,67.0,99.4,30.7,25.1,26.6,1C 2W 5X,1C 2C,1X 5X 7X 8X,2I,2026-09-16
FRMZ,Mazan,CHCC220GR2 CHCD,True,TRIMBLE BD990,True,"5.61,27/JUN/2023",True,100.0,73.55,80.0,14.7,23.6,29.9,1C 2W 5X,1C 2C,1X 5X 6X 7X 8X,2I 6I,2026-09-16
FRME,Melle,CHCC220GR2 CHCD,True,TRIMBLE BD990,True,"5.61,27/JUN/2023",True,100.0,74.55,85.71,14.0,21.7,23.4,1C 2W 5X,1C 1P 2C 2P,1X 5X 6X 7X 8X,2I 6I,2026-09-16
FRMS,Mours_Saint_Eusebe,CHCC220GR2 CHCD,True,TRIMBLE BD970,True,"5.41,24/APR/2019",True,100.0,69.34,99.69,25.7,19.3,19.3,1C 2W 5X,1C 2C,1X 5X 7X 8X,2I,2026-09-16
FRNE,Neuville,CHCC220GR CHCD,True,TRIMBLE BD970,True,"5.41,24/APR/2019",True,100.0,80.33,99.93,30.6,27.9,25.6,1C 2W 5X,1C 2C,1X 5X 7X 8X,2I,2026-09-16
FRNU,Nuisement,CHCC220GR CHCD,True,TRIMBLE BD970,True,"5.41,24/APR/2019",True,100.0,76.65,99.47,39.1,39.4,41.1,1C 2W 5X,1C 2C,1X 5X 7X 8X,2I,2026-09-16
FRPA,Piau_Engal,CHCC220GR2 CHCD,True,TRIMBLE BD990,True,"5.61,27/JUN/2023",True,99.75,71.18,90.91,14.9,21.6,13.8,1C 1X 2W 5X,1C 1P 2C,1X 5X 6X 7X 8X,2I 6I,2026-09-16
FRPL,Plouhinec,CHCC220GR2 CHCD,True,TRIMBLE BD990,True,"5.61,27/JUN/2023",True,99.71,74.01,83.33,15.0,23.5,27.1,1C 2W 5X,1C 2C 2P,1X 5X 6X 7X 8X,2I 6I,2026-09-16
FRSG,Saint_Georges_Dorques,CHCC220GR2 CHCD,True,TRIMBLE BD990,True,"5.61,27/JUN/2023",True,99.75,73.0,96.43,15.4,27.1,32.2,1C 2W 5X,1C 1P 2C 2P,1X 5X 6X 7X 8X,2I 6I,2026-09-16
FRSL,Sabl,CHCC220GR CHCD,True,TRIMBLE BD990,True,"5.61,27/JUN/2023",True,100.0,78.29,91.67,15.4,24.7,23.8,1C 2W 5X,1C 1P 2C,1X 5X 6X 7X 8X,2I 6I,2026-09-16
FRSN,Saint_Nabord,CHCC220GR2 CHCD,True,TRIMBLE BD990,True,"5.61,27/JUN/2023",True,100.0,72.78,80.0,15.5,25.3,29.7,1C 2W 5X,1C 1P 2C,1X 5X 6X 7X 8X,2I 6I,2026-09-16
FRSU,Sautron,CHCC220GR2 CHCD,True,TRIMBLE BD970,True,"5.41,24/APR/2019",True,100.0,66.08,99.7,26.3,26.0,27.3,1C 2W 5X,1C 2C,1X 5X 7X 8X,2I,2026-09-16
FRSV,Saviere,CHCC220GR2 CHCD,True,TRIMBLE BD990,True,"5.61,27/JUN/2023",True,100.0,71.3,98.7,13.5,23.2,27.7,1C 1X 2W 5X,1C 1P 2C 2P,1X 5X 6X 7X 8X,2I 6I,2026-09-16
FRUN,Ugine,CHCC220GR2 CHCD,True,TRIMBLE BD990,True,"5.61,27/JUN/2023",True,100.0,66.08,96.55,16.1,26.3,29.0,1C 2W 5X,1C 1P 2C,1X 5X 6X 7X 8X,2I 6I,2026-09-16
FRVL,Villevaude,CHCC220GR2 CHCD,True,TRIMBLE BD990,True,"5.61,27/JUN/2023",True,100.0,73.38,90.0,15.5,29.5,19.9,1C 1X 2W 5X,1C 2C,1X 5X 6X 7X 8X,2I 6I,2026-09-16
FRSI,Saint_Pantaleon_De_Larche,CHCC220GR2 CHCD,True,TRIMBLE BD990,True,"5.61,27/JUN/2023",True,100.0,74.67,66.67,14.4,22.7,26.5,1C 2W 5X,1C 2C,1X 5X 6X 7X 8X,2I 6I,2026-09-16
FRCH,Cherbourg,CHCC220GR CHCD,True,TRIMBLE BD970,False,"5.41,24/APR/2019",False,99.71,73.52,94.12,13.1,19.6,14.7,1C 2W 2X 5X,1C 2C,1X 5X 7X 8X,2I 6I,2026-09-16
FREG,Egletons,CHCC220GR2 CHCD,True,TRIMBLE BD970,True,"5.41,24/APR/2019",True,100.0,78.74,99.92,31.2,30.7,30.0,1C 2W 5X,1C 2C,1X 5X 7X 8X,2I,2026-09-16
FRCV,Cavaillon,CHCC220GR2 CHCD,True,TRIMBLE BD990,True,"5.61,27/JUN/2023",True,99.96,73.43,0.0,14.1,25.7,29.2,1C 2W 2X 5X,1C 2C,1X 5X 6X 7X 8X,2I 6I,2026-09-16
FRVD,Vidauban,CHCC220GR2 CHCD,True,TRIMBLE BD990,True,"5.61,27/JUN/2023",True,100.0,69.23,99.01,21.5,37.6,24.6,1C 1X 2W 5X,1C 1P 2C 2P,1X 5X 6X 7X 8X,2I 6I,2026-09-16
NODS,Nods,TPSCR.G5 TPSH,True,TPS NET-G5,True,5.6.1+2410301224,False,99.25,81.05,99.23,27.1,27.3,20.5,1C 1W 1X 2W 2X 5X,1C 1P 2C 2P,1X 5X 6X 7X 8X,2I 6I 7I,2026-09-16
LEST,Les_Thioleyres,TPSCR.G5 TPSH,True,TPS NET-G5,True,5.6.1+2410301224,False,99.25,87.58,98.75,27.0,28.7,20.9,1C 1W 1X 2W 2X 5X,1C 1P 2C 2P,1X 5X 6X 7X 8X,2I 6I 7I,2026-09-16
CHSY,Satigny,TPSCR.G5 TPSH,True,TPS NET-G5,True,5.6.1+2410301224,False,99.25,87.12,99.17,34.2,35.0,23.5,1C 1W 1X 2W 2X 5X,1C 1P 2C 2P,1X 5X 6X 7X 8X,2I 6I 7I,2026-09-16
2ANG,2ANG_MSM7,TWIVP6050_CONE NONE,True,SEPT ASTERX SB,True,4.8.4,True,98.12,88.02,98.25,28.4,34.2,29.2,1C 2L 2W 5Q,1C 2C 2P,1C 5Q 7Q 8Q,2I 7I,2026-09-17
2ANN,2ANN_MSM7,TWIVC6050 SCIS,True,SEPT ASTERX SB,True,4.8.4,True,99.0,86.8,98.46,18.4,18.8,14.1,1C 2L 2W 5Q,1C 2C 2P,1C 5Q 7Q 8Q,2I 7I,2026-09-17
2AUC,2AUC_MSM7,TWIVC6050 SCIS,True,SEPT ASTERX SB,True,4.8.4,True,99.08,89.63,99.81,33.2,36.4,32.4,1C 2L 2W 5Q,1C 2C 2P,1C 5Q 7Q 8Q,2I 7I,2026-09-17
2BAL,2BAL_MSM7,TWIVC6050 SCIS,True,SEPT ASTERX SB,True,4.8.4,True,98.54,88.82,99.45,20.3,21.0,17.4,1C 2L 2W 5Q,1C 2C 2P,1C 5Q 7Q 8Q,2I 7I,2026-09-17
2BAS,2BAS_MSM7,TWIVC6050 SCIS,True,SEPT ASTERX SB,True,4.8.4,True,100.0,85.94,92.31,22.4,24.5,19.7,1C 2L 2W 5Q,1C 2C 2P,1C 5Q 7Q 8Q,2I 7I,2026-09-17
2BIL,2BIL_MSM7,TWIVP6050_CONE NONE,True,SEPT ASTERX SB,True,4.8.4,True,99.79,85.27,99.42,32.5,36.2,27.9,1C 2L 2W 5Q,1C 2C 2P,1C 5Q 7Q 8Q,2I 7I,2026-09-17
2CAS,2CAS_MSM7,TWIVC6050 SCIS,True,NOV OEM7700-1.02,True,OM7CR0800RN0000,True,95.62,86.05,99.23,40.4,33.0,27.3,1C 2S 2W 5Q,1C 2C 2P,1C 5Q 7Q 8Q,2I 6I 7I,2026-09-17
2CHR,2CHR_MSM7,TRM77971.00 NONE,True,SEPT ASTERX SB,True,4.8.4,True,98.67,88.6,99.28,30.1,34.0,27.4,1C 2L 2W 5Q,1C 2C 2P,1C 5Q 7Q 8Q,2I 7I,2026-09-17
2CIU,2CIU_MSM7,TWIVP6050_CONE NONE,True,SEPT ASTERX SB,True,4.8.4,True,100.0,88.2,99.37,35.2,40.9,34.4,1C 2L 2W 5Q,1C 2C 2P,1C 5Q 7Q 8Q,2I 7I,2026-09-17
2CLI,2CLI_MSM7,CHCA220GR NONE,False,SEPT ASTERX SB,True,4.8.4,True,98.08,88.36,99.08,28.9,37.3,30.2,1C 2L 2W 5Q,1C 2C 2P,1C 5Q 7Q 8Q,2I 7I,2026-09-17
2CUM,2CUM_MSM7,TWIVP6050_CONE NONE,True,SEPT ASTERX SB,True,4.8.4,True,100.0,87.81,99.19,30.6,34.5,27.4,1C 2L 2W 5Q,1C 2C 2P,1C 5Q 7Q 8Q,2I 7I,2026-09-17
2DUN,2DUN_MSM7,TWIVP6050_CONE NONE,True,SEPT ASTERX SB,True,4.8.4,True,97.5,88.72,99.87,32.8,37.3,30.1,1C 2L 2W 5Q,1C 2C 2P,1C 5Q 7Q 8Q,2I 7I,2026-09-17
2FIG,2FIG_MSM7,TWIVC6050 SCIS,True,SEPT ASTERX SB,True,4.8.4,True,99.17,86.82,98.51,20.2,22.0,18.4,1C 2L 2W 5Q,1C 2C 2P,1C 5Q 7Q 8Q,2I 7I,2026-09-17
2GAW,2GAW_MSM7,TWIVC6050 SCIS,True,SEPT ASTERX SB,True,4.8.4,True,99.21,89.04,98.48,24.3,27.1,22.1,1C 2L 2W 5Q,1C 2C 2P,1C 5Q 7Q 8Q,2I 7I,2026-09-17
2IMP,2IMP_MSM7,TWIVP6050_CONE NONE,True,SEPT ASTERX SB,True,4.8.4,True,98.12,85.4,96.67,32.5,34.0,26.3,1C 2L 2W 5Q,1C 2C 2P,1C 5Q 7Q 8Q,2I 7I,2026-09-17
2INV,2INV_MSM7,TWIVP6050_CONE NONE,True,SEPT ASTERX SB,True,4.8.4,True,100.0,90.49,99.75,34.2,37.6,30.7,1C 2L 2W 5Q,1C 2C 2P,1C 5Q 7Q 8Q,2I 7I,2026-09-17
2KIR,2KIR_MSM7,TWIVC6050 SCIS,True,SEPT ASTERX SB,True,4.8.4,True,99.79,90.49,97.92,22.3,23.7,18.4,1C 2L 2W 5Q,1C 2C 2P,1C 5Q 7Q 8Q,2I 7I,2026-09-17
2LIA,2LIA_MSM7,TWIVP6050_CONE NONE,True,SEPT ASTERX SB,True,4.8.4,True,97.67,87.57,95.45,33.7,39.3,30.1,1C 2L 2W 5Q,1C 2C 2P,1C 5Q 7Q 8Q,2I 7I,2026-09-17
2NER,2NER_MSM7,TWIVC6050 SCIS,True,SEPT ASTERX SB,True,4.8.4,True,99.21,88.94,98.39,20.8,22.0,18.2,1C 2L 2W 5Q,1C 2C 2P,1C 5Q 7Q 8Q,2I 7I,2026-09-17
2OBA,2OBA_MSM7,TWIVP6050_CONE NONE,True,SEPT ASTERX SB,True,4.8.4,True,98.33,88.93,99.59,28.9,34.5,30.0,1C 2L 2W 5Q,1C 2C 2P,1C 5Q 7Q 8Q,2I 7I,2026-09-17
2PIM,2PIM_MSM7,TRM77971.00 NONE,True,SEPT ASTERX SB,True,4.8.4,True,97.87,88.18,98.04,49.0,45.7,39.2,1C 2L 2W 5Q,1C 2C 2P,1C 5Q 7Q 8Q,2I 7I,2026-09-17
2SAL,2SAL_MSM7,TWIVP6050_CONE NONE,True,SEPT ASTERX SB,True,4.8.4,True,100.0,87.81,99.81,26.0,31.4,27.0,1C 2L 2W 5Q,1C 2C 2P,1C 5Q 7Q 8Q,2I 7I,2026-09-17
2TER,2TER_MSM7,TWIVP6050_CONE NONE,True,SEPT ASTERX SB,True,4.8.4,True,97.87,86.92,98.11,28.5,33.9,26.8,1C 2L 2W 5Q,1C 2C 2P,1C 5Q 7Q 8Q,2I 7I,2026-09-17
2UBE,2UBE_MSM7,TWIVP6050_CONE NONE,True,SEPT ASTERX SB,True,4.8.4,True,98.5,87.34,99.11,34.2,35.9,28.2,1C 2L 2W 5Q,1C 2C 2P,1C 5Q 7Q 8Q,2I 7I,2026-09-17
2VIE,2VIE_MSM7,TWIVC6050 SCIS,True,SEPT ASTERX SB,True,4.8.4,True,99.79,88.56,99.45,30.1,29.6,25.4,1C 2L 2W 5Q,1C 2C 2P,1C 5Q 7Q 8Q,2I 7I,2026-09-17
2WOR,2WOR_MSM7,CHCA220GR NONE,True,SEPT ASTERX SB,True,4.8.4,True,98.46,88.21,98.89,35.1,43.4,34.6,1C 2L 2W 5Q,1C 2C 2P,1C 5Q 7Q 8Q,2I 7I,2026-09-17
FRAV,Aveze,CHCC220GR2 CHCD,True,TRIMBLE BD990,True,"5.61,27/JUN/2023",True,100.0,82.7,85.71,15.6,21.4,27.4,1C 2W 5X,1C 2C,1X 5X 6X 7X 8X,2I 6I,2026-09-17
FRBA,Barcelonette,CHCC220GR2 CHCD,True,TRIMBLE BD990,True,"5.61,27/JUN/2023",True,100.0,78.45,94.12,14.5,24.2,26.6,1C 2W 5X,1C 1P 2C,1X 5X 6X 7X 8X,2I 6I,2026-09-17
FRCP,Case_De_Pene,CHCC220GR2 CHCD,True,TRIMBLE BD990,True,"5.61,27/JUN/2023",True,87.42,72.52,98.33,15.6,28.4,30.9,1C 2W 5X,1C 1P 2C 2P,1X 5X 7X 8X,2I,2026-09-17
FRCT,Castellane,CHCC220GR2 CHCD,True,TRIMBLE BD990,True,"5.61,27/JUN/2023",True,100.0,76.68,95.0,17.1,22.0,26.1,1C 2W 5X,1C 1P 2C 2P,1X 5X 6X 7X 8X,2I 6I,2026-09-17
FRCA,Castres,CHCC220GR2 CHCD,True,TRIMBLE BD990,True,"5.61,27/JUN/2023",True,100.0,83.07,66.67,15.6,24.1,26.9,1C 2W 5X,1C 2C,1X 5X 6X 7X 8X,2I 6I,2026-09-17
FRCD,Chateau_D_Olonne,CHCC220GR2 CHCD,True,TRIMBLE BD970,True,"5.41,24/APR/2019",True,100.0,87.0,99.94,27.1,21.4,19.7,1C 2W 5X,1C 2C,1X 5X 7X 8X,2I,2026-09-17
FRCN,Crehange,CHCC220GR2 CHCD,True,TRIMBLE BD990,True,"5.61,27/JUN/2023",True,100.0,82.48,90.0,14.0,23.8,15.7,1C 2W 5X,1C 1P 2C 2P,1X 5X 6X 7X 8X,2I 6I,2026-09-17
FRDO,Dontcourt_Aux_Templiers,CHCC220GR2 CHCD,True,TRIMBLE BD990,True,"5.61,27/JUN/2023",True,100.0,82.93,90.91,13.3,22.1,26.2,1C 2W 5X,1C 2C,1X 5X 6X 7X 8X,2I 6I,2026-09-17
FRDZ,Donzere,CHCC220GR2 CHCD,True,TRIMBLE BD990,True,"5.61,27/JUN/2023",True,100.0,82.65,80.0,13.3,21.0,24.7,1C 2W 5X,1C 2C 2P,1X 5X 6X 7X 8X,2I 6I,2026-09-17
FRDY,Doyet,CHCC220GR CHCD,True,TRIMBLE BD970,True,"5.41,24/APR/2019",True,100.0,82.91,99.83,30.3,30.5,27.3,1C 2W 5X,1C 2C,1X 5X 7X 8X,2I,2026-09-17
FRDR,Drucat,CHCC220GR CHCD,True,TRIMBLE BD970,True,"5.41,24/APR/2019",True,100.0,82.17,99.88,28.9,26.3,24.1,1C 2W 5X,1C 2C,1X 5X 7X 8X,2I,2026-09-17
FREB,Ebersheim,CHCC220GR CHCD,True,TRIMBLE BD970,True,"5.41,24/APR/2019",True,100.0,81.83,99.77,28.8,28.4,26.4,1C 2W 5X,1C 2C,1X 5X 7X 8X,2I,2026-09-17
FRGU,Guidel,CHCC220GR CHCD,True,TRIMBLE BD970,True,"5.41,24/APR/2019",True,100.0,76.73,99.66,27.1,25.9,0.0,1C 2W,1C 2C,1X 5X 7X 8X,2I,2026-09-17
FRBO,La_Bourdiniere,CHCC220GR2 CHCD,True,TRIMBLE BD970,True,"5.41,24/APR/2019",True,100.0,76.57,99.23,26.8,23.1,21.8,1C 2W 5X,1C 2C,1X 5X 7X 8X,2I,2026-09-17
FRPE,Le_Puy_En_Velay,CHCC220GR2 CHCD,True,TRIMBLE BD990,True,"5.61,27/JUN/2023",True,99.75,82.88,97.06,13.9,22.3,25.8,1C 2W 5X,1C 1P 2C,1X 5X 6X 7X 8X,2I 6I,2026-09-17
FRMY,Maye,CHCC220GR CHCD,True,TRIMBLE BD970,True,"5.41,24/APR/2019",True,100.0,77.2,99.36,30.4,25.3,26.1,1C 2W 5X,1C 2C,1X 5X 7X 8X,2I,2026-09-17
FRMZ,Mazan,CHCC220GR2 CHCD,True,TRIMBLE BD990,True,"5.61,27/JUN/2023",True,99.75,82.37,83.33,14.9,23.3,30.6,1C 2W 5X,1C 2C,1X 5X 6X 7X 8X,2I 6I,2026-09-17
FRME,Melle,CHCC220GR2 CHCD,True,TRIMBLE BD990,True,"5.61,27/JUN/2023",True,100.0,83.66,85.71,14.3,21.7,23.5,1C 2W 5X,1C 1P 2C 2P,1X 5X 6X 7X 8X,2I 6I,2026-09-17
FRMS,Mours_Saint_Eusebe,CHCC220GR2 CHCD,True,TRIMBLE BD970,True,"5.41,24/APR/2019",True,100.0,77.85,99.68,25.8,19.5,19.5,1C 2W 5X,1C 2C,1X 5X 7X 8X,2I,2026-09-17
FRNE,Neuville,CHCC220GR CHCD,True,TRIMBLE BD970,True,"5.41,24/APR/2019",True,100.0,85.8,99.93,30.4,27.7,25.6,1C 2W 5X,1C 2C,1X 5X 7X 8X,2I,2026-09-17
FRNU,Nuisement,CHCC220GR CHCD,True,TRIMBLE BD970,True,"5.41,24/APR/2019",True,100.0,84.19,99.5,38.3,39.3,40.6,1C 2W 5X,1C 2C,1X 5X 7X 8X,2I,2026-09-17
FRPA,Piau_Engal,CHCC220GR2 CHCD,True,TRIMBLE BD990,True,"5.61,27/JUN/2023",True,100.0,80.39,92.31,15.0,21.9,14.0,1C 1X 2W 5X,1C 2C,1X 5X 6X 7X 8X,2I 6I,2026-09-17
FRPL,Plouhinec,CHCC220GR2 CHCD,True,TRIMBLE BD990,True,"5.61,27/JUN/2023",True,99.75,83.43,85.71,15.2,24.0,27.1,1C 2W 5X,1C 1P 2C 2P,1X 5X 6X 7X 8X,2I 6I,2026-09-17
FRSG,Saint_Georges_Dorques,CHCC220GR2 CHCD,True,TRIMBLE BD990,True,"5.61,27/JUN/2023",True,98.79,81.35,94.74,15.2,27.4,32.6,1C 2W 5X,1C 1P 2C 2P,1X 5X 6X 7X 8X,2I 6I,2026-09-17
FRSL,Sabl,CHCC220GR CHCD,True,TRIMBLE BD990,True,"5.61,27/JUN/2023",True,100.0,87.07,93.33,15.5,24.3,23.7,1C 2W 5X,1C 2C,1X 5X 6X 7X 8X,2I 6I,2026-09-17
FRSN,Saint_Nabord,CHCC220GR2 CHCD,True,TRIMBLE BD990,True,"5.61,27/JUN/2023",True,100.0,82.36,88.89,15.5,25.3,29.2,1C 2W 5X,1C 2C,1X 5X 6X 7X 8X,2I 6I,2026-09-17
FRSU,Sautron,CHCC220GR2 CHCD,True,TRIMBLE BD970,True,"5.41,24/APR/2019",True,100.0,76.11,99.72,26.7,26.5,27.9,1C 2W 5X,1C 2C,1X 5X 7X 8X,2I,2026-09-17
FRSV,Saviere,CHCC220GR2 CHCD,True,TRIMBLE BD990,True,"5.61,27/JUN/2023",True,99.75,81.54,98.92,13.5,23.2,27.0,1C 1X 2W 5X,1C 1P 2C 2P,1X 5X 6X 7X 8X,2I 6I,2026-09-17
FRUN,Ugine,CHCC220GR2 CHCD,True,TRIMBLE BD990,True,"5.61,27/JUN/2023",True,100.0,76.6,96.67,16.7,26.3,29.0,1C 2W 5X,1C 2C,1X 5X 6X 7X 8X,2I 6I,2026-09-17
FRVL,Villevaude,CHCC220GR2 CHCD,True,TRIMBLE BD990,True,"5.61,27/JUN/2023",True,100.0,83.32,87.5,15.4,29.3,19.8,1C 1X 2W 5X,1C 2C 2P,1X 5X 6X 7X 8X,2I 6I,2026-09-17
FRSI,Saint_Pantaleon_De_Larche,CHCC220GR2 CHCD,True,TRIMBLE BD990,True,"5.61,27/JUN/2023",True,100.0,83.2,66.67,14.1,22.6,26.4,1C 2W 5X,1C 2C 2P,1X 5X 6X 7X 8X,2I 6I,2026-09-17
FRCH,Cherbourg,CHCC220GR CHCD,True,TRIMBLE BD970,False,"5.41,24/APR/2019",False,100.0,84.15,83.33,13.1,19.8,14.5,1C 2W 2X 5X,1C 2C,1X 5X 7X 8X,2I 6I,2026-09-17
FREG,Egletons,CHCC220GR2 CHCD,True,TRIMBLE BD970,True,"5.41,24/APR/2019",True,100.0,84.68,99.92,31.2,30.8,30.3,1C 2W 5X,1C 2C,1X 5X 7X 8X,2I,2026-09-17
FRCV,Cavaillon,CHCC220GR2 CHCD,True,TRIMBLE BD990,True,"5.61,27/JUN/2023",True,100.0,82.45,0.0,14.1,26.1,29.5,1C 2W 2X 5X,1C 2C,1X 5X 6X 7X 8X,2I 6I,2026-09-17
FRVD,Vidauban,CHCC220GR2 CHCD,True,TRIMBLE BD990,True,"5.61,27/JUN/2023",True,100.0,79.67,99.0,21.7,37.5,24.7,1C 1X 2W 5X,1C 1P 2C 2P,1X 5X 6X 7X 8X,2I 6I,2026-09-17
NODS,Nods,TPSCR.G5 TPSH,True,TPS NET-G5,True,5.6.1+2410301224,False,100.0,88.64,99.32,27.7,27.9,20.5,1C 1W 1X 2W 2X 5X,1C 1P 2C 2P,1X 5X 6X 7X 8X,2I 6I 7I,2026-09-17
LEST,Les_Thioleyres,TPSCR.G5 TPSH,True,TPS NET-G5,True,5.6.1+2410301224,False,100.0,93.28,98.63,27.6,29.4,20.9,1C 1W 1X 2W 2X 5X,1C 1P 2C 2P,1X 5X 6X 7X 8X,2I 6I 7I,2026-09-17
CHSY,Satigny,TPSCR.G5 TPSH,True,TPS NET-G5,True,5.6.1+2410301224,False,100.0,92.61,99.02,35.4,36.6,25.4,1C 1W 1X 2W 2X 5X,1C 1P 2C 2P,1X 5X 6X 7X 8X,2I 6I 7I,2026-09-17
2ANG,2ANG_MSM7,TWIVP6050_CONE NONE,True,SEPT ASTERX SB,True,4.8.4,True,99.79,78.71,98.68,28.9,34.5,29.4,1C 2L 2W 5Q,1C 2C 2P,1C 5Q 7Q 8Q,2I 7I,2026-09-18
2ANN,2ANN_MSM7,TWIVC6050 SCIS,True,SEPT ASTERX SB,True,4.8.4,True,100.0,77.87,98.7,18.6,19.0,14.5,1C 2L 2W 5Q,1C 2C 2P,1C 5Q 7Q 8Q,2I 7I,2026-09-18
2AUC,2AUC_MSM7,TWIVC6050 SCIS,True,SEPT ASTERX SB,True,4.8.4,True,98.62,78.9,99.81,33.4,36.9,32.2,1C 2L 2W 5Q,1C 2C 2P,1C 5Q 7Q 8Q,2I 7I,2026-09-18
2BAL,2BAL_MSM7,TWIVC6050 SCIS,True,SEPT ASTERX SB,True,4.8.4,True,100.0,80.02,99.27,20.6,21.1,17.9,1C 2L 2W 5Q,1C 2C 2P,1C 5Q 7Q 8Q,2I 7I,2026-09-18
2BAS,2BAS_MSM7,TWIVC6050 SCIS,True,SEPT ASTERX SB,True,4.8.4,True,99.5,76.01,95.24,23.0,25.1,20.0,1C 2L 2W 5Q,1C 2C 2P,1C 5Q 7Q 8Q,2I 7I,2026-09-18
2BIL,2BIL_MSM7,TWIVP6050_CONE NONE,True,SEPT ASTERX SB,True,4.8.4,True,100.0,76.13,99.49,32.4,36.3,28.0,1C 2L 2W 5Q,1C 2C 2P,1C 5Q 7Q 8Q,2I 7I,2026-09-18
2CAS,2CAS_MSM7,TWIVC6050 SCIS,True,NOV OEM7700-1.02,True,OM7CR0800RN0000,True,100.0,78.02,99.07,39.8,32.8,27.2,1C 2S 2W 5Q,1C 2C 2P,1C 5Q 7Q 8Q,2I 6I 7I,2026-09-18
2CHR,2CHR_MSM7,TRM77971.00 NONE,True,SEPT ASTERX SB,True,4.8.4,True,99.71,78.72,99.43,30.4,33.8,28.1,1C 2L 2W 5Q,1C 2C 2P,1C 5Q 7Q 8Q,2I 7I,2026-09-18
2CIU,2CIU_MSM7,TWIVP6050_CONE NONE,True,SEPT ASTERX SB,True,4.8.4,True,100.0,79.56,99.47,35.4,41.9,35.1,1C 2L 2W 5Q,1C 2C 2P,1C 5Q 7Q 8Q,2I 7I,2026-09-18
2CLI,2CLI_MSM7,CHCA220GR NONE,False,SEPT ASTERX SB,True,4.8.4,True,100.0,79.37,99.0,29.4,37.6,30.7,1C 2L 2W 5Q,1C 2C 2P,1C 5Q 7Q 8Q,2I 7I,2026-09-18
2CUM,2CUM_MSM7,TWIVP6050_CONE NONE,True,SEPT ASTERX SB,True,4.8.4,True,100.0,79.36,99.36,31.1,35.0,27.8,1C 2L 2W 5Q,1C 2C 2P,1C 5Q 7Q 8Q,2I 7I,2026-09-18
2DUN,2DUN_MSM7,TWIVP6050_CONE NONE,True,SEPT ASTERX SB,True,4.8.4,True,100.0,81.0,99.85,33.4,37.9,31.0,1C 2L 2W 5Q,1C 2C 2P,1C 5Q 7Q 8Q,2I 7I,2026-09-18
2FIG,2FIG_MSM7,TWIVC6050 SCIS,True,SEPT ASTERX SB,True,4.8.4,True,100.0,77.78,99.21,20.4,22.6,18.6,1C 2L 2W 5Q,1C 2C 2P,1C 5Q 7Q 8Q,2I 7I,2026-09-18
2GAW,2GAW_MSM7,TWIVC6050 SCIS,True,SEPT ASTERX SB,True,4.8.4,True,99.71,78.75,98.46,24.2,27.6,22.6,1C 2L 2W 5Q,1C 2C 2P,1C 5Q 7Q 8Q,2I 7I,2026-09-18
2IMP,2IMP_MSM7,TWIVP6050_CONE NONE,True,SEPT ASTERX SB,True,4.8.4,True,99.79,76.84,98.25,32.1,34.2,26.2,1C 2L 2W 5Q,1C 2C 2P,1C 5Q 7Q 8Q,2I 7I,2026-09-18
2INV,2INV_MSM7,TWIVP6050_CONE NONE,True,SEPT ASTERX SB,True,4.8.4,True,99.54,81.22,99.75,34.0,37.9,30.3,1C 2L 2W 5Q,1C 2C 2P,1C 5Q 7Q 8Q,2I 7I,2026-09-18
2KIR,2KIR_MSM7,TWIVC6050 SCIS,True,SEPT ASTERX SB,True,4.8.4,True,99.54,81.57,98.36,22.5,24.0,18.8,1C 2L 2W 5Q,1C 2C 2P,1C 5Q 7Q 8Q,2I 7I,2026-09-18
2LIA,2LIA_MSM7,TWIVP6050_CONE NONE,True,SEPT ASTERX SB,True,4.8.4,True,99.79,78.54,98.0,34.0,39.6,30.8,1C 2L 2W 5Q,1C 2C 2P,1C 5Q 7Q 8Q,2I 7I,2026-09-18
2NER,2NER_MSM7,TWIVC6050 SCIS,True,SEPT ASTERX SB,True,4.8.4,True,99.79,78.74,98.21,21.1,22.3,18.4,1C 2L 2W 5Q,1C 2C 2P,1C 5Q 7Q 8Q,2I 7I,2026-09-18
2OBA,2OBA_MSM7,TWIVP6050_CONE NONE,True,SEPT ASTERX SB,True,4.8.4,True,99.79,80.36,99.59,29.3,34.6,30.7,1C 2L 2W 5Q,1C 2C 2P,1C 5Q 7Q 8Q,2I 7I,2026-09-18
2PIM,2PIM_MSM7,TRM77971.00 NONE,True,SEPT ASTERX SB,True,4.8.4,True,100.0,79.37,99.15,49.5,46.0,39.1,1C 2L 2W 5Q,1C 2C 2P,1C 5Q 7Q 8Q,2I 7I,2026-09-18
2SAL,2SAL_MSM7,TWIVP6050_CONE NONE,True,SEPT ASTERX SB,True,4.8.4,True,100.0,79.2,99.82,26.1,31.5,27.0,1C 2L 2W 5Q,1C 2C 2P,1C 5Q 7Q 8Q,2I 7I,2026-09-18
2TER,2TER_MSM7,TWIVP6050_CONE NONE,True,SEPT ASTERX SB,True,4.8.4,True,100.0,79.62,98.91,28.7,33.7,27.3,1C 2L 2W 5Q,1C 2C 2P,1C 5Q 7Q 8Q,2I 7I,2026-09-18
2UBE,2UBE_MSM7,TWIVP6050_CONE NONE,True,SEPT ASTERX SB,True,4.8.4,True,100.0,79.84,98.89,34.2,36.3,28.7,1C 2L 2W 5Q,1C 2C 2P,1C 5Q 7Q 8Q,2I 7I,2026-09-18
2VIE,2VIE_MSM7,TWIVC6050 SCIS,True,SEPT ASTERX SB,True,4.8.4,True,99.75,78.83,99.48,31.4,31.1,26.3,1C 2L 2W 5Q,1C 2C 2P,1C 5Q 7Q 8Q,2I 7I,2026-09-18
2WOR,2WOR_MSM7,CHCA220GR NONE,True,SEPT ASTERX SB,True,4.8.4,True,99.75,78.68,98.18,35.2,42.9,34.4,1C 2L 2W 5Q,1C 2C 2P,1C 5Q 7Q 8Q,2I 7I,2026-09-18
FRAV,Aveze,CHCC220GR2 CHCD,True,TRIMBLE BD990,True,"5.61,27/JUN/2023",True,100.0,72.19,95.46,15.5,21.8,27.2,1C 2W 5X,1C 2C 2P,1X 5X 6X 7X 8X,2I 6I,2026-09-18
FRBA,Barcelonette,CHCC220GR2 CHCD,True,TRIMBLE BD990,True,"5.61,27/JUN/2023",True,99.71,66.75,95.83,14.6,23.8,26.8,1C 2W 5X,1C 1P 2C 2P,1X 5X 6X 7X 8X,2I 6I,2026-09-18
FRCP,Case_De_Pene,CHCC220GR2 CHCD,True,TRIMBLE BD990,True,"5.61,27/JUN/2023",True,97.83,68.97,98.49,15.6,28.3,32.0,1C 2W 5X,1C 1P 2C 2P,1X 5X 7X 8X,2I,2026-09-18
FRCT,Castellane,CHCC220GR2 CHCD,True,TRIMBLE BD990,True,"5.61,27/JUN/2023",True,100.0,64.83,95.0,17.1,22.0,26.0,1C 2W 5X,1C 1P 2C 2P,1X 5X 6X 7X 8X,2I 6I,2026-09-18
FRCA,Castres,CHCC220GR2 CHCD,True,TRIMBLE BD990,True,"5.61,27/JUN/2023",True,100.0,72.69,85.72,15.7,24.1,27.2,1C 2W 5X,1C 2C,1X 5X 6X 7X 8X,2I 6I,2026-09-18
FRCD,Chateau_D_Olonne,CHCC220GR2 CHCD,True,TRIMBLE BD970,True,"5.41,24/APR/2019",True,100.0,80.13,99.94,27.5,21.8,19.9,1C 2W 5X,1C 2C,1X 5X 7X 8X,2I,2026-09-18
FRCN,Crehange,CHCC220GR2 CHCD,True,TRIMBLE BD990,True,"5.61,27/JUN/2023",True,100.0,71.58,91.67,14.0,24.3,16.3,1C 2W 5X,1C 1P 2C 2P,1X 5X 6X 7X 8X,2I 6I,2026-09-18
FRDO,Dontcourt_Aux_Templiers,CHCC220GR2 CHCD,True,TRIMBLE BD990,True,"5.61,27/JUN/2023",True,100.0,71.89,90.91,13.5,22.4,26.3,1C 2W 5X,1C 2C,1X 5X 6X 7X 8X,2I 6I,2026-09-18
FRDZ,Donzere,CHCC220GR2 CHCD,True,TRIMBLE BD990,True,"5.61,27/JUN/2023",True,100.0,72.31,88.89,13.4,21.1,25.1,1C 2W 5X,1C 2C,1X 5X 6X 7X 8X,2I 6I,2026-09-18
FRDY,Doyet,CHCC220GR CHCD,True,TRIMBLE BD970,True,"5.41,24/APR/2019",True,100.0,73.57,99.84,30.8,31.6,27.7,1C 2W 5X,1C 2C,1X 5X 7X 8X,2I,2026-09-18
FRDR,Drucat,CHCC220GR CHCD,True,TRIMBLE BD970,True,"5.41,24/APR/2019",True,100.0,72.67,99.88,29.3,26.4,25.0,1C 2W 5X,1C 2C,1X 5X 7X 8X,2I,2026-09-18
FREB,Ebersheim,CHCC220GR CHCD,True,TRIMBLE BD970,True,"5.41,24/APR/2019",True,100.0,72.6,99.79,29.3,28.8,26.9,1C 2W 5X,1C 2C,1X 5X 7X 8X,2I,2026-09-18
FRGU,Guidel,CHCC220GR CHCD,True,TRIMBLE BD970,True,"5.41,24/APR/2019",True,100.0,65.03,99.65,27.3,26.4,0.0,1C 2W,1C 2C,1X 5X 7X 8X,2I,2026-09-18
FRBO,La_Bourdiniere,CHCC220GR2 CHCD,True,TRIMBLE BD970,True,"5.41,24/APR/2019",True,100.0,65.02,99.06,27.0,23.1,22.1,1C 2W 5X,1C 2C,1X 5X 7X 8X,2I,2026-09-18
FRPE,Le_Puy_En_Velay,CHCC220GR2 CHCD,True,TRIMBLE BD990,True,"5.61,27/JUN/2023",True,100.0,72.47,97.37,14.0,22.3,26.5,1C 2W 5X,1C 2C 2P,1X 5X 6X 7X 8X,2I 6I,2026-09-18
FRMY,Maye,CHCC220GR CHCD,True,TRIMBLE BD970,True,"5.41,24/APR/2019",True,100.0,65.35,99.46,30.5,25.4,26.8,1C 2W 5X,1C 2C,1X 5X 7X 8X,2I,2026-09-18
FRMZ,Mazan,CHCC220GR2 CHCD,True,TRIMBLE BD990,True,"5.61,27/JUN/2023",True,100.0,72.25,87.5,14.9,23.7,30.2,1C 2W 5X,1C 2C,1X 5X 6X 7X 8X,2I 6I,2026-09-18
FRME,Melle,CHCC220GR2 CHCD,True,TRIMBLE BD990,True,"5.61,27/JUN/2023",True,100.0,72.74,90.91,14.3,21.7,24.0,1C 2W 5X,1C 1P 2C 2P,1X 5X 6X 7X 8X,2I 6I,2026-09-18
FRMS,Mours_Saint_Eusebe,CHCC220GR2 CHCD,True,TRIMBLE BD970,True,"5.41,24/APR/2019",True,100.0,67.67,99.69,25.8,19.8,19.1,1C 2W 5X,1C 2C,1X 5X 7X 8X,2I,2026-09-18
FRNE,Neuville,CHCC220GR CHCD,True,TRIMBLE BD970,True,"5.41,24/APR/2019",True,99.75,78.49,99.93,31.0,28.1,26.0,1C 2W 5X,1C 2C,1X 5X 7X 8X,2I,2026-09-18
FRNU,Nuisement,CHCC220GR CHCD,True,TRIMBLE BD970,True,"5.41,24/APR/2019",True,100.0,75.43,99.57,37.9,39.5,40.0,1C 2W 5X,1C 2C,1X 5X 7X 8X,2I,2026-09-18
FRPA,Piau_Engal,CHCC220GR2 CHCD,True,TRIMBLE BD990,True,"5.61,27/JUN/2023",True,100.0,69.29,83.33,15.3,21.7,14.3,1C 1X 2W 5X,1C 2C,1X 5X 6X 7X 8X,2I 6I,2026-09-18
FRPL,Plouhinec,CHCC220GR2 CHCD,True,TRIMBLE BD990,True,"5.61,27/JUN/2023",True,99.75,71.91,87.5,14.9,23.9,27.4,1C 2W 5X,1C 2C,1X 5X 6X 7X 8X,2I 6I,2026-09-18
FRSG,Saint_Georges_Dorques,CHCC220GR2 CHCD,True,TRIMBLE BD990,True,"5.61,27/JUN/2023",True,99.75,71.47,96.55,15.5,27.7,33.5,1C 2W 5X,1C 1P 2C 2P,1X 5X 6X 7X 8X,2I 6I,2026-09-18
FRSL,Sabl,CHCC220GR CHCD,True,TRIMBLE BD990,True,"5.61,27/JUN/2023",True,100.0,76.52,83.33,15.7,24.6,23.9,1C 2W 5X,1C 2C 2P,1X 5X 6X 7X 8X,2I 6I,2026-09-18
FRSN,Saint_Nabord,CHCC220GR2 CHCD,True,TRIMBLE BD990,True,"5.61,27/JUN/2023",True,100.0,71.99,83.33,15.5,25.3,29.8,1C 2W 5X,1C 2C,1X 5X 6X 7X 8X,2I 6I,2026-09-18
FRSU,Sautron,CHCC220GR2 CHCD,True,TRIMBLE BD970,True,"5.41,24/APR/2019",True,100.0,64.43,99.68,26.6,26.6,27.8,1C 2W 5X,1C 2C,1X 5X 7X 8X,2I,2026-09-18
FRSV,Saviere,CHCC220GR2 CHCD,True,TRIMBLE BD990,True,"5.61,27/JUN/2023",True,100.0,69.87,98.61,13.5,23.8,28.2,1C 1X 2W 5X,1C 1P 2C 2P,1X 5X 6X 7X 8X,2I 6I,2026-09-18
FRUN,Ugine,CHCC220GR2 CHCD,True,TRIMBLE BD990,True,"5.61,27/JUN/2023",True,100.0,64.62,96.0,16.9,26.8,29.3,1C 2W 5X,1C 1P 2C 2P,1X 5X 6X 7X 8X,2I 6I,2026-09-18
FRVL,Villevaude,CHCC220GR2 CHCD,True,TRIMBLE BD990,True,"5.61,27/JUN/2023",True,99.75,72.25,80.0,15.8,29.4,19.8,1C 1X 2W 5X,1C 1P 2C,1X 5X 6X 7X 8X,2I 6I,2026-09-18
FRSI,Saint_Pantaleon_De_Larche,CHCC220GR2 CHCD,True,TRIMBLE BD990,True,"5.61,27/JUN/2023",True,100.0,72.94,87.5,14.3,22.6,26.5,1C 2W 5X,1C 2C,1X 5X 6X 7X 8X,2I 6I,2026-09-18
FRCH,Cherbourg,CHCC220GR CHCD,True,TRIMBLE BD970,False,"5.41,24/APR/2019",False,100.0,72.74,90.91,13.2,19.5,14.4,1C 2W 2X 5X,1C 2C,1X 5X 7X 8X,2I 6I,2026-09-18
FREG,Egletons,CHCC220GR2 CHCD,True,TRIMBLE BD970,True,"5.41,24/APR/2019",True,100.0,76.89,99.92,30.7,30.4,29.5,1C 2W 5X,1C 2C,1X 5X 7X 8X,2I,2026-09-18
FRCV,Cavaillon,CHCC220GR2 CHCD,True,TRIMBLE BD990,True,"5.61,27/JUN/2023",True,100.0,72.14,87.5,14.3,26.7,29.2,1C 2W 2X 5X,1C 2C,1X 5X 6X 7X 8X,2I 6I,2026-09-18
FRVD,Vidauban,CHCC220GR2 CHCD,True,TRIMBLE BD990,True,"5.61,27/JUN/2023",True,100.0,67.97,99.14,22.1,37.8,25.0,1C 1X 2W 5X,1C 1P 2C 2P,1X 5X 6X 7X 8X,2I 6I,2026-09-18
NODS,Nods,TPSCR.G5 TPSH,True,TPS NET-G5,True,5.6.1+2410301224,False,99.96,79.8,99.23,27.9,27.9,21.0,1C 1W 1X 2W 2X 5X,1C 1P 2C 2P,1X 5X 6X 7X 8X,2I 6I 7I,2026-09-18
LEST,Les_Thioleyres,TPSCR.G5 TPSH,True,TPS NET-G5,True,5.6.1+2410301224,False,100.0,86.34,99.04,28.2,29.7,21.1,1C 1W 1X 2W 2X 5X,1C 1P 2C 2P,1X 5X 6X 7X 8X,2I 6I 7I,2026-09-18
CHSY,Satigny,TPSCR.G5 TPSH,True,TPS NET-G5,True,5.6.1+2410301224,False,100.0,85.76,99.28,36.1,36.8,25.0,1C 1W 1X 2W 2X 5X,1C 1P 2C 2P,1X 5X 6X 7X 8X,2I 6I 7I,2026-09-18
2ANG,2ANG_MSM7,TWIVP6050_CONE NONE,True,SEPT ASTERX SB,True,4.8.4,True,100.0,80.24,97.5,28.0,33.9,28.9,1C 2L 2W 5Q,1C 2C 2P,1C 5Q 7Q 8Q,2I 7I,2026-09-19
2ANN,2ANN_MSM7,TWIVC6050 SCIS,True,SEPT ASTERX SB,True,4.8.4,True,97.17,77.99,98.75,18.5,18.9,14.2,1C 2L 2W 5Q,1C 2C 2P,1C 5Q 7Q 8Q,2I 7I,2026-09-19
2AUC,2AUC_MSM7,TWIVC6050 SCIS,True,SEPT ASTERX SB,True,4.8.4,True,100.0,81.09,99.85,34.4,38.3,33.8,1C 2L 2W 5Q,1C 2C 2P,1C 5Q 7Q 8Q,2I 7I,2026-09-19
2BAL,2BAL_MSM7,TWIVC6050 SCIS,True,SEPT ASTERX SB,True,4.8.4,True,100.0,81.04,99.52,20.6,21.1,17.9,1C 2L 2W 5Q,1C 2C 2P,1C 5Q 7Q 8Q,2I 7I,2026-09-19
2BAS,2BAS_MSM7,TWIVC6050 SCIS,True,SEPT ASTERX SB,True,4.8.4,True,97.5,76.35,94.74,22.3,24.4,19.1,1C 2L 2W 5Q,1C 2C 2P,1C 5Q 7Q 8Q,2I 7I,2026-09-19
2BIL,2BIL_MSM7,TWIVP6050_CONE NONE,True,SEPT ASTERX SB,True,4.8.4,True,100.0,78.29,99.18,32.0,35.7,27.0,1C 2L 2W 5Q,1C 2C 2P,1C 5Q 7Q 8Q,2I 7I,2026-09-19
2CAS,2CAS_MSM7,TWIVC6050 SCIS,True,NOV OEM7700-1.02,True,OM7CR0800RN0000,True,100.0,79.36,98.59,38.5,32.6,26.7,1C 2S 2W 5Q,1C 2C 2P,1C 5Q 7Q 8Q,2I 6I 7I,2026-09-19
2CHR,2CHR_MSM7,TRM77971.00 NONE,True,SEPT ASTERX SB,True,4.8.4,True,99.54,79.99,99.51,30.0,33.2,27.7,1C 2L 2W 5Q,1C 2C 2P,1C 5Q 7Q 8Q,2I 7I,2026-09-19
2CIU,2CIU_MSM7,TWIVP6050_CONE NONE,True,SEPT ASTERX SB,True,4.8.4,True,100.0,81.58,99.39,34.7,41.3,34.2,1C 2L 2W 5Q,1C 2C 2P,1C 5Q 7Q 8Q,2I 7I,2026-09-19
2CLI,2CLI_MSM7,CHCA220GR NONE,False,SEPT ASTERX SB,True,4.8.4,True,99.79,80.33,99.16,29.1,37.2,30.0,1C 2L 2W 5Q,1C 2C 2P,1C 5Q 7Q 8Q,2I 7I,2026-09-19
2CUM,2CUM_MSM7,TWIVP6050_CONE NONE,True,SEPT ASTERX SB,True,4.8.4,True,99.5,80.68,98.96,31.0,34.8,27.3,1C 2L 2W 5Q,1C 2C 2P,1C 5Q 7Q 8Q,2I 7I,2026-09-19
2DUN,2DUN_MSM7,TWIVP6050_CONE NONE,True,SEPT ASTERX SB,True,4.8.4,True,99.79,81.78,99.87,32.8,37.3,31.0,1C 2L 2W 5Q,1C 2C 2P,1C 5Q 7Q 8Q,2I 7I,2026-09-19
2FIG,2FIG_MSM7,TWIVC6050 SCIS,True,SEPT ASTERX SB,True,4.8.4,True,96.75,77.42,98.82,20.2,22.1,18.6,1C 2L 2W 5Q,1C 2C 2P,1C 5Q 7Q 8Q,2I 7I,2026-09-19
2GAW,2GAW_MSM7,TWIVC6050 SCIS,True,SEPT ASTERX SB,True,4.8.4,True,99.79,79.94,98.68,25.0,27.4,22.6,1C 2L 2W 5Q,1C 2C 2P,1C 5Q 7Q 8Q,2I 7I,2026-09-19
2IMP,2IMP_MSM7,TWIVP6050_CONE NONE,True,SEPT ASTERX SB,True,4.8.4,True,100.0,78.4,94.12,32.7,34.2,26.6,1C 2L 2W 5Q,1C 2C 2P,1C 5Q 7Q 8Q,2I 7I,2026-09-19
2INV,2INV_MSM7,TWIVP6050_CONE NONE,True,SEPT ASTERX SB,True,4.8.4,True,100.0,82.69,99.76,33.7,37.4,30.1,1C 2L 2W 5Q,1C 2C 2P,1C 5Q 7Q 8Q,2I 7I,2026-09-19
2KIR,2KIR_MSM7,TWIVC6050 SCIS,True,SEPT ASTERX SB,True,4.8.4,True,100.0,83.04,98.33,22.1,23.4,18.4,1C 2L 2W 5Q,1C 2C 2P,1C 5Q 7Q 8Q,2I 7I,2026-09-19
2LIA,2LIA_MSM7,TWIVP6050_CONE NONE,True,SEPT ASTERX SB,True,4.8.4,True,100.0,80.06,96.97,33.6,39.0,30.2,1C 2L 2W 5Q,1C 2C 2P,1C 5Q 7Q 8Q,2I 7I,2026-09-19
2NER,2NER_MSM7,TWIVC6050 SCIS,True,SEPT ASTERX SB,True,4.8.4,True,100.0,80.11,97.87,21.1,22.0,18.4,1C 2L 2W 5Q,1C 2C 2P,1C 5Q 7Q 8Q,2I 7I,2026-09-19
2OBA,2OBA_MSM7,TWIVP6050_CONE NONE,True,SEPT ASTERX SB,True,4.8.4,True,100.0,81.67,99.56,29.6,35.3,30.7,1C 2L 2W 5Q,1C 2C 2P,1C 5Q 7Q 8Q,2I 7I,2026-09-19
2PIM,2PIM_MSM7,TRM77971.00 NONE,True,SEPT ASTERX SB,True,4.8.4,True,100.0,80.61,98.85,55.5,46.1,39.9,1C 2L 2W 5Q,1C 2C 2P,1C 5Q 7Q 8Q,2I 7I,2026-09-19
2SAL,2SAL_MSM7,TWIVP6050_CONE NONE,True,SEPT ASTERX SB,True,4.8.4,True,99.58,81.03,99.82,26.5,31.8,26.8,1C 2L 2W 5Q,1C 2C 2P,1C 5Q 7Q 8Q,2I 7I,2026-09-19
2TER,2TER_MSM7,TWIVP6050_CONE NONE,True,SEPT ASTERX SB,True,4.8.4,True,99.54,81.44,98.41,28.3,33.6,27.5,1C 2L 2W 5Q,1C 2C 2P,1C 5Q 7Q 8Q,2I 7I,2026-09-19
2UBE,2UBE_MSM7,TWIVP6050_CONE NONE,True,SEPT ASTERX SB,True,4.8.4,True,97.92,80.27,98.9,34.1,36.1,27.8,1C 2L 2W 5Q,1C 2C 2P,1C 5Q 7Q 8Q,2I 7I,2026-09-19
2VIE,2VIE_MSM7,TWIVC6050 SCIS,True,SEPT ASTERX SB,True,4.8.4,True,96.33,77.83,99.42,30.4,30.0,25.6,1C 2L 2W 5Q,1C 2C 2P,1C 5Q 7Q 8Q,2I 7I,2026-09-19
2WOR,2WOR_MSM7,CHCA220GR NONE,True,SEPT ASTERX SB,True,4.8.4,True,100.0,80.2,98.67,35.6,41.4,34.7,1C 2L 2W 5Q,1C 2C 2P,1C 5Q 7Q 8Q,2I 7I,2026-09-19
FRAV,Aveze,CHCC220GR2 CHCD,True,TRIMBLE BD990,True,"5.61,27/JUN/2023",True,100.0,74.25,83.33,15.7,21.5,27.2,1C 2W 5X,1C 2C,1X 5X 6X 7X 8X,2I 6I,2026-09-19
FRBA,Barcelonette,CHCC220GR2 CHCD,True,TRIMBLE BD990,True,"5.61,27/JUN/2023",True,100.0,68.49,94.74,14.6,23.8,26.0,1C 2W 5X,1C 1P 2C 2P,1X 5X 6X 7X 8X,2I 6I,2026-09-19
FRCP,Case_De_Pene,CHCC220GR2 CHCD,True,TRIMBLE BD990,True,"5.61,27/JUN/2023",True,100.0,72.83,96.15,15.4,28.3,31.6,1C 2W 5X,1C 1P 2C 2P,1X 5X 7X 8X,2I,2026-09-19
FRCT,Castellane,CHCC220GR2 CHCD,True,TRIMBLE BD990,True,"5.61,27/JUN/2023",True,100.0,66.83,95.83,16.9,21.7,26.2,1C 2W 5X,1C 1P 2C 2P,1X 5X 6X 7X 8X,2I 6I,2026-09-19
FRCA,Castres,CHCC220GR2 CHCD,True,TRIMBLE BD990,True,"5.61,27/JUN/2023",True,100.0,74.87,50.0,15.3,24.4,27.7,1C 2W 5X,1C 2C,1X 5X 6X 7X 8X,2I 6I,2026-09-19
FRCD,Chateau_D_Olonne,CHCC220GR2 CHCD,True,TRIMBLE BD970,True,"5.41,24/APR/2019",True,100.0,81.87,99.94,27.3,21.6,20.1,1C 2W 5X,1C 2C,1X 5X 7X 8X,2I,2026-09-19
FRCN,Crehange,CHCC220GR2 CHCD,True,TRIMBLE BD990,True,"5.61,27/JUN/2023",True,100.0,72.89,94.12,13.9,23.9,15.6,1C 2W 5X,1C 2C,1X 5X 6X 7X 8X,2I 6I,2026-09-19
FRDO,Dontcourt_Aux_Templiers,CHCC220GR2 CHCD,True,TRIMBLE BD990,True,"5.61,27/JUN/2023",True,100.0,73.23,91.67,13.3,22.3,25.5,1C 2W 5X,1C 2C,1X 5X 6X 7X 8X,2I 6I,2026-09-19
FRDZ,Donzere,CHCC220GR2 CHCD,True,TRIMBLE BD990,True,"5.61,27/JUN/2023",True,100.0,74.19,88.89,13.4,21.1,25.0,1C 2W 5X,1C 2C,1X 5X 6X 7X 8X,2I 6I,2026-09-19
FRDY,Doyet,CHCC220GR CHCD,True,TRIMBLE BD970,True,"5.41,24/APR/2019",True,100.0,75.0,99.85,30.8,30.6,27.2,1C 2W 5X,1C 2C,1X 5X 7X 8X,2I,2026-09-19
FRDR,Drucat,CHCC220GR CHCD,True,TRIMBLE BD970,True,"5.41,24/APR/2019",True,100.0,73.53,99.88,29.5,27.0,24.8,1C 2W 5X,1C 2C,1X 5X 7X 8X,2I,2026-09-19
FREB,Ebersheim,CHCC220GR CHCD,True,TRIMBLE BD970,True,"5.41,24/APR/2019",True,100.0,73.23,99.79,28.5,28.4,26.9,1C 2W 5X,1C 2C,1X 5X 7X 8X,2I,2026-09-19
FRGU,Guidel,CHCC220GR CHCD,True,TRIMBLE BD970,True,"5.41,24/APR/2019",True,100.0,66.57,99.67,27.5,25.8,0.0,1C 2W,1C 2C,1X 5X 7X 8X,2I,2026-09-19
FRBO,La_Bourdiniere,CHCC220GR2 CHCD,True,TRIMBLE BD970,True,"5.41,24/APR/2019",True,100.0,66.24,99.17,26.8,22.7,22.0,1C 2W 5X,1C 2C,1X 5X 7X 8X,2I,2026-09-19
FRPE,Le_Puy_En_Velay,CHCC220GR2 CHCD,True,TRIMBLE BD990,True,"5.61,27/JUN/2023",True,100.0,74.33,96.97,14.0,22.3,26.3,1C 2W 5X,1C 2C,1X 5X 6X 7X 8X,2I 6I,2026-09-19
FRMY,Maye,CHCC220GR CHCD,True,TRIMBLE BD970,True,"5.41,24/APR/2019",True,100.0,66.78,99.38,30.7,25.4,26.6,1C 2W 5X,1C 2C,1X 5X 7X 8X,2I,2026-09-19
FRMZ,Mazan,CHCC220GR2 CHCD,True,TRIMBLE BD990,True,"5.61,27/JUN/2023",True,100.0,74.11,80.0,14.7,23.6,30.1,1C 2W 5X,1C 2C,1X 5X 6X 7X 8X,2I 6I,2026-09-19
FRME,Melle,CHCC220GR2 CHCD,True,TRIMBLE BD990,True,"5.61,27/JUN/2023",True,100.0,74.89,66.67,14.0,21.2,23.0,1C 2W 5X,1C 2C 2P,1X 5X 6X 7X 8X,2I 6I,2026-09-19
FRMS,Mours_Saint_Eusebe,CHCC220GR2 CHCD,True,TRIMBLE BD970,True,"5.41,24/APR/2019",True,100.0,68.43,99.69,26.2,19.3,19.5,1C 2W 5X,1C 2C,1X 5X 7X 8X,2I,2026-09-19
FRNE,Neuville,CHCC220GR CHCD,True,TRIMBLE BD970,True,"5.41,24/APR/2019",True,100.0,79.65,99.93,30.1,26.8,25.1,1C 2W 5X,1C 2C,1X 5X 7X 8X,2I,2026-09-19
FRNU,Nuisement,CHCC220GR CHCD,True,TRIMBLE BD970,True,"5.41,24/APR/2019",True,100.0,76.06,99.62,37.8,39.5,41.0,1C 2W 5X,1C 2C,1X 5X 7X 8X,2I,2026-09-19
FRPA,Piau_Engal,CHCC220GR2 CHCD,True,TRIMBLE BD990,True,"5.61,27/JUN/2023",True,100.0,71.68,94.45,15.0,21.3,14.1,1C 1X 2W 5X,1C 1P 2C,1X 5X 6X 7X 8X,2I 6I,2026-09-19
FRPL,Plouhinec,CHCC220GR2 CHCD,True,TRIMBLE BD990,True,"5.61,27/JUN/2023",True,99.75,74.17,83.33,15.2,24.1,27.4,1C 2W 5X,1C 2C,1X 5X 6X 7X 8X,2I 6I,2026-09-19
FRSG,Saint_Georges_Dorques,CHCC220GR2 CHCD,True,TRIMBLE BD990,True,"5.61,27/JUN/2023",True,99.54,73.33,96.0,15.4,27.3,32.0,1C 2W 5X,1C 1P 2C 2P,1X 5X 6X 7X 8X,2I 6I,2026-09-19
FRSL,Sabl,CHCC220GR CHCD,True,TRIMBLE BD990,True,"5.61,27/JUN/2023",True,100.0,78.77,91.67,15.4,24.6,24.0,1C 2W 5X,1C 1P 2C 2P,1X 5X 6X 7X 8X,2I 6I,2026-09-19
FRSN,Saint_Nabord,CHCC220GR2 CHCD,True,TRIMBLE BD990,True,"5.61,27/JUN/2023",True,100.0,73.23,87.5,15.2,25.1,29.6,1C 2W 5X,1C 2C,1X 5X 6X 7X 8X,2I 6I,2026-09-19
FRSU,Sautron,CHCC220GR2 CHCD,True,TRIMBLE BD970,True,"5.41,24/APR/2019",True,100.0,65.93,99.7,26.4,25.7,26.7,1C 2W 5X,1C 2C,1X 5X 7X 8X,2I,2026-09-19
FRSV,Saviere,CHCC220GR2 CHCD,True,TRIMBLE BD990,True,"5.61,27/JUN/2023",True,100.0,71.91,98.61,13.6,23.5,27.9,1C 1X 2W 5X,1C 1P 2C 2P,1X 5X 6X 7X 8X,2I 6I,2026-09-19
FRUN,Ugine,CHCC220GR2 CHCD,True,TRIMBLE BD990,True,"5.61,27/JUN/2023",True,100.0,66.58,95.65,17.1,26.3,28.8,1C 2W 5X,1C 1P 2C,1X 5X 6X 7X 8X,2I 6I,2026-09-19
FRVL,Villevaude,CHCC220GR2 CHCD,True,TRIMBLE BD990,True,"5.61,27/JUN/2023",True,100.0,73.89,50.0,15.5,30.0,19.8,1C 1X 2W 5X,1C 2C 2P,1X 5X 6X 7X 8X,2I 6I,2026-09-19
FRSI,Saint_Pantaleon_De_Larche,CHCC220GR2 CHCD,True,TRIMBLE BD990,True,"5.61,27/JUN/2023",True,100.0,74.9,83.33,14.1,22.8,26.4,1C 2W 5X,1C 2C,1X 5X 6X 7X 8X,2I 6I,2026-09-19
FRCH,Cherbourg,CHCC220GR CHCD,True,TRIMBLE BD970,False,"5.41,24/APR/2019",False,100.0,74.24,92.86,13.1,19.5,14.4,1C 2W 2X 5X,1C 2C,1X 5X 7X 8X,2I 6I,2026-09-19
FREG,Egletons,CHCC220GR2 CHCD,True,TRIMBLE BD970,True,"5.41,24/APR/2019",True,100.0,77.34,99.93,30.7,29.9,29.7,1C 2W 5X,1C 2C,1X 5X 7X 8X,2I,2026-09-19
FRCV,Cavaillon,CHCC220GR2 CHCD,True,TRIMBLE BD990,True,"5.61,27/JUN/2023",True,100.0,74.15,50.0,13.9,26.1,29.5,1C 2W 2X 5X,1C 2C,1X 5X 6X 7X 8X,2I 6I,2026-09-19
FRVD,Vidauban,CHCC220GR2 CHCD,True,TRIMBLE BD990,True,"5.61,27/JUN/2023",True,100.0,69.83,99.03,21.9,37.9,24.8,1C 1X 2W 5X,1C 1P 2C 2P,1X 5X 6X 7X 8X,2I 6I,2026-09-19
NODS,Nods,TPSCR.G5 TPSH,True,TPS NET-G5,True,5.6.1+2410301224,False,99.96,82.2,99.13,27.6,27.6,21.0,1C 1W 1X 2W 2X 5X,1C 1P 2C 2P,1X 5X 6X 7X 8X,2I 6I 7I,2026-09-19
LEST,Les_Thioleyres,TPSCR.G5 TPSH,True,TPS NET-G5,True,5.6.1+2410301224,False,99.96,88.56,98.46,27.8,29.4,21.0,1C 1W 1X 2W 2X 5X,1C 1P 2C 2P,1X 5X 6X 7X 8X,2I 6I 7I,2026-09-19
CHSY,Satigny,TPSCR.G5 TPSH,True,TPS NET-G5,True,5.6.1+2410301224,False,99.96,87.86,99.13,37.1,38.5,27.2,1C 1W 1X 2W 2X 5X,1C 1P 2C 2P,1X 5X 6X 7X 8X,2I 6I 7I,2026-09-19
2ANG,2ANG_MSM7,TWIVP6050_CONE NONE,True,SEPT ASTERX SB,True,4.8.4,True,99.58,79.46,98.91,28.8,34.6,28.8,1C 2L 2W 5Q,1C 2C 2P,1C 5Q 7Q 8Q,2I 7I,2026-09-20
2ANN,2ANN_MSM7,TWIVC6050 SCIS,True,SEPT ASTERX SB,True,4.8.4,True,100.0,79.26,98.93,18.7,19.0,14.3,1C 2L 2W 5Q,1C 2C 2P,1C 5Q 7Q 8Q,2I 7I,2026-09-20
2AUC,2AUC_MSM7,TWIVC6050 SCIS,True,SEPT ASTERX SB,True,4.8.4,True,100.0,80.86,99.89,36.6,40.0,34.1,1C 2L 2W 5Q,1C 2C 2P,1C 5Q 7Q 8Q,2I 7I,2026-09-20
2BAL,2BAL_MSM7,TWIVC6050 SCIS,True,SEPT ASTERX SB,True,4.8.4,True,100.0,80.83,99.46,20.3,20.7,17.3,1C 2L 2W 5Q,1C 2C 2P,1C 5Q 7Q 8Q,2I 7I,2026-09-20
2BAS,2BAS_MSM7,TWIVC6050 SCIS,True,SEPT ASTERX SB,True,4.8.4,True,100.0,77.72,90.91,22.3,24.2,19.1,1C 2L 2W 5Q,1C 2C 2P,1C 5Q 7Q 8Q,2I 7I,2026-09-20
2BIL,2BIL_MSM7,TWIVP6050_CONE NONE,True,SEPT ASTERX SB,True,4.8.4,True,100.0,77.8,99.5,32.2,36.3,27.9,1C 2L 2W 5Q,1C 2C 2P,1C 5Q 7Q 8Q,2I 7I,2026-09-20
2CAS,2CAS_MSM7,TWIVC6050 SCIS,True,NOV OEM7700-1.02,True,OM7CR0800RN0000,True,100.0,79.09,99.07,39.3,32.7,26.4,1C 2S 2W 5Q,1C 2C 2P,1C 5Q 7Q 8Q,2I 6I 7I,2026-09-20
2CHR,2CHR_MSM7,TRM77971.00 NONE,True,SEPT ASTERX SB,True,4.8.4,True,100.0,80.07,99.3,30.4,33.3,27.4,1C 2L 2W 5Q,1C 2C 2P,1C 5Q 7Q 8Q,2I 7I,2026-09-20
2CIU,2CIU_MSM7,TWIVP6050_CONE NONE,True,SEPT ASTERX SB,True,4.8.4,True,99.75,81.14,99.56,34.4,40.9,33.5,1C 2L 2W 5Q,1C 2C 2P,1C 5Q 7Q 8Q,2I 7I,2026-09-20
2CLI,2CLI_MSM7,CHCA220GR NONE,False,SEPT ASTERX SB,True,4.8.4,True,100.0,80.22,99.35,30.2,38.4,30.8,1C 2L 2W 5Q,1C 2C 2P,1C 5Q 7Q 8Q,2I 7I,2026-09-20
2CUM,2CUM_MSM7,TWIVP6050_CONE NONE,True,SEPT ASTERX SB,True,4.8.4,True,100.0,81.42,99.33,30.7,34.9,27.6,1C 2L 2W 5Q,1C 2C 2P,1C 5Q 7Q 8Q,2I 7I,2026-09-20
2DUN,2DUN_MSM7,TWIVP6050_CONE NONE,True,SEPT ASTERX SB,True,4.8.4,True,99.58,81.37,99.87,33.5,37.7,32.0,1C 2L 2W 5Q,1C 2C 2P,1C 5Q 7Q 8Q,2I 7I,2026-09-20
2FIG,2FIG_MSM7,TWIVC6050 SCIS,True,SEPT ASTERX SB,True,4.8.4,True,100.0,79.12,99.02,20.6,22.1,18.4,1C 2L 2W 5Q,1C 2C 2P,1C 5Q 7Q 8Q,2I 7I,2026-09-20
2GAW,2GAW_MSM7,TWIVC6050 SCIS,True,SEPT ASTERX SB,True,4.8.4,True,99.71,79.66,99.03,25.4,27.9,22.8,1C 2L 2W 5Q,1C 2C 2P,1C 5Q 7Q 8Q,2I 7I,2026-09-20
2IMP,2IMP_MSM7,TWIVP6050_CONE NONE,True,SEPT ASTERX SB,True,4.8.4,True,100.0,77.47,95.65,32.5,34.6,27.0,1C 2L 2W 5Q,1C 2C 2P,1C 5Q 7Q 8Q,2I 7I,2026-09-20
2INV,2INV_MSM7,TWIVP6050_CONE NONE,True,SEPT ASTERX SB,True,4.8.4,True,100.0,82.44,99.74,33.3,37.0,30.4,1C 2L 2W 5Q,1C 2C 2P,1C 5Q 7Q 8Q,2I 7I,2026-09-20
2KIR,2KIR_MSM7,TWIVC6050 SCIS,True,SEPT ASTERX SB,True,4.8.4,True,100.0,82.79,96.0,21.7,23.1,18.0,1C 2L 2W 5Q,1C 2C 2P,1C 5Q 7Q 8Q,2I 7I,2026-09-20
2LIA,2LIA_MSM7,TWIVP6050_CONE NONE,True,SEPT ASTERX SB,True,4.8.4,True,100.0,79.76,93.75,33.8,39.2,29.8,1C 2L 2W 5Q,1C 2C 2P,1C 5Q 7Q 8Q,2I 7I,2026-09-20
2NER,2NER_MSM7,TWIVC6050 SCIS,True,SEPT ASTERX SB,True,4.8.4,True,100.0,79.74,97.22,21.5,22.4,18.3,1C 2L 2W 5Q,1C 2C 2P,1C 5Q 7Q 8Q,2I 7I,2026-09-20
2OBA,2OBA_MSM7,TWIVP6050_CONE NONE,True,SEPT ASTERX SB,True,4.8.4,True,100.0,81.34,99.62,30.1,35.8,30.9,1C 2L 2W 5Q,1C 2C 2P,1C 5Q 7Q 8Q,2I 7I,2026-09-20
2PIM,2PIM_MSM7,TRM77971.00 NONE,True,SEPT ASTERX SB,True,4.8.4,True,100.0,80.25,99.08,50.5,45.5,39.5,1C 2L 2W 5Q,1C 2C 2P,1C 5Q 7Q 8Q,2I 7I,2026-09-20
2SAL,2SAL_MSM7,TWIVP6050_CONE NONE,True,SEPT ASTERX SB,True,4.8.4,True,100.0,80.86,99.81,26.5,32.4,28.0,1C 2L 2W 5Q,1C 2C 2P,1C 5Q 7Q 8Q,2I 7I,2026-09-20
2TER,2TER_MSM7,TWIVP6050_CONE NONE,True,SEPT ASTERX SB,True,4.8.4,True,100.0,81.32,98.84,28.4,33.6,27.1,1C 2L 2W 5Q,1C 2C 2P,1C 5Q 7Q 8Q,2I 7I,2026-09-20
2UBE,2UBE_MSM7,TWIVP6050_CONE NONE,True,SEPT ASTERX SB,True,4.8.4,True,99.75,81.57,99.11,34.1,36.5,28.3,1C 2L 2W 5Q,1C 2C 2P,1C 5Q 7Q 8Q,2I 7I,2026-09-20
2VIE,2VIE_MSM7,TWIVC6050 SCIS,True,SEPT ASTERX SB,True,4.8.4,True,99.75,80.11,99.43,30.2,29.5,25.8,1C 2L 2W 5Q,1C 2C 2P,1C 5Q 7Q 8Q,2I 7I,2026-09-20
2WOR,2WOR_MSM7,CHCA220GR NONE,True,SEPT ASTERX SB,True,4.8.4,True,100.0,79.87,98.57,32.9,41.5,34.2,1C 2L 2W 5Q,1C 2C 2P,1C 5Q 7Q 8Q,2I 7I,2026-09-20
FRAV,Aveze,CHCC220GR2 CHCD,True,TRIMBLE BD990,True,"5.61,27/JUN/2023",True,100.0,73.42,88.89,15.6,21.3,27.1,1C 2W 5X,1C 2C,1X 5X 6X 7X 8X,2I 6I,2026-09-20
FRBA,Barcelonette,CHCC220GR2 CHCD,True,TRIMBLE BD990,True,"5.61,27/JUN/2023",True,100.0,68.01,93.33,14.5,23.7,26.5,1C 2W 5X,1C 1P 2C 2P,1X 5X 6X 7X 8X,2I 6I,2026-09-20
FRCP,Case_De_Pene,CHCC220GR2 CHCD,True,TRIMBLE BD990,True,"5.61,27/JUN/2023",True,83.46,57.77,97.62,15.6,27.9,31.6,1C 2W 5X,1C 1P 2C 2P,1X 5X 7X 8X,2I,2026-09-20
FRCT,Castellane,CHCC220GR2 CHCD,True,TRIMBLE BD990,True,"5.61,27/JUN/2023",True,100.0,66.2,96.88,16.8,21.7,25.9,1C 2W 5X,1C 1P 2C 2P,1X 5X 6X 7X 8X,2I 6I,2026-09-20
FRCA,Castres,CHCC220GR2 CHCD,True,TRIMBLE BD990,True,"5.61,27/JUN/2023",True,100.0,74.23,66.67,15.3,24.3,27.9,1C 2W 5X,1C 2C 2P,1X 5X 6X 7X 8X,2I 6I,2026-09-20
FRCD,Chateau_D_Olonne,CHCC220GR2 CHCD,True,TRIMBLE BD970,True,"5.41,24/APR/2019",True,100.0,81.46,99.94,27.3,21.4,19.8,1C 2W 5X,1C 2C,1X 5X 7X 8X,2I,2026-09-20
FRCN,Crehange,CHCC220GR2 CHCD,True,TRIMBLE BD990,True,"5.61,27/JUN/2023",True,100.0,72.26,91.67,14.3,23.9,15.5,1C 2W 5X,1C 2C,1X 5X 6X 7X 8X,2I 6I,2026-09-20
FRDO,Dontcourt_Aux_Templiers,CHCC220GR2 CHCD,True,TRIMBLE BD990,True,"5.61,27/JUN/2023",True,100.0,72.65,93.33,13.2,21.8,25.2,1C 2W 5X,1C 2C,1X 5X 6X 7X 8X,2I 6I,2026-09-20
FRDZ,Donzere,CHCC220GR2 CHCD,True,TRIMBLE BD990,True,"5.61,27/JUN/2023",True,100.0,73.39,80.0,13.5,21.1,24.9,1C 2W 5X,1C 2C,1X 5X 6X 7X 8X,2I 6I,2026-09-20
FRDY,Doyet,CHCC220GR CHCD,True,TRIMBLE BD970,True,"5.41,24/APR/2019",True,100.0,74.08,99.83,30.2,30.3,27.0,1C 2W 5X,1C 2C,1X 5X 7X 8X,2I,2026-09-20
FRDR,Drucat,CHCC220GR CHCD,True,TRIMBLE BD970,True,"5.41,24/APR/2019",True,100.0,72.69,99.89,29.1,26.6,24.1,1C 2W 5X,1C 2C,1X 5X 7X 8X,2I,2026-09-20
FREB,Ebersheim,CHCC220GR CHCD,True,TRIMBLE BD970,True,"5.41,24/APR/2019",True,99.96,72.63,99.78,28.5,28.5,26.5,1C 2W 5X,1C 2C,1X 5X 7X 8X,2I,2026-09-20
FRGU,Guidel,CHCC220GR CHCD,True,TRIMBLE BD970,True,"5.41,24/APR/2019",True,100.0,65.24,99.64,27.0,26.2,0.0,1C 2W,1C 2C,1X 5X 7X 8X,2I,2026-09-20
FRBO,La_Bourdiniere,CHCC220GR2 CHCD,True,TRIMBLE BD970,True,"5.41,24/APR/2019",True,100.0,65.31,99.01,26.8,22.8,22.3,1C 2W 5X,1C 2C,1X 5X 7X 8X,2I,2026-09-20
FRPE,Le_Puy_En_Velay,CHCC220GR2 CHCD,True,TRIMBLE BD990,True,"5.61,27/JUN/2023",True,100.0,73.65,96.15,14.1,22.2,26.5,1C 2W 5X,1C 2C,1X 5X 6X 7X 8X,2I 6I,2026-09-20
FRMY,Maye,CHCC220GR CHCD,True,TRIMBLE BD970,True,"5.41,24/APR/2019",True,100.0,65.77,99.25,30.4,25.1,26.4,1C 2W 5X,1C 2C,1X 5X 7X 8X,2I,2026-09-20
FRMZ,Mazan,CHCC220GR2 CHCD,True,TRIMBLE BD990,True,"5.61,27/JUN/2023",True,100.0,73.38,80.0,14.7,23.7,29.9,1C 2W 5X,1C 2C,1X 5X 6X 7X 8X,2I 6I,2026-09-20
FRME,Melle,CHCC220GR2 CHCD,True,TRIMBLE BD990,True,"5.61,27/JUN/2023",True,100.0,74.34,92.86,14.1,21.3,22.7,1C 2W 5X,1C 1P 2C 2P,1X 5X 6X 7X 8X,2I 6I,2026-09-20
FRMS,Mours_Saint_Eusebe,CHCC220GR2 CHCD,True,TRIMBLE BD970,True,"5.41,24/APR/2019",True,100.0,67.86,99.74,26.1,19.5,19.6,1C 2W 5X,1C 2C,1X 5X 7X 8X,2I,2026-09-20
FRNE,Neuville,CHCC220GR CHCD,True,TRIMBLE BD970,True,"5.41,24/APR/2019",True,100.0,79.3,99.93,30.6,27.2,24.9,1C 2W 5X,1C 2C,1X 5X 7X 8X,2I,2026-09-20
FRNU,Nuisement,CHCC220GR CHCD,True,TRIMBLE BD970,True,"5.41,24/APR/2019",True,100.0,75.38,99.6,37.2,39.4,40.4,1C 2W 5X,1C 2C,1X 5X 7X 8X,2I,2026-09-20
FRPA,Piau_Engal,CHCC220GR2 CHCD,True,TRIMBLE BD990,True,"5.61,27/JUN/2023",True,100.0,70.48,88.89,15.3,21.5,13.8,1C 1X 2W 5X,1C 1P 2C,1X 5X 6X 7X 8X,2I 6I,2026-09-20
FRPL,Plouhinec,CHCC220GR2 CHCD,True,TRIMBLE BD990,True,"5.61,27/JUN/2023",True,40.5,27.46,66.67,14.8,23.4,25.6,1C 2W 5X,1C 2C,1X 5X 6X 7X 8X,2I 6I,2026-09-20
FRSG,Saint_Georges_Dorques,CHCC220GR2 CHCD,True,TRIMBLE BD990,True,"5.61,27/JUN/2023",True,99.33,72.24,95.0,15.3,27.5,32.7,1C 2W 5X,1C 1P 2C 2P,1X 5X 6X 7X 8X,2I 6I,2026-09-20
FRSL,Sabl,CHCC220GR CHCD,True,TRIMBLE BD990,True,"5.61,27/JUN/2023",True,100.0,77.9,93.33,15.3,24.9,23.6,1C 2W 5X,1C 2C,1X 5X 6X 7X 8X,2I 6I,2026-09-20
FRSN,Saint_Nabord,CHCC220GR2 CHCD,True,TRIMBLE BD990,True,"5.61,27/JUN/2023",True,100.0,72.6,87.5,15.6,25.2,30.1,1C 2W 5X,1C 2C,1X 5X 6X 7X 8X,2I 6I,2026-09-20
FRSU,Sautron,CHCC220GR2 CHCD,True,TRIMBLE BD970,True,"5.41,24/APR/2019",True,100.0,64.72,99.65,26.3,25.7,26.8,1C 2W 5X,1C 2C,1X 5X 7X 8X,2I,2026-09-20
FRSV,Saviere,CHCC220GR2 CHCD,True,TRIMBLE BD990,True,"5.61,27/JUN/2023",True,100.0,71.19,98.57,13.3,22.7,27.2,1C 1X 2W 5X,1C 1P 2C 2P,1X 5X 6X 7X 8X,2I 6I,2026-09-20
FRUN,Ugine,CHCC220GR2 CHCD,True,TRIMBLE BD990,True,"5.61,27/JUN/2023",True,100.0,65.95,95.83,16.6,26.2,29.2,1C 2W 5X,1C 2C 2P,1X 5X 6X 7X 8X,2I 6I,2026-09-20
FRVL,Villevaude,CHCC220GR2 CHCD,True,TRIMBLE BD990,True,"5.61,27/JUN/2023",True,100.0,73.25,66.67,15.5,29.7,20.0,1C 1X 2W 5X,1C 1P 2C,1X 5X 6X 7X 8X,2I 6I,2026-09-20
FRSI,Saint_Pantaleon_De_Larche,CHCC220GR2 CHCD,True,TRIMBLE BD990,True,"5.61,27/JUN/2023",True,100.0,74.34,80.0,14.4,23.0,26.7,1C 2W 5X,1C 2C,1X 5X 6X 7X 8X,2I 6I,2026-09-20
FRCH,Cherbourg,CHCC220GR CHCD,True,TRIMBLE BD970,False,"5.41,24/APR/2019",False,99.96,73.55,87.5,13.0,19.6,14.2,1C 2W 2X 5X,1C 2C,1X 5X 7X 8X,2I 6I,2026-09-20
FREG,Egletons,CHCC220GR2 CHCD,True,TRIMBLE BD970,True,"5.41,24/APR/2019",True,100.0,77.4,99.93,31.0,30.8,29.4,1C 2W 5X,1C 2C,1X 5X 7X 8X,2I,2026-09-20
FRCV,Cavaillon,CHCC220GR2 CHCD,True,TRIMBLE BD990,True,"5.61,27/JUN/2023",True,100.0,73.45,80.0,14.2,25.8,29.1,1C 2W 2X 5X,1C 2C,1X 5X 6X 7X 8X,2I 6I,2026-09-20
FRVD,Vidauban,CHCC220GR2 CHCD,True,TRIMBLE BD990,True,"5.61,27/JUN/2023",True,100.0,69.17,99.15,21.7,37.6,24.7,1C 1X 2W 5X,1C 1P 2C 2P,1X 5X 6X 7X 8X,2I 6I,2026-09-20
NODS,Nods,TPSCR.G5 TPSH,True,TPS NET-G5,True,5.6.1+2410301224,False,100.0,81.35,99.25,27.9,28.3,20.9,1C 1W 1X 2W 2X 5X,1C 1P 2C 2P,1X 5X 6X 7X 8X,2I 6I 7I,2026-09-20
LEST,Les_Thioleyres,TPSCR.G5 TPSH,True,TPS NET-G5,True,5.6.1+2410301224,False,100.0,87.88,99.12,27.3,28.8,21.4,1C 1W 1X 2W 2X 5X,1C 1P 2C 2P,1X 5X 6X 7X 8X,2I 6I 7I,2026-09-20
CHSY,Satigny,TPSCR.G5 TPSH,True,TPS NET-G5,True,5.6.1+2410301224,False,100.0,87.1,99.31,37.1,38.2,27.0,1C 1W 1X 2W 2X 5X,1C 1P 2C 2P,1X 5X 6X 7X 8X,2I 6I 7I,2026-09-20
2ANG,2ANG_MSM7,TWIVP6050_CONE NONE,True,SEPT ASTERX SB,True,4.8.4,True,100.0,79.61,98.41,28.8,34.8,29.1,1C 2L 2W 5Q,1C 2C 2P,1C 5Q 7Q 8Q,2I 7I,2026-09-21
2ANN,2ANN_MSM7,TWIVC6050 SCIS,True,SEPT ASTERX SB,True,4.8.4,True,100.0,79.48,97.62,18.7,18.7,14.4,1C 2L 2W 5Q,1C 2C 2P,1C 5Q 7Q 8Q,2I 7I,2026-09-21
2AUC,2AUC_MSM7,TWIVC6050 SCIS,True,SEPT ASTERX SB,True,4.8.4,True,99.75,80.67,99.91,35.9,39.2,33.6,1C 2L 2W 5Q,1C 2C 2P,1C 5Q 7Q 8Q,2I 7I,2026-09-21
2BAL,2BAL_MSM7,TWIVC6050 SCIS,True,SEPT ASTERX SB,True,4.8.4,True,100.0,80.86,99.39,20.2,20.8,17.5,1C 2L 2W 5Q,1C 2C 2P,1C 5Q 7Q 8Q,2I 7I,2026-09-21
2BAS,2BAS_MSM7,TWIVC6050 SCIS,True,SEPT ASTERX SB,True,4.8.4,True,100.0,77.38,87.5,22.9,24.4,19.8,1C 2L 2W 5Q,1C 2C 2P,1C 5Q 7Q 8Q,2I 7I,2026-09-21
2BIL,2BIL_MSM7,TWIVP6050_CONE NONE,True,SEPT ASTERX SB,True,4.8.4,True,99.29,77.03,99.51,32.4,36.3,27.1,1C 2L 2W 5Q,1C 2C 2P,1C 5Q 7Q 8Q,2I 7I,2026-09-21
2CAS,2CAS_MSM7,TWIVC6050 SCIS,True,NOV OEM7700-1.02,True,OM7CR0800RN0000,True,100.0,78.83,98.9,38.3,32.1,26.0,1C 2S 2W 5Q,1C 2C 2P,1C 5Q 7Q 8Q,2I 6I 7I,2026-09-21
2CHR,2CHR_MSM7,TRM77971.00 NONE,True,SEPT ASTERX SB,True,4.8.4,True,78.67,63.66,99.32,30.1,33.7,27.9,1C 2L 2W 5Q,1C 2C 2P,1C 5Q 7Q 8Q,2I 7I,2026-09-21
2CIU,2CIU_MSM7,TWIVP6050_CONE NONE,True,SEPT ASTERX SB,True,4.8.4,True,99.75,81.28,99.08,35.0,41.1,34.2,1C 2L 2W 5Q,1C 2C 2P,1C 5Q 7Q 8Q,2I 7I,2026-09-21
2CLI,2CLI_MSM7,CHCA220GR NONE,False,SEPT ASTERX SB,True,4.8.4,True,99.79,80.17,99.09,31.7,38.9,31.7,1C 2L 2W 5Q,1C 2C 2P,1C 5Q 7Q 8Q,2I 7I,2026-09-21
2CUM,2CUM_MSM7,TWIVP6050_CONE NONE,True,SEPT ASTERX SB,True,4.8.4,True,100.0,81.18,92.86,30.5,34.8,27.5,1C 2L 2W 5Q,1C 2C 2P,1C 5Q 7Q 8Q,2I 7I,2026-09-21
2DUN,2DUN_MSM7,TWIVP6050_CONE NONE,True,SEPT ASTERX SB,True,4.8.4,True,100.0,81.9,99.86,33.4,37.9,30.8,1C 2L 2W 5Q,1C 2C 2P,1C 5Q 7Q 8Q,2I 7I,2026-09-21
2FIG,2FIG_MSM7,TWIVC6050 SCIS,True,SEPT ASTERX SB,True,4.8.4,True,100.0,78.85,98.57,21.0,22.3,18.5,1C 2L 2W 5Q,1C 2C 2P,1C 5Q 7Q 8Q,2I 7I,2026-09-21
2GAW,2GAW_MSM7,TWIVC6050 SCIS,True,SEPT ASTERX SB,True,4.8.4,True,99.92,79.78,96.55,24.6,27.6,21.9,1C 2L 2W 5Q,1C 2C 2P,1C 5Q 7Q 8Q,2I 7I,2026-09-21
2IMP,2IMP_MSM7,TWIVP6050_CONE NONE,True,SEPT ASTERX SB,True,4.8.4,True,100.0,77.9,93.75,33.0,34.5,26.4,1C 2L 2W 5Q,1C 2C 2P,1C 5Q 7Q 8Q,2I 7I,2026-09-21
2INV,2INV_MSM7,TWIVP6050_CONE NONE,True,SEPT ASTERX SB,True,4.8.4,True,99.96,82.52,99.76,34.3,37.5,30.8,1C 2L 2W 5Q,1C 2C 2P,1C 5Q 7Q 8Q,2I 7I,2026-09-21
2KIR,2KIR_MSM7,TWIVC6050 SCIS,True,SEPT ASTERX SB,True,4.8.4,True,99.75,82.72,98.33,22.3,23.4,18.1,1C 2L 2W 5Q,1C 2C 2P,1C 5Q 7Q 8Q,2I 7I,2026-09-21
2LIA,2LIA_MSM7,TWIVP6050_CONE NONE,True,SEPT ASTERX SB,True,4.8.4,True,99.79,79.03,98.08,33.9,39.0,30.1,1C 2L 2W 5Q,1C 2C 2P,1C 5Q 7Q 8Q,2I 7I,2026-09-21
2NER,2NER_MSM7,TWIVC6050 SCIS,True,SEPT ASTERX SB,True,4.8.4,True,100.0,79.59,95.0,21.2,22.2,18.1,1C 2L 2W 5Q,1C 2C 2P,1C 5Q 7Q 8Q,2I 7I,2026-09-21
2OBA,2OBA_MSM7,TWIVP6050_CONE NONE,True,SEPT ASTERX SB,True,4.8.4,True,99.58,81.05,99.55,30.0,35.8,30.9,1C 2L 2W 5Q,1C 2C 2P,1C 5Q 7Q 8Q,2I 7I,2026-09-21
2PIM,2PIM_MSM7,TRM77971.00 NONE,True,SEPT ASTERX SB,True,4.8.4,True,100.0,80.31,98.86,49.2,45.9,39.1,1C 2L 2W 5Q,1C 2C 2P,1C 5Q 7Q 8Q,2I 7I,2026-09-21
2SAL,2SAL_MSM7,TWIVP6050_CONE NONE,True,SEPT ASTERX SB,True,4.8.4,True,100.0,81.24,99.81,26.2,31.4,26.9,1C 2L 2W 5Q,1C 2C 2P,1C 5Q 7Q 8Q,2I 7I,2026-09-21
2TER,2TER_MSM7,TWIVP6050_CONE NONE,True,SEPT ASTERX SB,True,4.8.4,True,100.0,81.36,96.43,28.6,34.1,27.6,1C 2L 2W 5Q,1C 2C 2P,1C 5Q 7Q 8Q,2I 7I,2026-09-21
2UBE,2UBE_MSM7,TWIVP6050_CONE NONE,True,SEPT ASTERX SB,True,4.8.4,True,98.67,80.37,97.56,34.5,36.1,28.7,1C 2L 2W 5Q,1C 2C 2P,1C 5Q 7Q 8Q,2I 7I,2026-09-21
2VIE,2VIE_MSM7,TWIVC6050 SCIS,True,SEPT ASTERX SB,True,4.8.4,True,99.75,80.39,99.38,30.1,29.4,25.0,1C 2L 2W 5Q,1C 2C 2P,1C 5Q 7Q 8Q,2I 7I,2026-09-21
2WOR,2WOR_MSM7,CHCA220GR NONE,True,SEPT ASTERX SB,True,4.8.4,True,100.0,79.61,98.22,30.2,41.8,33.8,1C 2L 2W 5Q,1C 2C 2P,1C 5Q 7Q 8Q,2I 7I,2026-09-21
FRAV,Aveze,CHCC220GR2 CHCD,True,TRIMBLE BD990,True,"5.61,27/JUN/2023",True,100.0,73.58,87.5,15.5,21.5,27.1,1C 2W 5X,1C 2C 2P,1X 5X 6X 7X 8X,2I 6I,2026-09-21
FRBA,Barcelonette,CHCC220GR2 CHCD,True,TRIMBLE BD990,True,"5.61,27/JUN/2023",True,100.0,68.29,94.12,14.5,23.8,26.7,1C 2W 5X,1C 1P 2C,1X 5X 6X 7X 8X,2I 6I,2026-09-21
FRCP,Case_De_Pene,CHCC220GR2 CHCD,True,TRIMBLE BD990,True,"5.61,27/JUN/2023",True,99.54,72.05,98.8,15.6,28.2,30.8,1C 2W 5X,1C 1P 2C 2P,1X 5X 7X 8X,2I,2026-09-21
FRCT,Castellane,CHCC220GR2 CHCD,True,TRIMBLE BD990,True,"5.61,27/JUN/2023",True,100.0,66.24,97.06,16.9,21.7,26.0,1C 2W 5X,1C 1P 2C 2P,1X 5X 6X 7X 8X,2I 6I,2026-09-21
FRCA,Castres,CHCC220GR2 CHCD,True,TRIMBLE BD990,True,"5.61,27/JUN/2023",True,100.0,74.25,87.5,15.3,24.2,27.7,1C 2W 5X,1C 2C,1X 5X 6X 7X 8X,2I 6I,2026-09-21
FRCD,Chateau_D_Olonne,CHCC220GR2 CHCD,True,TRIMBLE BD970,True,"5.41,24/APR/2019",True,100.0,80.92,99.95,27.1,21.9,20.0,1C 2W 5X,1C 2C,1X 5X 7X 8X,2I,2026-09-21
FRCN,Crehange,CHCC220GR2 CHCD,True,TRIMBLE BD990,True,"5.61,27/JUN/2023",True,100.0,72.3,94.74,13.8,23.4,15.6,1C 2W 5X,1C 2C,1X 5X 6X 7X 8X,2I 6I,2026-09-21
FRDO,Dontcourt_Aux_Templiers,CHCC220GR2 CHCD,True,TRIMBLE BD990,True,"5.61,27/JUN/2023",True,100.0,72.58,93.33,13.3,21.7,25.8,1C 2W 5X,1C 2C,1X 5X 6X 7X 8X,2I 6I,2026-09-21
FRDZ,Donzere,CHCC220GR2 CHCD,True,TRIMBLE BD990,True,"5.61,27/JUN/2023",True,100.0,73.62,80.0,13.4,21.0,24.8,1C 2W 5X,1C 2C,1X 5X 6X 7X 8X,2I 6I,2026-09-21
FRDY,Doyet,CHCC220GR CHCD,True,TRIMBLE BD970,True,"5.41,24/APR/2019",True,100.0,74.24,99.85,30.5,30.3,27.2,1C 2W 5X,1C 2C,1X 5X 7X 8X,2I,2026-09-21
FRDR,Drucat,CHCC220GR CHCD,True,TRIMBLE BD970,True,"5.41,24/APR/2019",True,100.0,72.85,99.89,28.6,26.7,24.5,1C 2W 5X,1C 2C,1X 5X 7X 8X,2I,2026-09-21
FREB,Ebersheim,CHCC220GR CHCD,True,TRIMBLE BD970,True,"5.41,24/APR/2019",True,100.0,72.97,99.78,28.7,29.1,27.2,1C 2W 5X,1C 2C,1X 5X 7X 8X,2I,2026-09-21
FRGU,Guidel,CHCC220GR CHCD,True,TRIMBLE BD970,True,"5.41,24/APR/2019",True,100.0,65.36,99.67,27.2,26.3,0.0,1C 2W,1C 2C,1X 5X 7X 8X,2I,2026-09-21
FRBO,La_Bourdiniere,CHCC220GR2 CHCD,True,TRIMBLE BD970,True,"5.41,24/APR/2019",True,100.0,65.43,98.96,26.6,22.9,21.7,1C 2W 5X,1C 2C,1X 5X 7X 8X,2I,2026-09-21
FRPE,Le_Puy_En_Velay,CHCC220GR2 CHCD,True,TRIMBLE BD990,True,"5.61,27/JUN/2023",True,99.96,73.67,97.37,13.9,22.4,26.5,1C 2W 5X,1C 2C,1X 5X 6X 7X 8X,2I 6I,2026-09-21
FRMY,Maye,CHCC220GR CHCD,True,TRIMBLE BD970,True,"5.41,24/APR/2019",True,100.0,65.92,99.47,30.5,25.4,27.1,1C 2W 5X,1C 2C,1X 5X 7X 8X,2I,2026-09-21
FRMZ,Mazan,CHCC220GR2 CHCD,True,TRIMBLE BD990,True,"5.61,27/JUN/2023",True,100.0,73.51,88.89,14.7,23.5,29.4,1C 2W 5X,1C 2C 2P,1X 5X 6X 7X 8X,2I 6I,2026-09-21
FRME,Melle,CHCC220GR2 CHCD,True,TRIMBLE BD990,True,"5.61,27/JUN/2023",True,100.0,74.23,83.33,14.3,21.5,23.4,1C 2W 5X,1C 2C 2P,1X 5X 6X 7X 8X,2I 6I,2026-09-21
FRMS,Mours_Saint_Eusebe,CHCC220GR2 CHCD,True,TRIMBLE BD970,True,"5.41,24/APR/2019",True,100.0,68.04,99.69,26.2,19.4,19.2,1C 2W 5X,1C 2C,1X 5X 7X 8X,2I,2026-09-21
FRNE,Neuville,CHCC220GR CHCD,True,TRIMBLE BD970,True,"5.41,24/APR/2019",True,100.0,78.97,99.93,30.7,28.3,25.0,1C 2W 5X,1C 2C,1X 5X 7X 8X,2I,2026-09-21
FRNU,Nuisement,CHCC220GR CHCD,True,TRIMBLE BD970,True,"5.41,24/APR/2019",True,100.0,75.16,99.51,36.9,38.7,39.5,1C 2W 5X,1C 2C,1X 5X 7X 8X,2I,2026-09-21
FRPA,Piau_Engal,CHCC220GR2 CHCD,True,TRIMBLE BD990,True,"5.61,27/JUN/2023",True,99.04,70.45,87.5,15.1,21.3,13.6,1C 1X 2W 5X,1C 1P 2C,1X 5X 6X 7X 8X,2I 6I,2026-09-21
FRPL,Plouhinec,CHCC220GR2 CHCD,True,TRIMBLE BD990,True,"5.61,27/JUN/2023",True,58.83,40.39,50.0,15.1,23.4,28.5,1C 2W 5X,1C 2C 2P,1X 5X 6X 7X 8X,2I 6I,2026-09-21
FRSG,Saint_Georges_Dorques,CHCC220GR2 CHCD,True,TRIMBLE BD990,True,"5.61,27/JUN/2023",True,99.08,72.31,95.46,15.2,27.6,33.3,1C 2W 5X,1C 1P 2C 2P,1X 5X 6X 7X 8X,2I 6I,2026-09-21
FRSL,Sabl,CHCC220GR CHCD,True,TRIMBLE BD990,True,"5.61,27/JUN/2023",True,100.0,77.98,91.67,15.4,24.4,23.3,1C 2W 5X,1C 2C,1X 5X 6X 7X 8X,2I 6I,2026-09-21
FRSN,Saint_Nabord,CHCC220GR2 CHCD,True,TRIMBLE BD990,True,"5.61,27/JUN/2023",True,100.0,72.55,90.0,15.7,25.3,29.8,1C 2W 5X,1C 2C,1X 5X 6X 7X 8X,2I 6I,2026-09-21
FRSU,Sautron,CHCC220GR2 CHCD,True,TRIMBLE BD970,True,"5.41,24/APR/2019",True,100.0,64.92,99.73,26.6,26.0,27.0,1C 2W 5X,1C 2C,1X 5X 7X 8X,2I,2026-09-21
FRSV,Saviere,CHCC220GR2 CHCD,True,TRIMBLE BD990,True,"5.61,27/JUN/2023",True,100.0,71.11,98.22,13.4,23.4,28.0,1C 1X 2W 5X,1C 1P 2C 2P,1X 5X 6X 7X 8X,2I 6I,2026-09-21
FRUN,Ugine,CHCC220GR2 CHCD,True,TRIMBLE BD990,True,"5.61,27/JUN/2023",True,100.0,65.92,96.3,16.6,26.3,29.0,1C 2W 5X,1C 1P 2C,1X 5X 6X 7X 8X,2I 6I,2026-09-21
FRVL,Villevaude,CHCC220GR2 CHCD,True,TRIMBLE BD990,True,"5.61,27/JUN/2023",True,100.0,73.09,0.0,15.5,29.8,19.7,1C 1X 2W 5X,1C 2C,1X 5X 6X 7X 8X,2I 6I,2026-09-21
FRSI,Saint_Pantaleon_De_Larche,CHCC220GR2 CHCD,True,TRIMBLE BD990,True,"5.61,27/JUN/2023",True,100.0,74.25,80.0,14.1,22.8,26.2,1C 2W 5X,1C 2C 2P,1X 5X 6X 7X 8X,2I 6I,2026-09-21
FRCH,Cherbourg,CHCC220GR CHCD,True,TRIMBLE BD970,False,"5.41,24/APR/2019",False,99.96,73.45,96.15,13.1,19.7,14.6,1C 2W 2X 5X,1C 2C,1X 5X 7X 8X,2I 6I,2026-09-21
FREG,Egletons,CHCC220GR2 CHCD,True,TRIMBLE BD970,True,"5.41,24/APR/2019",True,100.0,76.93,99.92,31.3,31.2,30.0,1C 2W 5X,1C 2C,1X 5X 7X 8X,2I,2026-09-21
FRCV,Cavaillon,CHCC220GR2 CHCD,True,TRIMBLE BD990,True,"5.61,27/JUN/2023",True,100.0,73.57,85.71,14.2,26.2,29.1,1C 2W 2X 5X,1C 2C,1X 5X 6X 7X 8X,2I 6I,2026-09-21
FRVD,Vidauban,CHCC220GR2 CHCD,True,TRIMBLE BD990,True,"5.61,27/JUN/2023",True,100.0,69.38,98.95,22.0,38.2,25.1,1C 1X 2W 5X,1C 1P 2C 2P,1X 5X 6X 7X 8X,2I 6I,2026-09-21
NODS,Nods,TPSCR.G5 TPSH,True,TPS NET-G5,True,5.6.1+2410301224,False,99.96,81.54,98.98,27.8,28.2,21.0,1C 1W 1X 2W 2X 5X,1C 1P 2C 2P,1X 5X 6X 7X 8X,2I 6I 7I,2026-09-21
LEST,Les_Thioleyres,TPSCR.G5 TPSH,True,TPS NET-G5,True,5.6.1+2410301224,False,100.0,87.96,98.67,27.3,29.1,21.2,1C 1W 1X 2W 2X 5X,1C 1P 2C 2P,1X 5X 6X 7X 8X,2I 6I 7I,2026-09-21
CHSY,Satigny,TPSCR.G5 TPSH,True,TPS NET-G5,True,5.6.1+2410301224,False,100.0,87.63,99.08,37.2,38.4,27.7,1C 1W 1X 2W 2X 5X,1C 1P 2C 2P,1X 5X 6X 7X 8X,2I 6I 7I,2026-09-21
2ANG,2ANG_MSM7,TWIVP6050_CONE NONE,True,SEPT ASTERX SB,True,4.8.4,True,99.54,79.5,98.99,28.2,34.4,28.4,1C 2L 2W 5Q,1C 2C 2P,1C 5Q 7Q 8Q,2I 7I,2026-09-22
2ANN,2ANN_MSM7,TWIVC6050 SCIS,True,SEPT ASTERX SB,True,4.8.4,True,99.79,79.22,98.46,18.6,18.9,14.1,1C 2L 2W 5Q,1C 2C 2P,1C 5Q 7Q 8Q,2I 7I,2026-09-22
2AUC,2AUC_MSM7,TWIVC6050 SCIS,True,SEPT ASTERX SB,True,4.8.4,True,99.79,80.63,99.9,36.0,39.9,35.3,1C 2L 2W 5Q,1C 2C 2P,1C 5Q 7Q 8Q,2I 7I,2026-09-22
2BAL,2BAL_MSM7,TWIVC6050 SCIS,True,SEPT ASTERX SB,True,4.8.4,True,99.25,80.21,99.51,20.6,20.8,17.3,1C 2L 2W 5Q,1C 2C 2P,1C 5Q 7Q 8Q,2I 7I,2026-09-22
2BAS,2BAS_MSM7,TWIVC6050 SCIS,True,SEPT ASTERX SB,True,4.8.4,True,100.0,77.99,85.71,22.3,23.9,19.1,1C 2L 2W 5Q,1C 2C 2P,1C 5Q 7Q 8Q,2I 7I,2026-09-22
2BIL,2BIL_MSM7,TWIVP6050_CONE NONE,True,SEPT ASTERX SB,True,4.8.4,True,100.0,77.81,99.51,32.2,36.1,27.2,1C 2L 2W 5Q,1C 2C 2P,1C 5Q 7Q 8Q,2I 7I,2026-09-22
2CAS,2CAS_MSM7,TWIVC6050 SCIS,True,NOV OEM7700-1.02,True,OM7CR0800RN0000,True,99.75,79.11,98.92,38.5,33.5,27.8,1C 2S 2W 5Q,1C 2C 2P,1C 5Q 7Q 8Q,2I 6I 7I,2026-09-22
2CHR,2CHR_MSM7,TRM77971.00 NONE,True,SEPT ASTERX SB,True,4.8.4,True,58.67,45.22,98.96,30.4,33.9,28.0,1C 2L 2W 5Q,1C 2C 2P,1C 5Q 7Q 8Q,2I 7I,2026-09-22
2CIU,2CIU_MSM7,TWIVP6050_CONE NONE,True,SEPT ASTERX SB,True,4.8.4,True,100.0,81.36,99.36,35.2,41.3,34.0,1C 2L 2W 5Q,1C 2C 2P,1C 5Q 7Q 8Q,2I 7I,2026-09-22
2CLI,2CLI_MSM7,CHCA220GR NONE,False,SEPT ASTERX SB,True,4.8.4,True,99.54,80.02,99.22,31.3,38.7,31.9,1C 2L 2W 5Q,1C 2C 2P,1C 5Q 7Q 8Q,2I 7I,2026-09-22
2CUM,2CUM_MSM7,TWIVP6050_CONE NONE,True,SEPT ASTERX SB,True,4.8.4,True,99.75,80.8,98.96,30.9,34.9,27.9,1C 2L 2W 5Q,1C 2C 2P,1C 5Q 7Q 8Q,2I 7I,2026-09-22
2DUN,2DUN_MSM7,TWIVP6050_CONE NONE,True,SEPT ASTERX SB,True,4.8.4,True,99.75,81.61,99.86,32.5,37.4,30.9,1C 2L 2W 5Q,1C 2C 2P,1C 5Q 7Q 8Q,2I 7I,2026-09-22
2FIG,2FIG_MSM7,TWIVC6050 SCIS,True,SEPT ASTERX SB,True,4.8.4,True,99.79,78.93,98.36,20.4,22.0,18.3,1C 2L 2W 5Q,1C 2C 2P,1C 5Q 7Q 8Q,2I 7I,2026-09-22
2GAW,2GAW_MSM7,TWIVC6050 SCIS,True,SEPT ASTERX SB,True,4.8.4,True,99.58,79.6,97.56,24.6,27.4,22.0,1C 2L 2W 5Q,1C 2C 2P,1C 5Q 7Q 8Q,2I 7I,2026-09-22
2IMP,2IMP_MSM7,TWIVP6050_CONE NONE,True,SEPT ASTERX SB,True,4.8.4,True,99.79,77.82,94.44,33.8,34.3,25.8,1C 2L 2W 5Q,1C 2C 2P,1C 5Q 7Q 8Q,2I 7I,2026-09-22
2INV,2INV_MSM7,TWIVP6050_CONE NONE,True,SEPT ASTERX SB,True,4.8.4,True,99.58,82.11,99.78,34.4,37.8,30.4,1C 2L 2W 5Q,1C 2C 2P,1C 5Q 7Q 8Q,2I 7I,2026-09-22
2KIR,2KIR_MSM7,TWIVC6050 SCIS,True,SEPT ASTERX SB,True,4.8.4,True,99.79,82.7,97.92,23.3,23.8,18.2,1C 2L 2W 5Q,1C 2C 2P,1C 5Q 7Q 8Q,2I 7I,2026-09-22
2LIA,2LIA_MSM7,TWIVP6050_CONE NONE,True,SEPT ASTERX SB,True,4.8.4,True,99.58,79.44,96.67,33.8,39.0,29.9,1C 2L 2W 5Q,1C 2C 2P,1C 5Q 7Q 8Q,2I 7I,2026-09-22
2NER,2NER_MSM7,TWIVC6050 SCIS,True,SEPT ASTERX SB,True,4.8.4,True,99.79,79.74,97.44,21.2,22.0,18.0,1C 2L 2W 5Q,1C 2C 2P,1C 5Q 7Q 8Q,2I 7I,2026-09-22
2OBA,2OBA_MSM7,TWIVP6050_CONE NONE,True,SEPT ASTERX SB,True,4.8.4,True,99.5,80.89,99.55,30.2,35.5,31.2,1C 2L 2W 5Q,1C 2C 2P,1C 5Q 7Q 8Q,2I 7I,2026-09-22
2PIM,2PIM_MSM7,TRM77971.00 NONE,True,SEPT ASTERX SB,True,4.8.4,True,99.54,80.01,98.33,51.7,46.2,39.0,1C 2L 2W 5Q,1C 2C 2P,1C 5Q 7Q 8Q,2I 7I,2026-09-22
2SAL,2SAL_MSM7,TWIVP6050_CONE NONE,True,SEPT ASTERX SB,True,4.8.4,True,99.75,80.81,99.82,26.1,31.4,26.6,1C 2L 2W 5Q,1C 2C 2P,1C 5Q 7Q 8Q,2I 7I,2026-09-22
2TER,2TER_MSM7,TWIVP6050_CONE NONE,True,SEPT ASTERX SB,True,4.8.4,True,99.29,80.72,98.36,28.7,34.7,28.1,1C 2L 2W 5Q,1C 2C 2P,1C 5Q 7Q 8Q,2I 7I,2026-09-22
2UBE,2UBE_MSM7,TWIVP6050_CONE NONE,True,SEPT ASTERX SB,True,4.8.4,True,97.87,79.79,98.73,33.3,34.9,27.6,1C 2L 2W 5Q,1C 2C 2P,1C 5Q 7Q 8Q,2I 7I,2026-09-22
2VIE,2VIE_MSM7,TWIVC6050 SCIS,True,SEPT ASTERX SB,True,4.8.4,True,99.58,80.41,99.44,30.4,30.2,25.9,1C 2L 2W 5Q,1C 2C 2P,1C 5Q 7Q 8Q,2I 7I,2026-09-22
2WOR,2WOR_MSM7,CHCA220GR NONE,True,SEPT ASTERX SB,True,4.8.4,True,99.58,79.55,97.5,30.8,40.3,32.6,1C 2L 2W 5Q,1C 2C 2P,1C 5Q 7Q 8Q,2I 7I,2026-09-22
FRAV,Aveze,CHCC220GR2 CHCD,True,TRIMBLE BD990,True,"5.61,27/JUN/2023",True,100.0,73.75,90.91,15.5,21.5,27.2,1C 2W 5X,1C 2C,1X 5X 6X 7X 8X,2I 6I,2026-09-22
FRBA,Barcelonette,CHCC220GR2 CHCD,True,TRIMBLE BD990,True,"5.61,27/JUN/2023",True,100.0,68.43,96.3,14.4,23.7,26.5,1C 2W 5X,1C 1P 2C 2P,1X 5X 6X 7X 8X,2I 6I,2026-09-22
FRCP,Case_De_Pene,CHCC220GR2 CHCD,True,TRIMBLE BD990,True,"5.61,27/JUN/2023",True,100.0,72.18,98.0,15.7,28.2,31.6,1C 2W 5X,1C 1P 2C 2P,1X 5X 7X 8X,2I,2026-09-22
FRCT,Castellane,CHCC220GR2 CHCD,True,TRIMBLE BD990,True,"5.61,27/JUN/2023",True,100.0,66.55,96.67,16.8,21.7,26.0,1C 2W 5X,1C 2C 2P,1X 5X 6X 7X 8X,2I 6I,2026-09-22
FRCA,Castres,CHCC220GR2 CHCD,True,TRIMBLE BD990,True,"5.61,27/JUN/2023",True,100.0,74.44,87.5,15.1,24.0,27.5,1C 2W 5X,1C 2C,1X 5X 6X 7X 8X,2I 6I,2026-09-22
FRCD,Chateau_D_Olonne,CHCC220GR2 CHCD,True,TRIMBLE BD970,True,"5.41,24/APR/2019",True,99.96,81.77,99.94,27.2,21.4,19.7,1C 2W 5X,1C 2C,1X 5X 7X 8X,2I,2026-09-22
FRCN,Crehange,CHCC220GR2 CHCD,True,TRIMBLE BD990,True,"5.61,27/JUN/2023",True,100.0,72.71,95.0,13.9,23.6,15.8,1C 2W 5X,1C 1P 2C 2P,1X 5X 6X 7X 8X,2I 6I,2026-09-22
FRDO,Dontcourt_Aux_Templiers,CHCC220GR2 CHCD,True,TRIMBLE BD990,True,"5.61,27/JUN/2023",True,100.0,73.04,87.5,13.1,22.0,25.2,1C 2W 5X,1C 2C 2P,1X 5X 6X 7X 8X,2I 6I,2026-09-22
FRDZ,Donzere,CHCC220GR2 CHCD,True,TRIMBLE BD990,True,"5.61,27/JUN/2023",True,100.0,73.89,80.0,13.4,21.2,25.1,1C 2W 5X,1C 2C,1X 5X 6X 7X 8X,2I 6I,2026-09-22
FRDY,Doyet,CHCC220GR CHCD,True,TRIMBLE BD970,True,"5.41,24/APR/2019",True,99.75,75.31,99.85,30.5,30.9,27.2,1C 2W 5X,1C 2C,1X 5X 7X 8X,2I,2026-09-22
FRDR,Drucat,CHCC220GR CHCD,True,TRIMBLE BD970,True,"5.41,24/APR/2019",True,100.0,73.58,99.88,29.2,27.0,24.5,1C 2W 5X,1C 2C,1X 5X 7X 8X,2I,2026-09-22
FREB,Ebersheim,CHCC220GR CHCD,True,TRIMBLE BD970,True,"5.41,24/APR/2019",True,100.0,73.88,99.8,28.8,28.5,26.5,1C 2W 5X,1C 2C,1X 5X 7X 8X,2I,2026-09-22
FRGU,Guidel,CHCC220GR CHCD,True,TRIMBLE BD970,True,"5.41,24/APR/2019",True,100.0,66.38,99.66,27.2,26.3,0.0,1C 2W,1C 2C,1X 5X 7X 8X,2I,2026-09-22
FRBO,La_Bourdiniere,CHCC220GR2 CHCD,True,TRIMBLE BD970,True,"5.41,24/APR/2019",True,100.0,66.21,99.15,26.8,23.0,21.8,1C 2W 5X,1C 2C,1X 5X 7X 8X,2I,2026-09-22
FRPE,Le_Puy_En_Velay,CHCC220GR2 CHCD,True,TRIMBLE BD990,True,"5.61,27/JUN/2023",True,99.5,73.67,97.37,13.9,22.3,26.4,1C 2W 5X,1C 2C,1X 5X 6X 7X 8X,2I 6I,2026-09-22
FRMY,Maye,CHCC220GR CHCD,True,TRIMBLE BD970,True,"5.41,24/APR/2019",True,100.0,66.84,99.47,30.7,25.5,27.0,1C 2W 5X,1C 2C,1X 5X 7X 8X,2I,2026-09-22
FRMZ,Mazan,CHCC220GR2 CHCD,True,TRIMBLE BD990,True,"5.61,27/JUN/2023",True,100.0,73.81,66.67,14.7,23.6,30.2,1C 2W 5X,1C 2C,1X 5X 6X 7X 8X,2I 6I,2026-09-22
FRME,Melle,CHCC220GR2 CHCD,True,TRIMBLE BD990,True,"5.61,27/JUN/2023",True,96.62,72.15,93.33,14.5,21.6,23.6,1C 2W 5X,1C 2C 2P,1X 5X 6X 7X 8X,2I 6I,2026-09-22
FRMS,Mours_Saint_Eusebe,CHCC220GR2 CHCD,True,TRIMBLE BD970,True,"5.41,24/APR/2019",True,100.0,69.1,99.78,25.8,19.8,19.9,1C 2W 5X,1C 2C,1X 5X 7X 8X,2I,2026-09-22
FRNE,Neuville,CHCC220GR CHCD,True,TRIMBLE BD970,True,"5.41,24/APR/2019",True,100.0,79.63,99.93,31.1,27.8,25.6,1C 2W 5X,1C 2C,1X 5X 7X 8X,2I,2026-09-22
FRNU,Nuisement,CHCC220GR CHCD,True,TRIMBLE BD970,True,"5.41,24/APR/2019",True,99.96,76.35,99.99,37.5,39.4,39.9,1C 2W 5X,1C 2C 2P,1X 5X 7X 8X,2I,2026-09-22
FRPA,Piau_Engal,CHCC220GR2 CHCD,True,TRIMBLE BD990,True,"5.61,27/JUN/2023",True,99.5,70.53,92.86,15.1,21.1,13.8,1C 1X 2W 5X,1C 2C,1X 5X 6X 7X 8X,2I 6I,2026-09-22
FRPL,Plouhinec,CHCC220GR2 CHCD,True,TRIMBLE BD990,True,"5.61,27/JUN/2023",True,99.75,73.95,66.67,15.1,23.9,27.6,1C 2W 5X,1C 2C 2P,1X 5X 6X 7X 8X,2I 6I,2026-09-22
FRSG,Saint_Georges_Dorques,CHCC220GR2 CHCD,True,TRIMBLE BD990,True,"5.61,27/JUN/2023",True,99.75,73.03,95.65,15.2,27.4,32.8,1C 2W 5X,1C 1P 2C 2P,1X 5X 6X 7X 8X,2I 6I,2026-09-22
FRSL,Sabl,CHCC220GR CHCD,True,TRIMBLE BD990,True,"5.61,27/JUN/2023",True,100.0,78.42,92.31,15.7,25.2,24.3,1C 2W 5X,1C 2C,1X 5X 6X 7X 8X,2I 6I,2026-09-22
FRSN,Saint_Nabord,CHCC220GR2 CHCD,True,TRIMBLE BD990,True,"5.61,27/JUN/2023",True,100.0,72.88,87.5,15.6,25.1,29.9,1C 2W 5X,1C 1P 2C,1X 5X 6X 7X 8X,2I 6I,2026-09-22
FRSU,Sautron,CHCC220GR2 CHCD,True,TRIMBLE BD970,True,"5.41,24/APR/2019",True,100.0,65.81,99.72,26.6,25.9,27.7,1C 2W 5X,1C 2C,1X 5X 7X 8X,2I,2026-09-22
FRSV,Saviere,CHCC220GR2 CHCD,True,TRIMBLE BD990,True,"5.61,27/JUN/2023",True,99.75,71.33,98.85,13.4,23.6,28.5,1C 1X 2W 5X,1C 1P 2C 2P,1X 5X 6X 7X 8X,2I 6I,2026-09-22
FRUN,Ugine,CHCC220GR2 CHCD,True,TRIMBLE BD990,True,"5.61,27/JUN/2023",True,100.0,66.3,95.0,17.1,26.5,29.4,1C 2W 5X,1C 2C,1X 5X 6X 7X 8X,2I 6I,2026-09-22
FRVL,Villevaude,CHCC220GR2 CHCD,True,TRIMBLE BD990,True,"5.61,27/JUN/2023",True,99.08,72.86,80.0,15.6,29.8,19.6,1C 1X 2W 5X,1C 2C 2P,1X 5X 6X 7X 8X,2I 6I,2026-09-22
FRSI,Saint_Pantaleon_De_Larche,CHCC220GR2 CHCD,True,TRIMBLE BD990,True,"5.61,27/JUN/2023",True,100.0,74.5,66.67,14.4,22.5,26.7,1C 2W 5X,1C 2C 2P,1X 5X 6X 7X 8X,2I 6I,2026-09-22
FRCH,Cherbourg,CHCC220GR CHCD,True,TRIMBLE BD970,False,"5.41,24/APR/2019",False,99.96,74.04,92.86,13.3,19.7,14.2,1C 2W 2X 5X,1C 2C,1X 5X 7X 8X,2I 6I,2026-09-22
FREG,Egletons,CHCC220GR2 CHCD,True,TRIMBLE BD970,True,"5.41,24/APR/2019",True,100.0,78.36,99.93,31.8,30.5,30.1,1C 2W 5X,1C 2C,1X 5X 7X 8X,2I,2026-09-22
FRCV,Cavaillon,CHCC220GR2 CHCD,True,TRIMBLE BD990,True,"5.61,27/JUN/2023",True,100.0,73.8,0.0,13.9,26.6,29.4,1C 2W 2X 5X,1C 2C,1X 5X 6X 7X 8X,2I 6I,2026-09-22
FRVD,Vidauban,CHCC220GR2 CHCD,True,TRIMBLE BD990,True,"5.61,27/JUN/2023",True,100.0,69.57,99.1,21.9,37.5,24.7,1C 1X 2W 5X,1C 1P 2C 2P,1X 5X 6X 7X 8X,2I 6I,2026-09-22
NODS,Nods,TPSCR.G5 TPSH,True,TPS NET-G5,True,5.6.1+2410301224,False,99.5,81.28,99.3,27.7,27.8,21.1,1C 1W 1X 2W 2X 5X,1C 1P 2C 2P,1X 5X 6X 7X 8X,2I 6I 7I,2026-09-22
LEST,Les_Thioleyres,TPSCR.G5 TPSH,True,TPS NET-G5,True,5.6.1+2410301224,False,99.5,87.62,98.75,27.1,28.9,21.7,1C 1W 1X 2W 2X 5X,1C 1P 2C 2P,1X 5X 6X 7X 8X,2I 6I 7I,2026-09-22
CHSY,Satigny,TPSCR.G5 TPSH,True,TPS NET-G5,True,5.6.1+2410301224,False,98.92,86.56,98.82,35.3,36.2,25.8,1C 1W 1X 2W 2X 5X,1C 1P 2C 2P,1X 5X 6X 7X 8X,2I 6I 7I,2026-09-22
2ANG,2ANG_MSM7,TWIVP6050_CONE NONE,True,SEPT ASTERX SB,True,4.8.4,True,100.0,79.76,98.04,28.0,34.4,28.4,1C 2L 2W 5Q,1C 2C 2P,1C 5Q 7Q 8Q,2I 7I,2026-09-23
2ANN,2ANN_MSM7,TWIVC6050 SCIS,True,SEPT ASTERX SB,True,4.8.4,True,100.0,78.22,99.11,18.7,18.9,14.0,1C 2L 2W 5Q,1C 2C 2P,1C 5Q 7Q 8Q,2I 7I,2026-09-23
2AUC,2AUC_MSM7,TWIVC6050 SCIS,True,SEPT ASTERX SB,True,4.8.4,True,100.0,80.89,99.9,35.9,39.6,34.2,1C 2L 2W 5Q,1C 2C 2P,1C 5Q 7Q 8Q,2I 7I,2026-09-23
2BAL,2BAL_MSM7,TWIVC6050 SCIS,True,SEPT ASTERX SB,True,4.8.4,True,100.0,80.86,99.32,20.4,21.1,17.8,1C 2L 2W 5Q,1C 2C 2P,1C 5Q 7Q 8Q,2I 7I,2026-09-23
2BAS,2BAS_MSM7,TWIVC6050 SCIS,True,SEPT ASTERX SB,True,4.8.4,True,100.0,77.47,87.5,22.1,23.8,18.8,1C 2L 2W 5Q,1C 2C 2P,1C 5Q 7Q 8Q,2I 7I,2026-09-23
2BIL,2BIL_MSM7,TWIVP6050_CONE NONE,True,SEPT ASTERX SB,True,4.8.4,True,100.0,77.71,99.56,33.0,36.6,27.6,1C 2L 2W 5Q,1C 2C 2P,1C 5Q 7Q 8Q,2I 7I,2026-09-23
2CAS,2CAS_MSM7,TWIVC6050 SCIS,True,NOV OEM7700-1.02,True,OM7CR0800RN0000,True,100.0,79.21,98.89,37.4,32.8,27.2,1C 2S 2W 5Q,1C 2C 2P,1C 5Q 7Q 8Q,2I 6I 7I,2026-09-23
2CHR,2CHR_MSM7,TRM77971.00 NONE,True,SEPT ASTERX SB,True,4.8.4,True,99.79,79.89,99.4,30.5,33.8,28.0,1C 2L 2W 5Q,1C 2C 2P,1C 5Q 7Q 8Q,2I 7I,2026-09-23
2CIU,2CIU_MSM7,TWIVP6050_CONE NONE,True,SEPT ASTERX SB,True,4.8.4,True,100.0,81.62,99.49,35.9,41.8,34.0,1C 2L 2W 5Q,1C 2C 2P,1C 5Q 7Q 8Q,2I 7I,2026-09-23
2CLI,2CLI_MSM7,CHCA220GR NONE,False,SEPT ASTERX SB,True,4.8.4,True,100.0,80.33,99.44,30.6,38.4,31.5,1C 2L 2W 5Q,1C 2C 2P,1C 5Q 7Q 8Q,2I 7I,2026-09-23
2CUM,2CUM_MSM7,TWIVP6050_CONE NONE,True,SEPT ASTERX SB,True,4.8.4,True,99.33,80.74,99.55,31.5,34.8,27.2,1C 2L 2W 5Q,1C 2C 2P,1C 5Q 7Q 8Q,2I 7I,2026-09-23
2DUN,2DUN_MSM7,TWIVP6050_CONE NONE,True,SEPT ASTERX SB,True,4.8.4,True,99.79,81.72,99.84,33.3,37.4,30.8,1C 2L 2W 5Q,1C 2C 2P,1C 5Q 7Q 8Q,2I 7I,2026-09-23
2FIG,2FIG_MSM7,TWIVC6050 SCIS,True,SEPT ASTERX SB,True,4.8.4,True,100.0,78.98,98.97,20.5,22.4,18.8,1C 2L 2W 5Q,1C 2C 2P,1C 5Q 7Q 8Q,2I 7I,2026-09-23
2GAW,2GAW_MSM7,TWIVC6050 SCIS,True,SEPT ASTERX SB,True,4.8.4,True,100.0,79.92,97.92,25.5,27.8,22.7,1C 2L 2W 5Q,1C 2C 2P,1C 5Q 7Q 8Q,2I 7I,2026-09-23
2IMP,2IMP_MSM7,TWIVP6050_CONE NONE,True,SEPT ASTERX SB,True,4.8.4,True,99.79,77.75,97.73,34.0,34.4,26.5,1C 2L 2W 5Q,1C 2C 2P,1C 5Q 7Q 8Q,2I 7I,2026-09-23
2INV,2INV_MSM7,TWIVP6050_CONE NONE,True,SEPT ASTERX SB,True,4.8.4,True,100.0,82.5,99.73,35.0,38.1,31.0,1C 2L 2W 5Q,1C 2C 2P,1C 5Q 7Q 8Q,2I 7I,2026-09-23
2KIR,2KIR_MSM7,TWIVC6050 SCIS,True,SEPT ASTERX SB,True,4.8.4,True,99.79,82.6,98.63,22.5,23.5,18.1,1C 2L 2W 5Q,1C 2C 2P,1C 5Q 7Q 8Q,2I 7I,2026-09-23
2LIA,2LIA_MSM7,TWIVP6050_CONE NONE,True,SEPT ASTERX SB,True,4.8.4,True,100.0,79.53,95.83,34.0,39.5,30.4,1C 2L 2W 5Q,1C 2C 2P,1C 5Q 7Q 8Q,2I 7I,2026-09-23
2NER,2NER_MSM7,TWIVC6050 SCIS,True,SEPT ASTERX SB,True,4.8.4,True,99.79,79.74,97.73,21.7,22.3,18.5,1C 2L 2W 5Q,1C 2C 2P,1C 5Q 7Q 8Q,2I 7I,2026-09-23
2OBA,2OBA_MSM7,TWIVP6050_CONE NONE,True,SEPT ASTERX SB,True,4.8.4,True,99.79,81.14,99.58,30.1,36.3,30.7,1C 2L 2W 5Q,1C 2C 2P,1C 5Q 7Q 8Q,2I 7I,2026-09-23
2PIM,2PIM_MSM7,TRM77971.00 NONE,True,SEPT ASTERX SB,True,4.8.4,True,100.0,80.36,99.12,56.2,46.0,39.6,1C 2L 2W 5Q,1C 2C 2P,1C 5Q 7Q 8Q,2I 7I,2026-09-23
2SAL,2SAL_MSM7,TWIVP6050_CONE NONE,True,SEPT ASTERX SB,True,4.8.4,True,99.79,80.88,99.81,26.2,31.0,27.0,1C 2L 2W 5Q,1C 2C 2P,1C 5Q 7Q 8Q,2I 7I,2026-09-23
2TER,2TER_MSM7,TWIVP6050_CONE NONE,True,SEPT ASTERX SB,True,4.8.4,True,100.0,81.34,98.89,28.8,34.6,28.2,1C 2L 2W 5Q,1C 2C 2P,1C 5Q 7Q 8Q,2I 7I,2026-09-23
2UBE,2UBE_MSM7,TWIVP6050_CONE NONE,True,SEPT ASTERX SB,True,4.8.4,True,98.42,80.29,99.24,33.8,35.4,26.9,1C 2L 2W 5Q,1C 2C 2P,1C 5Q 7Q 8Q,2I 7I,2026-09-23
2VIE,2VIE_MSM7,TWIVC6050 SCIS,True,SEPT ASTERX SB,True,4.8.4,True,99.54,78.83,99.44,30.3,29.4,25.1,1C 2L 2W 5Q,1C 2C 2P,1C 5Q 7Q 8Q,2I 7I,2026-09-23
2WOR,2WOR_MSM7,CHCA220GR NONE,True,SEPT ASTERX SB,True,4.8.4,True,100.0,79.78,98.59,30.5,41.8,33.7,1C 2L 2W 5Q,1C 2C 2P,1C 5Q 7Q 8Q,2I 7I,2026-09-23
FRAV,Aveze,CHCC220GR2 CHCD,True,TRIMBLE BD990,True,"5.61,27/JUN/2023",True,100.0,73.5,90.0,15.6,21.6,27.3,1C 2W 5X,1C 2C,1X 5X 6X 7X 8X,2I 6I,2026-09-23
FRBA,Barcelonette,CHCC220GR2 CHCD,True,TRIMBLE BD990,True,"5.61,27/JUN/2023",True,100.0,68.3,95.45,14.7,23.7,26.4,1C 2W 5X,1C 1P 2C 2P,1X 5X 6X 7X 8X,2I 6I,2026-09-23
FRCP,Case_De_Pene,CHCC220GR2 CHCD,True,TRIMBLE BD990,True,"5.61,27/JUN/2023",True,87.63,62.72,97.5,15.4,28.0,31.3,1C 2W 5X,1C 1P 2C 2P,1X 5X 7X 8X,2I,2026-09-23
FRCT,Castellane,CHCC220GR2 CHCD,True,TRIMBLE BD990,True,"5.61,27/JUN/2023",True,100.0,66.24,96.0,16.8,22.0,26.4,1C 2W 5X,1C 1P 2C,1X 5X 6X 7X 8X,2I 6I,2026-09-23
FRCA,Castres,CHCC220GR2 CHCD,True,TRIMBLE BD990,True,"5.61,27/JUN/2023",True,100.0,74.24,75.0,15.3,24.5,27.8,1C 2W 5X,1C 2C,1X 5X 6X 7X 8X,2I 6I,2026-09-23
FRCD,Chateau_D_Olonne,CHCC220GR2 CHCD,True,TRIMBLE BD970,True,"5.41,24/APR/2019",True,99.75,82.19,99.95,26.9,21.1,19.0,1C 2W 5X,1C 2C,1X 5X 7X 8X,2I,2026-09-23
FRCN,Crehange,CHCC220GR2 CHCD,True,TRIMBLE BD990,True,"5.61,27/JUN/2023",True,100.0,72.47,95.45,14.1,23.8,15.3,1C 2W 5X,1C 1P 2C 2P,1X 5X 6X 7X 8X,2I 6I,2026-09-23
FRDO,Dontcourt_Aux_Templiers,CHCC220GR2 CHCD,True,TRIMBLE BD990,True,"5.61,27/JUN/2023",True,100.0,72.81,92.31,13.2,21.9,25.5,1C 2W 5X,1C 2C,1X 5X 6X 7X 8X,2I 6I,2026-09-23
FRDZ,Donzere,CHCC220GR2 CHCD,True,TRIMBLE BD990,True,"5.61,27/JUN/2023",True,100.0,73.5,88.89,13.5,21.2,25.6,1C 2W 5X,1C 2C,1X 5X 6X 7X 8X,2I 6I,2026-09-23
FRDY,Doyet,CHCC220GR CHCD,True,TRIMBLE BD970,True,"5.41,24/APR/2019",True,99.75,75.25,99.84,29.9,30.3,27.6,1C 2W 5X,1C 2C,1X 5X 7X 8X,2I,2026-09-23
FRDR,Drucat,CHCC220GR CHCD,True,TRIMBLE BD970,True,"5.41,24/APR/2019",True,100.0,73.98,99.88,29.3,27.3,25.0,1C 2W 5X,1C 2C,1X 5X 7X 8X,2I,2026-09-23
FREB,Ebersheim,CHCC220GR CHCD,True,TRIMBLE BD970,True,"5.41,24/APR/2019",True,99.25,73.49,99.75,28.4,28.4,26.6,1C 2W 5X,1C 2C,1X 5X 7X 8X,2I,2026-09-23
FRGU,Guidel,CHCC220GR CHCD,True,TRIMBLE BD970,True,"5.41,24/APR/2019",True,100.0,66.57,99.64,28.0,26.6,0.0,1C 2W,1C 2C,1X 5X 7X 8X,2I,2026-09-23
FRBO,La_Bourdiniere,CHCC220GR2 CHCD,True,TRIMBLE BD970,True,"5.41,24/APR/2019",True,100.0,66.49,98.9,26.7,23.2,21.9,1C 2W 5X,1C 2C,1X 5X 7X 8X,2I,2026-09-23
FRPE,Le_Puy_En_Velay,CHCC220GR2 CHCD,True,TRIMBLE BD990,True,"5.61,27/JUN/2023",True,99.75,73.6,97.73,14.1,22.2,25.9,1C 2W 5X,1C 2C,1X 5X 6X 7X 8X,2I 6I,2026-09-23
FRMY,Maye,CHCC220GR CHCD,True,TRIMBLE BD970,True,"5.41,24/APR/2019",True,100.0,66.91,99.42,30.3,25.2,26.5,1C 2W 5X,1C 2C,1X 5X 7X 8X,2I,2026-09-23
FRMZ,Mazan,CHCC220GR2 CHCD,True,TRIMBLE BD990,True,"5.61,27/JUN/2023",True,100.0,73.42,66.67,14.8,23.5,30.0,1C 2W 5X,1C 2C,1X 5X 6X 7X 8X,2I 6I,2026-09-23
FRME,Melle,CHCC220GR2 CHCD,True,TRIMBLE BD990,True,"5.61,27/JUN/2023",True,99.75,74.17,85.71,14.2,21.6,23.3,1C 2W 5X,1C 1P 2C 2P,1X 5X 6X 7X 8X,2I 6I,2026-09-23
FRMS,Mours_Saint_Eusebe,CHCC220GR2 CHCD,True,TRIMBLE BD970,True,"5.41,24/APR/2019",True,100.0,69.23,99.66,26.0,19.8,19.6,1C 2W 5X,1C 2C,1X 5X 7X 8X,2I,2026-09-23
FRNE,Neuville,CHCC220GR CHCD,True,TRIMBLE BD970,True,"5.41,24/APR/2019",True,100.0,80.05,99.93,30.4,28.0,25.5,1C 2W 5X,1C 2C,1X 5X 7X 8X,2I,2026-09-23
FRNU,Nuisement,CHCC220GR CHCD,True,TRIMBLE BD970,True,"5.41,24/APR/2019",True,100.0,76.6,99.63,37.8,40.7,41.4,1C 2W 5X,1C 2C,1X 5X 7X 8X,2I,2026-09-23
FRPA,Piau_Engal,CHCC220GR2 CHCD,True,TRIMBLE BD990,True,"5.61,27/JUN/2023",True,98.25,69.65,90.0,15.3,21.3,13.6,1C 1X 2W 5X,1C 2C,1X 5X 6X 7X 8X,2I 6I,2026-09-23
FRPL,Plouhinec,CHCC220GR2 CHCD,True,TRIMBLE BD990,True,"5.61,27/JUN/2023",True,99.5,73.67,80.0,15.0,23.5,27.4,1C 2W 5X,1C 2C,1X 5X 6X 7X 8X,2I 6I,2026-09-23
FRSG,Saint_Georges_Dorques,CHCC220GR2 CHCD,True,TRIMBLE BD990,True,"5.61,27/JUN/2023",True,99.33,72.56,97.37,15.2,27.4,32.1,1C 2W 5X,1C 1P 2C 2P,1X 5X 6X 7X 8X,2I 6I,2026-09-23
FRSL,Sabl,CHCC220GR CHCD,True,TRIMBLE BD990,True,"5.61,27/JUN/2023",True,99.75,77.92,88.89,15.7,25.1,24.0,1C 2W 5X,1C 2C,1X 5X 6X 7X 8X,2I 6I,2026-09-23
FRSN,Saint_Nabord,CHCC220GR2 CHCD,True,TRIMBLE BD990,True,"5.61,27/JUN/2023",True,100.0,72.7,83.33,15.5,25.1,29.6,1C 2W 5X,1C 2C,1X 5X 6X 7X 8X,2I 6I,2026-09-23
FRSU,Sautron,CHCC220GR2 CHCD,True,TRIMBLE BD970,True,"5.41,24/APR/2019",True,100.0,65.98,99.65,26.2,26.7,27.6,1C 2W 5X,1C 2C,1X 5X 7X 8X,2I,2026-09-23
FRSV,Saviere,CHCC220GR2 CHCD,True,TRIMBLE BD990,True,"5.61,27/JUN/2023",True,100.0,71.45,98.65,13.3,23.5,27.7,1C 1X 2W 5X,1C 1P 2C 2P,1X 5X 6X 7X 8X,2I 6I,2026-09-23
FRUN,Ugine,CHCC220GR2 CHCD,True,TRIMBLE BD990,True,"5.61,27/JUN/2023",True,100.0,65.75,96.3,16.8,26.0,28.9,1C 2W 5X,1C 1P 2C 2P,1X 5X 6X 7X 8X,2I 6I,2026-09-23
FRVL,Villevaude,CHCC220GR2 CHCD,True,TRIMBLE BD990,True,"5.61,27/JUN/2023",True,100.0,73.37,83.33,15.5,29.7,19.9,1C 1X 2W 5X,1C 2C,1X 5X 6X 7X 8X,2I 6I,2026-09-23
FRSI,Saint_Pantaleon_De_Larche,CHCC220GR2 CHCD,True,TRIMBLE BD990,True,"5.61,27/JUN/2023",True,100.0,74.4,66.67,14.3,22.7,26.5,1C 2W 5X,1C 2C,1X 5X 6X 7X 8X,2I 6I,2026-09-23
FRCH,Cherbourg,CHCC220GR CHCD,True,TRIMBLE BD970,False,"5.41,24/APR/2019",False,99.92,73.63,90.0,13.1,19.3,14.5,1C 2W 2X 5X,1C 2C,1X 5X 7X 8X,2I 6I,2026-09-23
FREG,Egletons,CHCC220GR2 CHCD,True,TRIMBLE BD970,True,"5.41,24/APR/2019",True,100.0,79.44,99.93,31.3,31.0,30.5,1C 2W 5X,1C 2C,1X 5X 7X 8X,2I,2026-09-23
FRCV,Cavaillon,CHCC220GR2 CHCD,True,TRIMBLE BD990,True,"5.61,27/JUN/2023",True,100.0,73.43,66.67,14.2,26.1,28.9,1C 2W 2X 5X,1C 2C,1X 5X 6X 7X 8X,2I 6I,2026-09-23
FRVD,Vidauban,CHCC220GR2 CHCD,True,TRIMBLE BD990,True,"5.61,27/JUN/2023",True,100.0,69.33,98.96,21.8,37.5,25.0,1C 1X 2W 5X,1C 1P 2C 2P,1X 5X 6X 7X 8X,2I 6I,2026-09-23
NODS,Nods,TPSCR.G5 TPSH,True,TPS NET-G5,True,5.6.1+2410301224,False,99.96,81.65,99.28,27.5,27.6,20.7,1C 1W 1X 2W 2X 5X,1C 1P 2C 2P,1X 5X 6X 7X 8X,2I 6I 7I,2026-09-23
LEST,Les_Thioleyres,TPSCR.G5 TPSH,True,TPS NET-G5,True,5.6.1+2410301224,False,99.96,87.93,98.67,27.3,28.8,20.8,1C 1W 1X 2W 2X 5X,1C 1P 2C 2P,1X 5X 6X 7X 8X,2I 6I 7I,2026-09-23
CHSY,Satigny,TPSCR.G5 TPSH,True,TPS NET-G5,True,5.6.1+2410301224,False,99.96,87.65,99.04,34.1,35.1,22.4,1C 1W 1X 2W 2X 5X,1C 1P 2C 2P,1X 5X 6X 7X 8X,2I 6I 7I,2026-09-23
2ANG,2ANG_MSM7,TWIVP6050_CONE NONE,True,SEPT ASTERX SB,True,4.8.4,True,99.33,79.35,97.92,28.2,34.2,28.0,1C 2L 2W 5Q,1C 2C 2P,1C 5Q 7Q 8Q,2I 7I,2026-09-24
2ANN,2ANN_MSM7,TWIVC6050 SCIS,True,SEPT ASTERX SB,True,4.8.4,True,100.0,79.35,96.67,18.7,18.8,14.1,1C 2L 2W 5Q,1C 2C 2P,1C 5Q 7Q 8Q,2I 7I,2026-09-24
2AUC,2AUC_MSM7,TWIVC6050 SCIS,True,SEPT ASTERX SB,True,4.8.4,True,99.75,80.8,99.9,35.3,39.7,33.5,1C 2L 2W 5Q,1C 2C 2P,1C 5Q 7Q 8Q,2I 7I,2026-09-24
2BAL,2BAL_MSM7,TWIVC6050 SCIS,True,SEPT ASTERX SB,True,4.8.4,True,100.0,80.94,99.51,20.4,20.7,17.0,1C 2L 2W 5Q,1C 2C 2P,1C 5Q 7Q 8Q,2I 7I,2026-09-24
2BAS,2BAS_MSM7,TWIVC6050 SCIS,True,SEPT ASTERX SB,True,4.8.4,True,100.0,77.54,92.86,22.3,23.6,18.9,1C 2L 2W 5Q,1C 2C 2P,1C 5Q 7Q 8Q,2I 7I,2026-09-24
2BIL,2BIL_MSM7,TWIVP6050_CONE NONE,True,SEPT ASTERX SB,True,4.8.4,True,99.54,75.94,99.52,32.7,36.7,27.9,1C 2L 2W 5Q,1C 2C 2P,1C 5Q 7Q 8Q,2I 7I,2026-09-24
2CAS,2CAS_MSM7,TWIVC6050 SCIS,True,NOV OEM7700-1.02,True,OM7CR0800RN0000,True,100.0,79.45,98.68,37.7,33.3,27.6,1C 2S 2W 5Q,1C 2C 2P,1C 5Q 7Q 8Q,2I 6I 7I,2026-09-24
2CHR,2CHR_MSM7,TRM77971.00 NONE,True,SEPT ASTERX SB,True,4.8.4,True,99.79,80.04,99.41,29.8,33.8,27.9,1C 2L 2W 5Q,1C 2C 2P,1C 5Q 7Q 8Q,2I 7I,2026-09-24
2CIU,2CIU_MSM7,TWIVP6050_CONE NONE,True,SEPT ASTERX SB,True,4.8.4,True,99.17,78.73,99.54,35.0,41.7,33.3,1C 2L 2W 5Q,1C 2C 2P,1C 5Q 7Q 8Q,2I 7I,2026-09-24
2CLI,2CLI_MSM7,CHCA220GR NONE,False,SEPT ASTERX SB,True,4.8.4,True,100.0,80.47,99.13,31.2,39.3,31.7,1C 2L 2W 5Q,1C 2C 2P,1C 5Q 7Q 8Q,2I 7I,2026-09-24
2CUM,2CUM_MSM7,TWIVP6050_CONE NONE,True,SEPT ASTERX SB,True,4.8.4,True,99.58,78.62,98.89,31.1,35.0,27.7,1C 2L 2W 5Q,1C 2C 2P,1C 5Q 7Q 8Q,2I 7I,2026-09-24
2DUN,2DUN_MSM7,TWIVP6050_CONE NONE,True,SEPT ASTERX SB,True,4.8.4,True,99.79,81.74,99.87,32.4,37.1,31.2,1C 2L 2W 5Q,1C 2C 2P,1C 5Q 7Q 8Q,2I 7I,2026-09-24
2FIG,2FIG_MSM7,TWIVC6050 SCIS,True,SEPT ASTERX SB,True,4.8.4,True,100.0,79.14,98.0,20.6,22.2,18.7,1C 2L 2W 5Q,1C 2C 2P,1C 5Q 7Q 8Q,2I 7I,2026-09-24
2GAW,2GAW_MSM7,TWIVC6050 SCIS,True,SEPT ASTERX SB,True,4.8.4,True,100.0,80.17,98.11,24.7,27.7,22.5,1C 2L 2W 5Q,1C 2C 2P,1C 5Q 7Q 8Q,2I 7I,2026-09-24
2IMP,2IMP_MSM7,TWIVP6050_CONE NONE,True,SEPT ASTERX SB,True,4.8.4,True,100.0,77.84,95.24,33.2,34.4,26.7,1C 2L 2W 5Q,1C 2C 2P,1C 5Q 7Q 8Q,2I 7I,2026-09-24
2INV,2INV_MSM7,TWIVP6050_CONE NONE,True,SEPT ASTERX SB,True,4.8.4,True,99.79,82.3,99.77,34.6,38.4,31.4,1C 2L 2W 5Q,1C 2C 2P,1C 5Q 7Q 8Q,2I 7I,2026-09-24
2KIR,2KIR_MSM7,TWIVC6050 SCIS,True,SEPT ASTERX SB,True,4.8.4,True,99.75,82.69,98.08,22.5,23.7,18.6,1C 2L 2W 5Q,1C 2C 2P,1C 5Q 7Q 8Q,2I 7I,2026-09-24
2LIA,2LIA_MSM7,TWIVP6050_CONE NONE,True,SEPT ASTERX SB,True,4.8.4,True,99.58,79.48,98.7,33.7,39.7,29.8,1C 2L 2W 5Q,1C 2C 2P,1C 5Q 7Q 8Q,2I 7I,2026-09-24
2NER,2NER_MSM7,TWIVC6050 SCIS,True,SEPT ASTERX SB,True,4.8.4,True,100.0,79.9,98.81,21.4,22.0,18.6,1C 2L 2W 5Q,1C 2C 2P,1C 5Q 7Q 8Q,2I 7I,2026-09-24
2OBA,2OBA_MSM7,TWIVP6050_CONE NONE,True,SEPT ASTERX SB,True,4.8.4,True,99.79,81.24,99.63,30.2,36.0,31.9,1C 2L 2W 5Q,1C 2C 2P,1C 5Q 7Q 8Q,2I 7I,2026-09-24
2PIM,2PIM_MSM7,TRM77971.00 NONE,True,SEPT ASTERX SB,True,4.8.4,True,99.25,79.88,98.8,55.6,46.0,39.5,1C 2L 2W 5Q,1C 2C 2P,1C 5Q 7Q 8Q,2I 7I,2026-09-24
2SAL,2SAL_MSM7,TWIVP6050_CONE NONE,True,SEPT ASTERX SB,True,4.8.4,True,99.75,79.14,99.82,26.2,31.5,27.0,1C 2L 2W 5Q,1C 2C 2P,1C 5Q 7Q 8Q,2I 7I,2026-09-24
2TER,2TER_MSM7,TWIVP6050_CONE NONE,True,SEPT ASTERX SB,True,4.8.4,True,99.75,79.3,96.3,28.8,34.6,28.0,1C 2L 2W 5Q,1C 2C 2P,1C 5Q 7Q 8Q,2I 7I,2026-09-24
2UBE,2UBE_MSM7,TWIVP6050_CONE NONE,True,SEPT ASTERX SB,True,4.8.4,True,98.58,78.32,97.73,33.6,35.7,27.7,1C 2L 2W 5Q,1C 2C 2P,1C 5Q 7Q 8Q,2I 7I,2026-09-24
2VIE,2VIE_MSM7,TWIVC6050 SCIS,True,SEPT ASTERX SB,True,4.8.4,True,99.29,79.66,99.54,29.9,29.6,25.2,1C 2L 2W 5Q,1C 2C 2P,1C 5Q 7Q 8Q,2I 7I,2026-09-24
2WOR,2WOR_MSM7,CHCA220GR NONE,True,SEPT ASTERX SB,True,4.8.4,True,100.0,80.02,98.28,29.2,40.6,33.5,1C 2L 2W 5Q,1C 2C 2P,1C 5Q 7Q 8Q,2I 7I,2026-09-24
FRAV,Aveze,CHCC220GR2 CHCD,True,TRIMBLE BD990,True,"5.61,27/JUN/2023",True,100.0,73.29,90.0,15.5,21.3,27.3,1C 2W 5X,1C 2C,1X 5X 6X 7X 8X,2I 6I,2026-09-24
FRBA,Barcelonette,CHCC220GR2 CHCD,True,TRIMBLE BD990,True,"5.61,27/JUN/2023",True,100.0,68.07,94.74,14.4,23.7,26.5,1C 2W 5X,1C 1P 2C 2P,1X 5X 6X 7X 8X,2I 6I,2026-09-24
FRCP,Case_De_Pene,CHCC220GR2 CHCD,True,TRIMBLE BD990,True,"5.61,27/JUN/2023",True,99.96,71.84,97.44,15.3,28.0,31.8,1C 2W 5X,1C 1P 2C 2P,1X 5X 7X 8X,2I,2026-09-24
FRCT,Castellane,CHCC220GR2 CHCD,True,TRIMBLE BD990,True,"5.61,27/JUN/2023",True,100.0,66.09,93.33,17.0,21.9,26.4,1C 2W 5X,1C 1P 2C 2P,1X 5X 6X 7X 8X,2I 6I,2026-09-24
FRCA,Castres,CHCC220GR2 CHCD,True,TRIMBLE BD990,True,"5.61,27/JUN/2023",True,100.0,73.84,75.0,15.1,24.2,27.9,1C 2W 5X,1C 2C 2P,1X 5X 6X 7X 8X,2I 6I,2026-09-24
FRCD,Chateau_D_Olonne,CHCC220GR2 CHCD,True,TRIMBLE BD970,True,"5.41,24/APR/2019",True,100.0,82.26,99.94,27.4,21.2,19.4,1C 2W 5X,1C 2C,1X 5X 7X 8X,2I,2026-09-24
FRCN,Crehange,CHCC220GR2 CHCD,True,TRIMBLE BD990,True,"5.61,27/JUN/2023",True,98.88,71.63,90.0,14.0,23.7,15.3,1C 2W 5X,1C 1P 2C 2P,1X 5X 6X 7X 8X,2I 6I,2026-09-24
FRDO,Dontcourt_Aux_Templiers,CHCC220GR2 CHCD,True,TRIMBLE BD990,True,"5.61,27/JUN/2023",True,100.0,72.79,93.75,13.2,21.8,25.5,1C 2W 5X,1C 2C,1X 5X 6X 7X 8X,2I 6I,2026-09-24
FRDZ,Donzere,CHCC220GR2 CHCD,True,TRIMBLE BD990,True,"5.61,27/JUN/2023",True,100.0,73.34,90.0,13.4,21.0,25.0,1C 2W 5X,1C 2C,1X 5X 6X 7X 8X,2I 6I,2026-09-24
FRDY,Doyet,CHCC220GR CHCD,True,TRIMBLE BD970,True,"5.41,24/APR/2019",True,100.0,76.03,99.85,30.0,30.5,27.2,1C 2W 5X,1C 2C,1X 5X 7X 8X,2I,2026-09-24
FRDR,Drucat,CHCC220GR CHCD,True,TRIMBLE BD970,True,"5.41,24/APR/2019",True,100.0,74.36,99.89,29.1,27.0,25.2,1C 2W 5X,1C 2C,1X 5X 7X 8X,2I,2026-09-24
FREB,Ebersheim,CHCC220GR CHCD,True,TRIMBLE BD970,True,"5.41,24/APR/2019",True,100.0,74.72,99.81,28.5,28.7,27.2,1C 2W 5X,1C 2C,1X 5X 7X 8X,2I,2026-09-24
FRGU,Guidel,CHCC220GR CHCD,True,TRIMBLE BD970,True,"5.41,24/APR/2019",True,100.0,66.97,99.64,27.8,26.9,0.0,1C 2W,1C 2C,1X 5X 7X 8X,2I,2026-09-24
FRBO,La_Bourdiniere,CHCC220GR2 CHCD,True,TRIMBLE BD970,True,"5.41,24/APR/2019",True,100.0,66.8,99.15,26.5,22.9,21.8,1C 2W 5X,1C 2C,1X 5X 7X 8X,2I,2026-09-24
FRPE,Le_Puy_En_Velay,CHCC220GR2 CHCD,True,TRIMBLE BD990,True,"5.61,27/JUN/2023",True,99.96,73.57,96.43,14.2,22.0,26.4,1C 2W 5X,1C 2C,1X 5X 6X 7X 8X,2I 6I,2026-09-24
FRMY,Maye,CHCC220GR CHCD,True,TRIMBLE BD970,True,"5.41,24/APR/2019",True,100.0,67.32,99.23,30.6,24.8,26.4,1C 2W 5X,1C 2C,1X 5X 7X 8X,2I,2026-09-24
FRMZ,Mazan,CHCC220GR2 CHCD,True,TRIMBLE BD990,True,"5.61,27/JUN/2023",True,100.0,73.29,66.67,14.9,23.3,30.5,1C 2W 5X,1C 2C,1X 5X 6X 7X 8X,2I 6I,2026-09-24
FRME,Melle,CHCC220GR2 CHCD,True,TRIMBLE BD990,True,"5.61,27/JUN/2023",True,100.0,74.24,75.0,14.3,21.7,23.6,1C 2W 5X,1C 2C 2P,1X 5X 6X 7X 8X,2I 6I,2026-09-24
FRMS,Mours_Saint_Eusebe,CHCC220GR2 CHCD,True,TRIMBLE BD970,True,"5.41,24/APR/2019",True,100.0,69.44,99.71,25.9,19.9,20.0,1C 2W 5X,1C 2C,1X 5X 7X 8X,2I,2026-09-24
FRNE,Neuville,CHCC220GR CHCD,True,TRIMBLE BD970,True,"5.41,24/APR/2019",True,100.0,80.39,99.93,30.7,27.9,25.6,1C 2W 5X,1C 2C,1X 5X 7X 8X,2I,2026-09-24
FRNU,Nuisement,CHCC220GR CHCD,True,TRIMBLE BD970,True,"5.41,24/APR/2019",True,100.0,77.07,99.55,36.8,39.3,40.7,1C 2W 5X,1C 2C,1X 5X 7X 8X,2I,2026-09-24
FRPA,Piau_Engal,CHCC220GR2 CHCD,True,TRIMBLE BD990,True,"5.61,27/JUN/2023",True,99.79,70.11,91.67,15.2,21.2,13.5,1C 1X 2W 5X,1C 2C,1X 5X 6X 7X 8X,2I 6I,2026-09-24
FRPL,Plouhinec,CHCC220GR2 CHCD,True,TRIMBLE BD990,True,"5.61,27/JUN/2023",True,99.75,73.76,85.71,14.8,23.7,27.3,1C 2W 5X,1C 2C,1X 5X 6X 7X 8X,2I 6I,2026-09-24
FRSG,Saint_Georges_Dorques,CHCC220GR2 CHCD,True,TRIMBLE BD990,True,"5.61,27/JUN/2023",True,99.75,72.59,94.12,15.2,27.3,32.8,1C 2W 5X,1C 1P 2C 2P,1X 5X 6X 7X 8X,2I 6I,2026-09-24
FRSL,Sabl,CHCC220GR CHCD,True,TRIMBLE BD990,True,"5.61,27/JUN/2023",True,100.0,78.43,93.33,15.5,25.0,23.7,1C 2W 5X,1C 2C,1X 5X 6X 7X 8X,2I 6I,2026-09-24
FRSN,Saint_Nabord,CHCC220GR2 CHCD,True,TRIMBLE BD990,True,"5.61,27/JUN/2023",True,100.0,72.55,85.71,15.6,25.4,29.6,1C 2W 5X,1C 2C 2P,1X 5X 6X 7X 8X,2I 6I,2026-09-24
FRSU,Sautron,CHCC220GR2 CHCD,True,TRIMBLE BD970,True,"5.41,24/APR/2019",True,100.0,66.26,99.7,26.5,26.0,27.9,1C 2W 5X,1C 2C,1X 5X 7X 8X,2I,2026-09-24
FRSV,Saviere,CHCC220GR2 CHCD,True,TRIMBLE BD990,True,"5.61,27/JUN/2023",True,100.0,71.18,98.78,13.1,23.5,28.0,1C 1X 2W 5X,1C 1P 2C 2P,1X 5X 6X 7X 8X,2I 6I,2026-09-24
FRUN,Ugine,CHCC220GR2 CHCD,True,TRIMBLE BD990,True,"5.61,27/JUN/2023",True,100.0,65.77,96.3,16.5,26.4,29.0,1C 2W 5X,1C 1P 2C,1X 5X 6X 7X 8X,2I 6I,2026-09-24
FRVL,Villevaude,CHCC220GR2 CHCD,True,TRIMBLE BD990,True,"5.61,27/JUN/2023",True,99.25,72.86,83.33,15.2,29.3,19.9,1C 1X 2W 5X,1C 2C,1X 5X 6X 7X 8X,2I 6I,2026-09-24
FRSI,Saint_Pantaleon_De_Larche,CHCC220GR2 CHCD,True,TRIMBLE BD990,True,"5.61,27/JUN/2023",True,100.0,74.21,75.0,14.4,22.4,26.5,1C 2W 5X,1C 2C,1X 5X 6X 7X 8X,2I 6I,2026-09-24
FRCH,Cherbourg,CHCC220GR CHCD,True,TRIMBLE BD970,False,"5.41,24/APR/2019",False,99.71,73.71,95.24,13.1,19.6,14.7,1C 2W 2X 5X,1C 2C,1X 5X 7X 8X,2I 6I,2026-09-24
FREG,Egletons,CHCC220GR2 CHCD,True,TRIMBLE BD970,True,"5.41,24/APR/2019",True,100.0,79.06,99.92,30.8,30.9,30.6,1C 2W 5X,1C 2C,1X 5X 7X 8X,2I,2026-09-24
FRCV,Cavaillon,CHCC220GR2 CHCD,True,TRIMBLE BD990,True,"5.61,27/JUN/2023",True,100.0,73.34,66.67,13.9,26.3,29.1,1C 2W 2X 5X,1C 2C,1X 5X 6X 7X 8X,2I 6I,2026-09-24
FRVD,Vidauban,CHCC220GR2 CHCD,True,TRIMBLE BD990,True,"5.61,27/JUN/2023",True,100.0,69.26,98.63,22.3,37.6,25.4,1C 1X 2W 5X,1C 1P 2C 2P,1X 5X 6X 7X 8X,2I 6I,2026-09-24
NODS,Nods,TPSCR.G5 TPSH,True,TPS NET-G5,True,5.6.1+2410301224,False,100.0,81.57,99.22,28.2,28.2,21.0,1C 1W 1X 2W 2X 5X,1C 1P 2C 2P,1X 5X 6X 7X 8X,2I 6I 7I,2026-09-24
LEST,Les_Thioleyres,TPSCR.G5 TPSH,True,TPS NET-G5,True,5.6.1+2410301224,False,99.75,88.17,98.75,27.5,29.2,21.4,1C 1W 1X 2W 2X 5X,1C 1P 2C 2P,1X 5X 6X 7X 8X,2I 6I 7I,2026-09-24
CHSY,Satigny,TPSCR.G5 TPSH,True,TPS NET-G5,True,5.6.1+2410301224,False,99.71,87.52,99.15,33.6,34.1,22.6,1C 1W 1X 2W 2X 5X,1C 1P 2C 2P,1X 5X 6X 7X 8X,2I 6I 7I,2026-09-24
2ANG,2ANG_MSM7,TWIVP6050_CONE NONE,True,SEPT ASTERX SB,True,4.8.4,True,99.75,78.15,98.04,28.4,34.3,28.1,1C 2L 2W 5Q,1C 2C 2P,1C 5Q 7Q 8Q,2I 7I,2026-09-25
2ANN,2ANN_MSM7,TWIVC6050 SCIS,True,SEPT ASTERX SB,True,4.8.4,True,100.0,78.06,98.61,18.6,19.0,14.2,1C 2L 2W 5Q,1C 2C 2P,1C 5Q 7Q 8Q,2I 7I,2026-09-25
2AUC,2AUC_MSM7,TWIVC6050 SCIS,True,SEPT ASTERX SB,True,4.8.4,True,100.0,79.47,99.89,35.7,39.3,33.6,1C 2L 2W 5Q,1C 2C 2P,1C 5Q 7Q 8Q,2I 7I,2026-09-25
2BAL,2BAL_MSM7,TWIVC6050 SCIS,True,SEPT ASTERX SB,True,4.8.4,True,100.0,79.45,99.37,20.0,21.1,17.6,1C 2L 2W 5Q,1C 2C 2P,1C 5Q 7Q 8Q,2I 7I,2026-09-25
2BAS,2BAS_MSM7,TWIVC6050 SCIS,True,SEPT ASTERX SB,True,4.8.4,True,99.71,76.41,90.91,22.3,23.8,19.0,1C 2L 2W 5Q,1C 2C 2P,1C 5Q 7Q 8Q,2I 7I,2026-09-25
2BIL,2BIL_MSM7,TWIVP6050_CONE NONE,True,SEPT ASTERX SB,True,4.8.4,True,100.0,76.39,99.59,32.1,36.2,27.4,1C 2L 2W 5Q,1C 2C 2P,1C 5Q 7Q 8Q,2I 7I,2026-09-25
2CAS,2CAS_MSM7,TWIVC6050 SCIS,True,NOV OEM7700-1.02,True,OM7CR0800RN0000,True,100.0,77.88,98.8,38.3,32.9,26.9,1C 2S 2W 5Q,1C 2C 2P,1C 5Q 7Q 8Q,2I 6I 7I,2026-09-25
2CHR,2CHR_MSM7,TRM77971.00 NONE,True,SEPT ASTERX SB,True,4.8.4,True,99.75,78.42,99.29,29.9,34.2,28.4,1C 2L 2W 5Q,1C 2C 2P,1C 5Q 7Q 8Q,2I 7I,2026-09-25
2CIU,2CIU_MSM7,TWIVP6050_CONE NONE,True,SEPT ASTERX SB,True,4.8.4,True,100.0,80.44,99.51,34.6,41.1,33.5,1C 2L 2W 5Q,1C 2C 2P,1C 5Q 7Q 8Q,2I 7I,2026-09-25
2CLI,2CLI_MSM7,CHCA220GR NONE,False,SEPT ASTERX SB,True,4.8.4,True,99.54,78.33,99.41,31.0,39.1,30.8,1C 2L 2W 5Q,1C 2C 2P,1C 5Q 7Q 8Q,2I 7I,2026-09-25
2CUM,2CUM_MSM7,TWIVP6050_CONE NONE,True,SEPT ASTERX SB,True,4.8.4,True,99.08,79.56,99.63,31.1,34.9,27.6,1C 2L 2W 5Q,1C 2C 2P,1C 5Q 7Q 8Q,2I 7I,2026-09-25
2DUN,2DUN_MSM7,TWIVP6050_CONE NONE,True,SEPT ASTERX SB,True,4.8.4,True,99.5,79.93,99.85,32.9,37.2,30.7,1C 2L 2W 5Q,1C 2C 2P,1C 5Q 7Q 8Q,2I 7I,2026-09-25
2FIG,2FIG_MSM7,TWIVC6050 SCIS,True,SEPT ASTERX SB,True,4.8.4,True,100.0,77.82,98.84,20.4,22.2,18.5,1C 2L 2W 5Q,1C 2C 2P,1C 5Q 7Q 8Q,2I 7I,2026-09-25
2GAW,2GAW_MSM7,TWIVC6050 SCIS,True,SEPT ASTERX SB,True,4.8.4,True,100.0,78.59,98.67,24.7,27.7,22.3,1C 2L 2W 5Q,1C 2C 2P,1C 5Q 7Q 8Q,2I 7I,2026-09-25
2IMP,2IMP_MSM7,TWIVP6050_CONE NONE,True,SEPT ASTERX SB,True,4.8.4,True,100.0,77.48,95.0,32.2,33.9,26.4,1C 2L 2W 5Q,1C 2C 2P,1C 5Q 7Q 8Q,2I 7I,2026-09-25
2INV,2INV_MSM7,TWIVP6050_CONE NONE,True,SEPT ASTERX SB,True,4.8.4,True,99.79,80.75,99.76,35.4,38.5,31.6,1C 2L 2W 5Q,1C 2C 2P,1C 5Q 7Q 8Q,2I 7I,2026-09-25
2KIR,2KIR_MSM7,TWIVC6050 SCIS,True,SEPT ASTERX SB,True,4.8.4,True,100.0,81.28,97.56,22.5,23.9,19.0,1C 2L 2W 5Q,1C 2C 2P,1C 5Q 7Q 8Q,2I 7I,2026-09-25
2LIA,2LIA_MSM7,TWIVP6050_CONE NONE,True,SEPT ASTERX SB,True,4.8.4,True,99.75,78.85,95.0,33.6,39.8,30.8,1C 2L 2W 5Q,1C 2C 2P,1C 5Q 7Q 8Q,2I 7I,2026-09-25
2NER,2NER_MSM7,TWIVC6050 SCIS,True,SEPT ASTERX SB,True,4.8.4,True,99.96,78.31,98.84,22.1,22.9,18.8,1C 2L 2W 5Q,1C 2C 2P,1C 5Q 7Q 8Q,2I 7I,2026-09-25
2OBA,2OBA_MSM7,TWIVP6050_CONE NONE,True,SEPT ASTERX SB,True,4.8.4,True,100.0,79.96,99.56,29.9,36.1,31.1,1C 2L 2W 5Q,1C 2C 2P,1C 5Q 7Q 8Q,2I 7I,2026-09-25
2PIM,2PIM_MSM7,TRM77971.00 NONE,True,SEPT ASTERX SB,True,4.8.4,True,100.0,78.95,98.98,55.8,45.8,39.1,1C 2L 2W 5Q,1C 2C 2P,1C 5Q 7Q 8Q,2I 7I,2026-09-25
2SAL,2SAL_MSM7,TWIVP6050_CONE NONE,True,SEPT ASTERX SB,True,4.8.4,True,99.75,79.78,99.81,26.3,31.6,27.0,1C 2L 2W 5Q,1C 2C 2P,1C 5Q 7Q 8Q,2I 7I,2026-09-25
2TER,2TER_MSM7,TWIVP6050_CONE NONE,True,SEPT ASTERX SB,True,4.8.4,True,100.0,79.63,98.89,29.3,35.2,27.9,1C 2L 2W 5Q,1C 2C 2P,1C 5Q 7Q 8Q,2I 7I,2026-09-25
2UBE,2UBE_MSM7,TWIVP6050_CONE NONE,True,SEPT ASTERX SB,True,4.8.4,True,98.0,79.17,99.24,34.0,35.6,27.7,1C 2L 2W 5Q,1C 2C 2P,1C 5Q 7Q 8Q,2I 7I,2026-09-25
2VIE,2VIE_MSM7,TWIVC6050 SCIS,True,SEPT ASTERX SB,True,4.8.4,True,100.0,78.98,99.36,29.7,29.3,25.1,1C 2L 2W 5Q,1C 2C 2P,1C 5Q 7Q 8Q,2I 7I,2026-09-25
2WOR,2WOR_MSM7,CHCA220GR NONE,True,SEPT ASTERX SB,True,4.8.4,True,100.0,78.32,98.44,29.7,39.5,33.5,1C 2L 2W 5Q,1C 2C 2P,1C 5Q 7Q 8Q,2I 7I,2026-09-25
FRAV,Aveze,CHCC220GR2 CHCD,True,TRIMBLE BD990,True,"5.61,27/JUN/2023",True,100.0,72.36,91.67,15.7,21.6,26.9,1C 2W 5X,1C 1P 2C,1X 5X 6X 7X 8X,2I 6I,2026-09-25
FRBA,Barcelonette,CHCC220GR2 CHCD,True,TRIMBLE BD990,True,"5.61,27/JUN/2023",True,100.0,67.01,0.0,14.5,23.8,26.4,1C 2W 5X,1C 1P 2C 2P,1X 5X 6X 7X 8X,2I 6I,2026-09-25
FRCP,Case_De_Pene,CHCC220GR2 CHCD,True,TRIMBLE BD990,True,"5.61,27/JUN/2023",True,99.87,70.81,97.78,15.4,28.0,31.5,1C 2W 5X,1C 1P 2C 2P,1X 5X 7X 8X,2I,2026-09-25
FRCT,Castellane,CHCC220GR2 CHCD,True,TRIMBLE BD990,True,"5.61,27/JUN/2023",True,100.0,65.18,96.88,17.0,21.7,26.3,1C 2W 5X,1C 1P 2C 2P,1X 5X 6X 7X 8X,2I 6I,2026-09-25
FRCA,Castres,CHCC220GR2 CHCD,True,TRIMBLE BD990,True,"5.61,27/JUN/2023",True,100.0,73.58,91.67,15.1,23.9,27.9,1C 2W 5X,1C 2C,1X 5X 6X 7X 8X,2I 6I,2026-09-25
FRCD,Chateau_D_Olonne,CHCC220GR2 CHCD,True,TRIMBLE BD970,True,"5.41,24/APR/2019",True,99.54,80.02,99.94,27.0,21.1,20.2,1C 2W 5X,1C 2C,1X 5X 7X 8X,2I,2026-09-25
FRCN,Crehange,CHCC220GR2 CHCD,True,TRIMBLE BD990,True,"5.61,27/JUN/2023",True,99.5,71.32,95.0,13.8,23.1,15.5,1C 2W 5X,1C 2C,1X 5X 6X 7X 8X,2I 6I,2026-09-25
FRDO,Dontcourt_Aux_Templiers,CHCC220GR2 CHCD,True,TRIMBLE BD990,True,"5.61,27/JUN/2023",True,100.0,71.56,88.89,13.2,21.9,25.5,1C 2W 5X,1C 2C,1X 5X 6X 7X 8X,2I 6I,2026-09-25
FRDZ,Donzere,CHCC220GR2 CHCD,True,TRIMBLE BD990,True,"5.61,27/JUN/2023",True,100.0,72.46,85.72,13.4,21.3,25.2,1C 2W 5X,1C 2C,1X 5X 6X 7X 8X,2I 6I,2026-09-25
FRDY,Doyet,CHCC220GR CHCD,True,TRIMBLE BD970,True,"5.41,24/APR/2019",True,100.0,74.03,99.85,30.4,30.5,26.8,1C 2W 5X,1C 2C,1X 5X 7X 8X,2I,2026-09-25
FRDR,Drucat,CHCC220GR CHCD,True,TRIMBLE BD970,True,"5.41,24/APR/2019",True,100.0,72.31,99.87,28.9,26.6,24.8,1C 2W 5X,1C 2C,1X 5X 7X 8X,2I,2026-09-25
FREB,Ebersheim,CHCC220GR CHCD,True,TRIMBLE BD970,True,"5.41,24/APR/2019",True,100.0,72.75,99.75,28.8,28.2,26.8,1C 2W 5X,1C 2C,1X 5X 7X 8X,2I,2026-09-25
FRGU,Guidel,CHCC220GR CHCD,True,TRIMBLE BD970,True,"5.41,24/APR/2019",True,100.0,65.27,99.64,27.7,26.4,0.0,1C 2W,1C 2C,1X 5X 7X 8X,2I,2026-09-25
FRBO,La_Bourdiniere,CHCC220GR2 CHCD,True,TRIMBLE BD970,True,"5.41,24/APR/2019",True,100.0,65.24,99.04,26.9,22.4,21.6,1C 2W 5X,1C 2C,1X 5X 7X 8X,2I,2026-09-25
FRPE,Le_Puy_En_Velay,CHCC220GR2 CHCD,True,TRIMBLE BD990,True,"5.61,27/JUN/2023",True,100.0,72.66,96.88,13.9,22.4,26.6,1C 2W 5X,1C 2C,1X 5X 6X 7X 8X,2I 6I,2026-09-25
FRMY,Maye,CHCC220GR CHCD,True,TRIMBLE BD970,True,"5.41,24/APR/2019",True,100.0,65.63,99.32,30.3,25.2,26.5,1C 2W 5X,1C 2C,1X 5X 7X 8X,2I,2026-09-25
FRMZ,Mazan,CHCC220GR2 CHCD,True,TRIMBLE BD990,True,"5.61,27/JUN/2023",True,100.0,72.36,83.33,14.8,23.4,30.2,1C 2W 5X,1C 2C,1X 5X 6X 7X 8X,2I 6I,2026-09-25
FRME,Melle,CHCC220GR2 CHCD,True,TRIMBLE BD990,True,"5.61,27/JUN/2023",True,100.0,72.95,92.31,14.3,21.4,23.9,1C 2W 5X,1C 2C 2P,1X 5X 6X 7X 8X,2I 6I,2026-09-25
FRMS,Mours_Saint_Eusebe,CHCC220GR2 CHCD,True,TRIMBLE BD970,True,"5.41,24/APR/2019",True,100.0,67.67,99.68,25.7,19.8,19.2,1C 2W 5X,1C 2C,1X 5X 7X 8X,2I,2026-09-25
FRNE,Neuville,CHCC220GR CHCD,True,TRIMBLE BD970,True,"5.41,24/APR/2019",True,99.75,78.35,99.93,31.0,27.6,25.4,1C 2W 5X,1C 2C,1X 5X 7X 8X,2I,2026-09-25
FRNU,Nuisement,CHCC220GR CHCD,True,TRIMBLE BD970,True,"5.41,24/APR/2019",True,100.0,76.17,99.36,37.5,39.2,40.4,1C 2W 5X,1C 2C 2P,1X 5X 7X 8X,2I,2026-09-25
FRPA,Piau_Engal,CHCC220GR2 CHCD,True,TRIMBLE BD990,True,"5.61,27/JUN/2023",True,99.25,68.65,88.89,15.3,21.1,13.6,1C 1X 2W 5X,1C 2C,1X 5X 6X 7X 8X,2I 6I,2026-09-25
FRPL,Plouhinec,CHCC220GR2 CHCD,True,TRIMBLE BD990,True,"5.61,27/JUN/2023",True,99.71,72.69,66.67,15.1,23.8,27.6,1C 2W 5X,1C 2C,1X 5X 6X 7X 8X,2I 6I,2026-09-25
FRSG,Saint_Georges_Dorques,CHCC220GR2 CHCD,True,TRIMBLE BD990,True,"5.61,27/JUN/2023",True,99.71,71.48,96.67,15.2,27.3,32.5,1C 2W 5X,1C 1P 2C 2P,1X 5X 6X 7X 8X,2I 6I,2026-09-25
FRSL,Sabl,CHCC220GR CHCD,True,TRIMBLE BD990,True,"5.61,27/JUN/2023",True,100.0,77.2,92.31,15.5,24.8,23.9,1C 2W 5X,1C 2C,1X 5X 6X 7X 8X,2I 6I,2026-09-25
FRSN,Saint_Nabord,CHCC220GR2 CHCD,True,TRIMBLE BD990,True,"5.61,27/JUN/2023",True,100.0,72.21,88.89,15.4,25.3,29.6,1C 2W 5X,1C 1P 2C,1X 5X 6X 7X 8X,2I 6I,2026-09-25
FRSU,Sautron,CHCC220GR2 CHCD,True,TRIMBLE BD970,True,"5.41,24/APR/2019",True,100.0,64.65,99.7,26.5,26.1,27.7,1C 2W 5X,1C 2C,1X 5X 7X 8X,2I,2026-09-25
FRSV,Saviere,CHCC220GR2 CHCD,True,TRIMBLE BD990,True,"5.61,27/JUN/2023",True,99.75,71.01,98.33,13.1,23.5,28.1,1C 1X 2W 5X,1C 1P 2C 2P,1X 5X 6X 7X 8X,2I 6I,2026-09-25
FRUN,Ugine,CHCC220GR2 CHCD,True,TRIMBLE BD990,True,"5.61,27/JUN/2023",True,100.0,65.42,96.55,16.7,26.5,29.5,1C 2W 5X,1C 1P 2C,1X 5X 6X 7X 8X,2I 6I,2026-09-25
FRVL,Villevaude,CHCC220GR2 CHCD,True,TRIMBLE BD990,True,"5.61,27/JUN/2023",True,100.0,72.75,50.0,15.7,30.0,20.2,1C 1X 2W 5X,1C 2C,1X 5X 6X 7X 8X,2I 6I,2026-09-25
FRSI,Saint_Pantaleon_De_Larche,CHCC220GR2 CHCD,True,TRIMBLE BD990,True,"5.61,27/JUN/2023",True,100.0,73.11,75.0,14.2,22.5,26.6,1C 2W 5X,1C 2C,1X 5X 6X 7X 8X,2I 6I,2026-09-25
FRCH,Cherbourg,CHCC220GR CHCD,True,TRIMBLE BD970,False,"5.41,24/APR/2019",False,99.87,73.53,88.89,13.3,19.3,14.4,1C 2W 2X 5X,1C 2C,1X 5X 7X 8X,2I 6I,2026-09-25
FREG,Egletons,CHCC220GR2 CHCD,True,TRIMBLE BD970,True,"5.41,24/APR/2019",True,100.0,76.74,99.92,31.3,30.9,29.6,1C 2W 5X,1C 2C,1X 5X 7X 8X,2I,2026-09-25
FRCV,Cavaillon,CHCC220GR2 CHCD,True,TRIMBLE BD990,True,"5.61,27/JUN/2023",True,100.0,72.28,0.0,14.0,26.6,29.3,1C 2W 2X 5X,1C 2C,1X 5X 6X 7X 8X,2I 6I,2026-09-25
FRVD,Vidauban,CHCC220GR2 CHCD,True,TRIMBLE BD990,True,"5.61,27/JUN/2023",True,100.0,68.86,99.29,21.7,37.6,24.7,1C 1X 2W 5X,1C 1P 2C 2P,1X 5X 6X 7X 8X,2I 6I,2026-09-25
NODS,Nods,TPSCR.G5 TPSH,True,TPS NET-G5,True,5.6.1+2410301224,False,100.0,80.02,99.17,28.8,28.1,21.5,1C 1W 1X 2W 2X 5X,1C 1P 2C 2P,1X 5X 6X 7X 8X,2I 6I 7I,2026-09-25
LEST,Les_Thioleyres,TPSCR.G5 TPSH,True,TPS NET-G5,True,5.6.1+2410301224,False,100.0,85.96,98.99,27.8,29.4,21.4,1C 1W 1X 2W 2X 5X,1C 1P 2C 2P,1X 5X 6X 7X 8X,2I 6I 7I,2026-09-25
CHSY,Satigny,TPSCR.G5 TPSH,True,TPS NET-G5,True,5.6.1+2410301224,False,100.0,85.86,99.07,33.4,33.7,22.0,1C 1W 1X 2W 2X 5X,1C 1P 2C 2P,1X 5X 6X 7X 8X,2I 6I 7I,2026-09-25
2ANG,2ANG_MSM7,TWIVP6050_CONE NONE,True,SEPT ASTERX SB,True,4.8.4,True,99.58,91.1,98.81,28.5,34.2,28.3,1C 2L 2W 5Q,1C 2C 2P,1C 5Q 7Q 8Q,2I 7I,2026-09-26
2ANN,2ANN_MSM7,TWIVC6050 SCIS,True,SEPT ASTERX SB,True,4.8.4,True,100.0,89.53,98.75,18.5,18.8,14.1,1C 2L 2W 5Q,1C 2C 2P,1C 5Q 7Q 8Q,2I 7I,2026-09-26
2AUC,2AUC_MSM7,TWIVC6050 SCIS,True,SEPT ASTERX SB,True,4.8.4,True,99.79,91.69,99.9,36.0,41.0,35.0,1C 2L 2W 5Q,1C 2C 2P,1C 5Q 7Q 8Q,2I 7I,2026-09-26
2BAL,2BAL_MSM7,TWIVC6050 SCIS,True,SEPT ASTERX SB,True,4.8.4,True,100.0,91.9,99.46,20.9,21.3,17.7,1C 2L 2W 5Q,1C 2C 2P,1C 5Q 7Q 8Q,2I 7I,2026-09-26
2BAS,2BAS_MSM7,TWIVC6050 SCIS,True,SEPT ASTERX SB,True,4.8.4,True,100.0,88.16,92.86,21.9,23.8,19.1,1C 2L 2W 5Q,1C 2C 2P,1C 5Q 7Q 8Q,2I 7I,2026-09-26
2BIL,2BIL_MSM7,TWIVP6050_CONE NONE,True,SEPT ASTERX SB,True,4.8.4,True,99.79,88.96,99.48,32.1,36.3,27.3,1C 2L 2W 5Q,1C 2C 2P,1C 5Q 7Q 8Q,2I 7I,2026-09-26
2CAS,2CAS_MSM7,TWIVC6050 SCIS,True,NOV OEM7700-1.02,True,OM7CR0800RN0000,True,100.0,90.81,98.97,39.3,32.3,27.0,1C 2S 2W 5Q,1C 2C 2P,1C 5Q 7Q 8Q,2I 6I 7I,2026-09-26
2CHR,2CHR_MSM7,TRM77971.00 NONE,True,SEPT ASTERX SB,True,4.8.4,True,49.62,70.26,98.84,30.5,34.1,27.8,1C 2L 2W 5Q,1C 2C 2P,1C 5Q 7Q 8Q,2I 7I,2026-09-26
2CIU,2CIU_MSM7,TWIVP6050_CONE NONE,True,SEPT ASTERX SB,True,4.8.4,True,100.0,90.67,99.57,35.2,42.1,34.4,1C 2L 2W 5Q,1C 2C 2P,1C 5Q 7Q 8Q,2I 7I,2026-09-26
2CLI,2CLI_MSM7,CHCA220GR NONE,False,SEPT ASTERX SB,True,4.8.4,True,100.0,91.63,98.8,31.0,39.3,31.2,1C 2L 2W 5Q,1C 2C 2P,1C 5Q 7Q 8Q,2I 7I,2026-09-26
2CUM,2CUM_MSM7,TWIVP6050_CONE NONE,True,SEPT ASTERX SB,True,4.8.4,True,100.0,90.45,99.54,31.1,34.9,28.0,1C 2L 2W 5Q,1C 2C 2P,1C 5Q 7Q 8Q,2I 7I,2026-09-26
2DUN,2DUN_MSM7,TWIVP6050_CONE NONE,True,SEPT ASTERX SB,True,4.8.4,True,100.0,92.26,99.86,33.2,37.8,31.0,1C 2L 2W 5Q,1C 2C 2P,1C 5Q 7Q 8Q,2I 7I,2026-09-26
2FIG,2FIG_MSM7,TWIVC6050 SCIS,True,SEPT ASTERX SB,True,4.8.4,True,100.0,89.16,98.78,20.5,22.5,18.8,1C 2L 2W 5Q,1C 2C 2P,1C 5Q 7Q 8Q,2I 7I,2026-09-26
2GAW,2GAW_MSM7,TWIVC6050 SCIS,True,SEPT ASTERX SB,True,4.8.4,True,100.0,91.32,97.56,24.6,27.5,22.2,1C 2L 2W 5Q,1C 2C 2P,1C 5Q 7Q 8Q,2I 7I,2026-09-26
2IMP,2IMP_MSM7,TWIVP6050_CONE NONE,True,SEPT ASTERX SB,True,4.8.4,True,100.0,88.48,95.0,33.0,34.6,26.2,1C 2L 2W 5Q,1C 2C 2P,1C 5Q 7Q 8Q,2I 7I,2026-09-26
2INV,2INV_MSM7,TWIVP6050_CONE NONE,True,SEPT ASTERX SB,True,4.8.4,True,100.0,92.44,99.76,34.7,37.7,30.9,1C 2L 2W 5Q,1C 2C 2P,1C 5Q 7Q 8Q,2I 7I,2026-09-26
2KIR,2KIR_MSM7,TWIVC6050 SCIS,True,SEPT ASTERX SB,True,4.8.4,True,99.54,92.37,99.19,22.4,24.1,18.6,1C 2L 2W 5Q,1C 2C 2P,1C 5Q 7Q 8Q,2I 7I,2026-09-26
2LIA,2LIA_MSM7,TWIVP6050_CONE NONE,True,SEPT ASTERX SB,True,4.8.4,True,99.75,90.94,97.06,33.9,39.7,29.8,1C 2L 2W 5Q,1C 2C 2P,1C 5Q 7Q 8Q,2I 7I,2026-09-26
2NER,2NER_MSM7,TWIVC6050 SCIS,True,SEPT ASTERX SB,True,4.8.4,True,100.0,91.25,98.99,22.1,22.4,18.4,1C 2L 2W 5Q,1C 2C 2P,1C 5Q 7Q 8Q,2I 7I,2026-09-26
2OBA,2OBA_MSM7,TWIVP6050_CONE NONE,True,SEPT ASTERX SB,True,4.8.4,True,100.0,92.05,99.62,30.4,36.3,31.3,1C 2L 2W 5Q,1C 2C 2P,1C 5Q 7Q 8Q,2I 7I,2026-09-26
2PIM,2PIM_MSM7,TRM77971.00 NONE,True,SEPT ASTERX SB,True,4.8.4,True,100.0,91.62,98.99,57.0,46.3,39.3,1C 2L 2W 5Q,1C 2C 2P,1C 5Q 7Q 8Q,2I 7I,2026-09-26
2SAL,2SAL_MSM7,TWIVP6050_CONE NONE,True,SEPT ASTERX SB,True,4.8.4,True,99.58,90.63,99.81,26.7,31.9,26.6,1C 2L 2W 5Q,1C 2C 2P,1C 5Q 7Q 8Q,2I 7I,2026-09-26
2TER,2TER_MSM7,TWIVP6050_CONE NONE,True,SEPT ASTERX SB,True,4.8.4,True,99.58,90.8,99.01,29.4,35.7,28.7,1C 2L 2W 5Q,1C 2C 2P,1C 5Q 7Q 8Q,2I 7I,2026-09-26
2UBE,2UBE_MSM7,TWIVP6050_CONE NONE,True,SEPT ASTERX SB,True,4.8.4,True,99.21,90.12,99.29,33.0,35.6,27.2,1C 2L 2W 5Q,1C 2C 2P,1C 5Q 7Q 8Q,2I 7I,2026-09-26
2VIE,2VIE_MSM7,TWIVC6050 SCIS,True,SEPT ASTERX SB,True,4.8.4,True,99.79,90.36,99.46,31.0,30.1,25.8,1C 2L 2W 5Q,1C 2C 2P,1C 5Q 7Q 8Q,2I 7I,2026-09-26
2WOR,2WOR_MSM7,CHCA220GR NONE,True,SEPT ASTERX SB,True,4.8.4,True,99.04,90.56,98.11,30.6,40.1,33.5,1C 2L 2W 5Q,1C 2C 2P,1C 5Q 7Q 8Q,2I 7I,2026-09-26
FRAV,Aveze,CHCC220GR2 CHCD,True,TRIMBLE BD990,True,"5.61,27/JUN/2023",True,100.0,85.68,94.12,15.4,21.4,26.8,1C 2W 5X,1C 1P 2C,1X 5X 6X 7X 8X,2I 6I,2026-09-26
FRBA,Barcelonette,CHCC220GR2 CHCD,True,TRIMBLE BD990,True,"5.61,27/JUN/2023",True,100.0,82.18,94.74,14.5,23.6,26.1,1C 2W 5X,1C 1P 2C 2P,1X 5X 6X 7X 8X,2I 6I,2026-09-26
FRCP,Case_De_Pene,CHCC220GR2 CHCD,True,TRIMBLE BD990,True,"5.61,27/JUN/2023",True,100.0,84.92,97.06,15.4,27.8,31.1,1C 2W 5X,1C 1P 2C 2P,1X 5X 7X 8X,2I,2026-09-26
FRCT,Castellane,CHCC220GR2 CHCD,True,TRIMBLE BD990,True,"5.61,27/JUN/2023",True,100.0,80.6,97.06,16.4,21.7,25.5,1C 2W 5X,1C 1P 2C,1X 5X 6X 7X 8X,2I 6I,2026-09-26
FRCA,Castres,CHCC220GR2 CHCD,True,TRIMBLE BD990,True,"5.61,27/JUN/2023",True,100.0,86.08,50.0,15.2,24.3,27.9,1C 2W 5X,1C 2C,1X 5X 6X 7X 8X,2I 6I,2026-09-26
FRCD,Chateau_D_Olonne,CHCC220GR2 CHCD,True,TRIMBLE BD970,True,"5.41,24/APR/2019",True,99.75,88.68,99.94,26.9,21.5,19.7,1C 2W 5X,1C 2C,1X 5X 7X 8X,2I,2026-09-26
FRCN,Crehange,CHCC220GR2 CHCD,True,TRIMBLE BD990,True,"5.61,27/JUN/2023",True,100.0,85.44,94.44,13.9,23.6,15.6,1C 2W 5X,1C 2C,1X 5X 6X 7X 8X,2I 6I,2026-09-26
FRDO,Dontcourt_Aux_Templiers,CHCC220GR2 CHCD,True,TRIMBLE BD990,True,"5.61,27/JUN/2023",True,100.0,85.68,94.12,13.4,22.2,25.5,1C 2W 5X,1C 2C,1X 5X 6X 7X 8X,2I 6I,2026-09-26
FRDZ,Donzere,CHCC220GR2 CHCD,True,TRIMBLE BD990,True,"5.61,27/JUN/2023",True,100.0,85.66,87.5,13.4,21.3,25.3,1C 2W 5X,1C 2C,1X 5X 6X 7X 8X,2I 6I,2026-09-26
FRDY,Doyet,CHCC220GR CHCD,True,TRIMBLE BD970,True,"5.41,24/APR/2019",True,100.0,85.24,99.85,30.5,30.5,27.7,1C 2W 5X,1C 2C,1X 5X 7X 8X,2I,2026-09-26
FRDR,Drucat,CHCC220GR CHCD,True,TRIMBLE BD970,True,"5.41,24/APR/2019",True,100.0,84.56,99.88,28.8,26.9,25.0,1C 2W 5X,1C 2C,1X 5X 7X 8X,2I,2026-09-26
FREB,Ebersheim,CHCC220GR CHCD,True,TRIMBLE BD970,True,"5.41,24/APR/2019",True,100.0,84.35,99.75,28.7,28.0,26.3,1C 2W 5X,1C 2C,1X 5X 7X 8X,2I,2026-09-26
FRGU,Guidel,CHCC220GR CHCD,True,TRIMBLE BD970,True,"5.41,24/APR/2019",True,100.0,80.55,99.59,27.6,26.7,0.0,1C 2W,1C 2C,1X 5X 7X 8X,2I,2026-09-26
FRBO,La_Bourdiniere,CHCC220GR2 CHCD,True,TRIMBLE BD970,True,"5.41,24/APR/2019",True,100.0,79.98,98.9,26.8,22.7,21.7,1C 2W 5X,1C 2C,1X 5X 7X 8X,2I,2026-09-26
FRPE,Le_Puy_En_Velay,CHCC220GR2 CHCD,True,TRIMBLE BD990,True,"5.61,27/JUN/2023",True,100.0,85.9,97.5,14.0,22.7,26.4,1C 2W 5X,1C 2C,1X 5X 6X 7X 8X,2I 6I,2026-09-26
FRMY,Maye,CHCC220GR CHCD,True,TRIMBLE BD970,True,"5.41,24/APR/2019",True,100.0,80.83,99.47,30.7,25.5,27.1,1C 2W 5X,1C 2C,1X 5X 7X 8X,2I,2026-09-26
FRMZ,Mazan,CHCC220GR2 CHCD,True,TRIMBLE BD990,True,"5.61,27/JUN/2023",True,100.0,85.65,50.0,14.6,23.5,29.9,1C 2W 5X,1C 2C,1X 5X 6X 7X 8X,2I 6I,2026-09-26
FRME,Melle,CHCC220GR2 CHCD,True,TRIMBLE BD990,True,"5.61,27/JUN/2023",True,99.58,86.75,0.0,14.0,21.2,23.4,1C 2W 5X,1C 1P 2C 2P,1X 5X 6X 7X 8X,2I 6I,2026-09-26
FRMS,Mours_Saint_Eusebe,CHCC220GR2 CHCD,True,TRIMBLE BD970,True,"5.41,24/APR/2019",True,100.0,80.94,99.68,26.1,19.7,19.8,1C 2W 5X,1C 2C,1X 5X 7X 8X,2I,2026-09-26
FRNE,Neuville,CHCC220GR CHCD,True,TRIMBLE BD970,True,"5.41,24/APR/2019",True,100.0,87.79,99.93,30.7,27.7,25.7,1C 2W 5X,1C 2C,1X 5X 7X 8X,2I,2026-09-26
FRNU,Nuisement,CHCC220GR CHCD,True,TRIMBLE BD970,True,"5.41,24/APR/2019",True,100.0,86.53,99.54,37.3,39.6,40.7,1C 2W 5X,1C 2C,1X 5X 7X 8X,2I,2026-09-26
FRPA,Piau_Engal,CHCC220GR2 CHCD,True,TRIMBLE BD990,True,"5.61,27/JUN/2023",True,100.0,84.25,90.0,14.9,20.9,13.9,1C 1X 2W 5X,1C 1P 2C,1X 5X 6X 7X 8X,2I 6I,2026-09-26
FRPL,Plouhinec,CHCC220GR2 CHCD,True,TRIMBLE BD990,True,"5.61,27/JUN/2023",True,99.42,86.78,91.67,14.9,23.8,27.4,1C 2W 5X,1C 1P 2C,1X 5X 6X 7X 8X,2I 6I,2026-09-26
FRSG,Saint_Georges_Dorques,CHCC220GR2 CHCD,True,TRIMBLE BD990,True,"5.61,27/JUN/2023",True,99.33,84.88,96.88,15.3,27.5,31.8,1C 2W 5X,1C 1P 2C 2P,1X 5X 6X 7X 8X,2I 6I,2026-09-26
FRSL,Sabl,CHCC220GR CHCD,True,TRIMBLE BD990,True,"5.61,27/JUN/2023",True,100.0,89.44,92.31,15.6,24.7,23.9,1C 2W 5X,1C 2C,1X 5X 6X 7X 8X,2I 6I,2026-09-26
FRSN,Saint_Nabord,CHCC220GR2 CHCD,True,TRIMBLE BD990,True,"5.61,27/JUN/2023",True,100.0,85.43,87.5,15.5,25.5,29.9,1C 2W 5X,1C 2C,1X 5X 6X 7X 8X,2I 6I,2026-09-26
FRSU,Sautron,CHCC220GR2 CHCD,True,TRIMBLE BD970,True,"5.41,24/APR/2019",True,100.0,79.85,99.62,26.1,25.1,27.3,1C 2W 5X,1C 2C,1X 5X 7X 8X,2I,2026-09-26
FRSV,Saviere,CHCC220GR2 CHCD,True,TRIMBLE BD990,True,"5.61,27/JUN/2023",True,100.0,84.77,98.44,13.5,23.5,28.2,1C 1X 2W 5X,1C 1P 2C 2P,1X 5X 6X 7X 8X,2I 6I,2026-09-26
FRUN,Ugine,CHCC220GR2 CHCD,True,TRIMBLE BD990,True,"5.61,27/JUN/2023",True,100.0,80.65,96.15,16.9,26.2,29.2,1C 2W 5X,1C 1P 2C,1X 5X 6X 7X 8X,2I 6I,2026-09-26
FRVL,Villevaude,CHCC220GR2 CHCD,True,TRIMBLE BD990,True,"5.61,27/JUN/2023",True,100.0,86.21,66.67,15.5,29.9,19.8,1C 1X 2W 5X,1C 2C,1X 5X 6X 7X 8X,2I 6I,2026-09-26
FRSI,Saint_Pantaleon_De_Larche,CHCC220GR2 CHCD,True,TRIMBLE BD990,True,"5.61,27/JUN/2023",True,100.0,86.47,88.89,14.4,22.7,26.6,1C 2W 5X,1C 2C 2P,1X 5X 6X 7X 8X,2I 6I,2026-09-26
FRCH,Cherbourg,CHCC220GR CHCD,True,TRIMBLE BD970,False,"5.41,24/APR/2019",False,99.96,87.14,94.45,13.1,19.6,14.2,1C 2W 2X 5X,1C 2C,1X 5X 7X 8X,2I 6I,2026-09-26
FREG,Egletons,CHCC220GR2 CHCD,True,TRIMBLE BD970,True,"5.41,24/APR/2019",True,100.0,86.4,99.92,30.7,29.7,28.9,1C 2W 5X,1C 2C,1X 5X 7X 8X,2I,2026-09-26
FRCV,Cavaillon,CHCC220GR2 CHCD,True,TRIMBLE BD990,True,"5.61,27/JUN/2023",True,100.0,85.67,66.67,14.1,26.2,29.1,1C 2W 2X 5X,1C 2C,1X 5X 6X 7X 8X,2I 6I,2026-09-26
FRVD,Vidauban,CHCC220GR2 CHCD,True,TRIMBLE BD990,True,"5.61,27/JUN/2023",True,100.0,82.88,98.73,22.1,38.0,24.7,1C 1X 2W 5X,1C 1P 2C 2P,1X 5X 6X 7X 8X,2I 6I,2026-09-26
NODS,Nods,TPSCR.G5 TPSH,True,TPS NET-G5,True,5.6.1+2410301224,False,100.0,91.17,99.12,27.9,28.3,20.9,1C 1W 1X 2W 2X 5X,1C 1P 2C 2P,1X 5X 6X 7X 8X,2I 6I 7I,2026-09-26
LEST,Les_Thioleyres,TPSCR.G5 TPSH,True,TPS NET-G5,True,5.6.1+2410301224,False,100.0,94.96,98.88,27.2,28.8,20.8,1C 1W 1X 2W 2X 5X,1C 1P 2C 2P,1X 5X 6X 7X 8X,2I 6I 7I,2026-09-26
CHSY,Satigny,TPSCR.G5 TPSH,True,TPS NET-G5,True,5.6.1+2410301224,False,100.0,94.23,98.96,33.6,33.7,21.8,1C 1W 1X 2W 2X 5X,1C 1P 2C 2P,1X 5X 6X 7X 8X,2I 6I 7I,2026-09-26
2ANG,2ANG_MSM7,TWIVP6050_CONE NONE,True,SEPT ASTERX SB,True,4.8.4,True,100.0,79.9,98.21,27.8,33.8,28.6,1C 2L 2W 5Q,1C 2C 2P,1C 5Q 7Q 8Q,2I 7I,2026-09-27
2ANN,2ANN_MSM7,TWIVC6050 SCIS,True,SEPT ASTERX SB,True,4.8.4,True,100.0,79.48,98.28,18.6,18.9,14.3,1C 2L 2W 5Q,1C 2C 2P,1C 5Q 7Q 8Q,2I 7I,2026-09-27
2AUC,2AUC_MSM7,TWIVC6050 SCIS,True,SEPT ASTERX SB,True,4.8.4,True,99.75,80.79,99.9,35.1,39.3,34.5,1C 2L 2W 5Q,1C 2C 2P,1C 5Q 7Q 8Q,2I 7I,2026-09-27
2BAL,2BAL_MSM7,TWIVC6050 SCIS,True,SEPT ASTERX SB,True,4.8.4,True,100.0,80.98,99.48,21.0,21.7,18.2,1C 2L 2W 5Q,1C 2C 2P,1C 5Q 7Q 8Q,2I 7I,2026-09-27
2BAS,2BAS_MSM7,TWIVC6050 SCIS,True,SEPT ASTERX SB,True,4.8.4,True,100.0,77.61,87.5,21.9,23.7,19.0,1C 2L 2W 5Q,1C 2C 2P,1C 5Q 7Q 8Q,2I 7I,2026-09-27
2BIL,2BIL_MSM7,TWIVP6050_CONE NONE,True,SEPT ASTERX SB,True,4.8.4,True,99.75,77.49,99.47,32.7,36.6,27.8,1C 2L 2W 5Q,1C 2C 2P,1C 5Q 7Q 8Q,2I 7I,2026-09-27
2CAS,2CAS_MSM7,TWIVC6050 SCIS,True,NOV OEM7700-1.02,True,OM7CR0800RN0000,True,100.0,79.21,99.06,40.0,33.0,26.5,1C 2S 2W 5Q,1C 2C 2P,1C 5Q 7Q 8Q,2I 6I 7I,2026-09-27
2CHR,2CHR_MSM7,TRM77971.00 NONE,True,SEPT ASTERX SB,True,4.8.4,True,64.96,50.09,98.65,29.6,33.2,27.3,1C 2L 2W 5Q,1C 2C 2P,1C 5Q 7Q 8Q,2I 7I,2026-09-27
2CIU,2CIU_MSM7,TWIVP6050_CONE NONE,True,SEPT ASTERX SB,True,4.8.4,True,99.58,81.06,99.55,35.6,42.2,34.3,1C 2L 2W 5Q,1C 2C 2P,1C 5Q 7Q 8Q,2I 7I,2026-09-27
2CLI,2CLI_MSM7,CHCA220GR NONE,False,SEPT ASTERX SB,True,4.8.4,True,100.0,80.49,99.19,30.1,38.4,30.7,1C 2L 2W 5Q,1C 2C 2P,1C 5Q 7Q 8Q,2I 7I,2026-09-27
2CUM,2CUM_MSM7,TWIVP6050_CONE NONE,True,SEPT ASTERX SB,True,4.8.4,True,100.0,81.07,99.44,31.1,35.4,27.6,1C 2L 2W 5Q,1C 2C 2P,1C 5Q 7Q 8Q,2I 7I,2026-09-27
2DUN,2DUN_MSM7,TWIVP6050_CONE NONE,True,SEPT ASTERX SB,True,4.8.4,True,99.79,81.78,99.86,33.1,37.6,30.6,1C 2L 2W 5Q,1C 2C 2P,1C 5Q 7Q 8Q,2I 7I,2026-09-27
2FIG,2FIG_MSM7,TWIVC6050 SCIS,True,SEPT ASTERX SB,True,4.8.4,True,100.0,79.03,98.28,20.5,22.3,18.3,1C 2L 2W 5Q,1C 2C 2P,1C 5Q 7Q 8Q,2I 7I,2026-09-27
2GAW,2GAW_MSM7,TWIVC6050 SCIS,True,SEPT ASTERX SB,True,4.8.4,True,99.79,79.91,98.86,25.2,27.7,22.8,1C 2L 2W 5Q,1C 2C 2P,1C 5Q 7Q 8Q,2I 7I,2026-09-27
2IMP,2IMP_MSM7,TWIVP6050_CONE NONE,True,SEPT ASTERX SB,True,4.8.4,True,100.0,77.46,93.75,32.9,34.4,27.0,1C 2L 2W 5Q,1C 2C 2P,1C 5Q 7Q 8Q,2I 7I,2026-09-27
2INV,2INV_MSM7,TWIVP6050_CONE NONE,True,SEPT ASTERX SB,True,4.8.4,True,100.0,82.64,99.75,35.1,38.0,31.5,1C 2L 2W 5Q,1C 2C 2P,1C 5Q 7Q 8Q,2I 7I,2026-09-27
2KIR,2KIR_MSM7,TWIVC6050 SCIS,True,SEPT ASTERX SB,True,4.8.4,True,99.79,82.84,96.3,22.4,23.6,18.7,1C 2L 2W 5Q,1C 2C 2P,1C 5Q 7Q 8Q,2I 7I,2026-09-27
2LIA,2LIA_MSM7,TWIVP6050_CONE NONE,True,SEPT ASTERX SB,True,4.8.4,True,100.0,79.81,96.55,34.0,40.0,30.4,1C 2L 2W 5Q,1C 2C 2P,1C 5Q 7Q 8Q,2I 7I,2026-09-27
2NER,2NER_MSM7,TWIVC6050 SCIS,True,SEPT ASTERX SB,True,4.8.4,True,99.75,79.72,98.99,21.5,22.1,18.7,1C 2L 2W 5Q,1C 2C 2P,1C 5Q 7Q 8Q,2I 7I,2026-09-27
2OBA,2OBA_MSM7,TWIVP6050_CONE NONE,True,SEPT ASTERX SB,True,4.8.4,True,99.79,81.37,99.66,30.1,36.1,31.0,1C 2L 2W 5Q,1C 2C 2P,1C 5Q 7Q 8Q,2I 7I,2026-09-27
2PIM,2PIM_MSM7,TRM77971.00 NONE,True,SEPT ASTERX SB,True,4.8.4,True,100.0,80.62,97.92,55.6,45.6,38.9,1C 2L 2W 5Q,1C 2C 2P,1C 5Q 7Q 8Q,2I 7I,2026-09-27
2SAL,2SAL_MSM7,TWIVP6050_CONE NONE,True,SEPT ASTERX SB,True,4.8.4,True,100.0,80.85,99.81,26.7,31.6,26.7,1C 2L 2W 5Q,1C 2C 2P,1C 5Q 7Q 8Q,2I 7I,2026-09-27
2TER,2TER_MSM7,TWIVP6050_CONE NONE,True,SEPT ASTERX SB,True,4.8.4,True,100.0,81.34,97.92,29.1,35.2,28.8,1C 2L 2W 5Q,1C 2C 2P,1C 5Q 7Q 8Q,2I 7I,2026-09-27
2UBE,2UBE_MSM7,TWIVP6050_CONE NONE,True,SEPT ASTERX SB,True,4.8.4,True,98.12,80.21,99.2,33.1,35.1,26.9,1C 2L 2W 5Q,1C 2C 2P,1C 5Q 7Q 8Q,2I 7I,2026-09-27
2VIE,2VIE_MSM7,TWIVC6050 SCIS,True,SEPT ASTERX SB,True,4.8.4,True,99.75,80.56,99.46,30.0,29.5,25.2,1C 2L 2W 5Q,1C 2C 2P,1C 5Q 7Q 8Q,2I 7I,2026-09-27
2WOR,2WOR_MSM7,CHCA220GR NONE,True,SEPT ASTERX SB,True,4.8.4,True,100.0,80.02,98.36,30.0,41.7,33.4,1C 2L 2W 5Q,1C 2C 2P,1C 5Q 7Q 8Q,2I 7I,2026-09-27
FRAV,Aveze,CHCC220GR2 CHCD,True,TRIMBLE BD990,True,"5.61,27/JUN/2023",True,100.0,73.51,87.5,15.5,21.6,27.6,1C 2W 5X,1C 2C,1X 5X 6X 7X 8X,2I 6I,2026-09-27
FRBA,Barcelonette,CHCC220GR2 CHCD,True,TRIMBLE BD990,True,"5.61,27/JUN/2023",True,100.0,68.33,96.67,14.5,23.6,26.4,1C 2W 5X,1C 1P 2C,1X 5X 6X 7X 8X,2I 6I,2026-09-27
FRCP,Case_De_Pene,CHCC220GR2 CHCD,True,TRIMBLE BD990,True,"5.61,27/JUN/2023",True,100.0,72.17,97.96,15.1,27.8,31.3,1C 2W 5X,1C 2C 2P,1X 5X 7X 8X,2I,2026-09-27
FRCT,Castellane,CHCC220GR2 CHCD,True,TRIMBLE BD990,True,"5.61,27/JUN/2023",True,100.0,66.38,96.43,16.7,21.7,26.1,1C 2W 5X,1C 1P 2C 2P,1X 5X 6X 7X 8X,2I 6I,2026-09-27
FRCA,Castres,CHCC220GR2 CHCD,True,TRIMBLE BD990,True,"5.61,27/JUN/2023",True,100.0,74.27,50.0,15.0,24.4,28.0,1C 2W 5X,1C 2C,1X 5X 6X 7X 8X,2I 6I,2026-09-27
FRCD,Chateau_D_Olonne,CHCC220GR2 CHCD,True,TRIMBLE BD970,True,"5.41,24/APR/2019",True,99.54,81.11,99.94,27.2,21.5,20.3,1C 2W 5X,1C 2C,1X 5X 7X 8X,2I,2026-09-27
FRCN,Crehange,CHCC220GR2 CHCD,True,TRIMBLE BD990,True,"5.61,27/JUN/2023",True,100.0,72.45,94.12,13.9,23.8,15.1,1C 2W 5X,1C 2C,1X 5X 6X 7X 8X,2I 6I,2026-09-27
FRDO,Dontcourt_Aux_Templiers,CHCC220GR2 CHCD,True,TRIMBLE BD990,True,"5.61,27/JUN/2023",True,100.0,72.69,94.12,13.4,22.1,25.6,1C 2W 5X,1C 2C,1X 5X 6X 7X 8X,2I 6I,2026-09-27
FRDZ,Donzere,CHCC220GR2 CHCD,True,TRIMBLE BD990,True,"5.61,27/JUN/2023",True,100.0,73.57,83.33,13.3,21.0,25.2,1C 2W 5X,1C 2C,1X 5X 6X 7X 8X,2I 6I,2026-09-27
FRDY,Doyet,CHCC220GR CHCD,True,TRIMBLE BD970,True,"5.41,24/APR/2019",True,100.0,74.36,99.84,30.3,30.0,27.1,1C 2W 5X,1C 2C,1X 5X 7X 8X,2I,2026-09-27
FRDR,Drucat,CHCC220GR CHCD,True,TRIMBLE BD970,True,"5.41,24/APR/2019",True,100.0,73.31,99.87,29.0,26.6,24.7,1C 2W 5X,1C 2C,1X 5X 7X 8X,2I,2026-09-27
FREB,Ebersheim,CHCC220GR CHCD,True,TRIMBLE BD970,True,"5.41,24/APR/2019",True,100.0,73.05,99.78,29.0,28.4,26.9,1C 2W 5X,1C 2C,1X 5X 7X 8X,2I,2026-09-27
FRGU,Guidel,CHCC220GR CHCD,True,TRIMBLE BD970,True,"5.41,24/APR/2019",True,100.0,65.45,99.66,27.6,26.8,0.0,1C 2W,1C 2C,1X 5X 7X 8X,2I,2026-09-27
FRBO,La_Bourdiniere,CHCC220GR2 CHCD,True,TRIMBLE BD970,True,"5.41,24/APR/2019",True,100.0,65.38,99.07,26.8,23.0,21.5,1C 2W 5X,1C 2C,1X 5X 7X 8X,2I,2026-09-27
FRPE,Le_Puy_En_Velay,CHCC220GR2 CHCD,True,TRIMBLE BD990,True,"5.61,27/JUN/2023",True,100.0,73.71,97.06,14.0,22.3,26.3,1C 2W 5X,1C 2C,1X 5X 6X 7X 8X,2I 6I,2026-09-27
FRMY,Maye,CHCC220GR CHCD,True,TRIMBLE BD970,True,"5.41,24/APR/2019",True,100.0,65.81,99.41,30.7,25.3,26.6,1C 2W 5X,1C 2C,1X 5X 7X 8X,2I,2026-09-27
FRMZ,Mazan,CHCC220GR2 CHCD,True,TRIMBLE BD990,True,"5.61,27/JUN/2023",True,100.0,73.44,66.67,14.8,23.4,30.3,1C 2W 5X,1C 2C,1X 5X 6X 7X 8X,2I 6I,2026-09-27
FRME,Melle,CHCC220GR2 CHCD,True,TRIMBLE BD990,True,"5.61,27/JUN/2023",True,100.0,74.33,88.89,14.2,21.0,23.0,1C 2W 5X,1C 2C 2P,1X 5X 6X 7X 8X,2I 6I,2026-09-27
FRMS,Mours_Saint_Eusebe,CHCC220GR2 CHCD,True,TRIMBLE BD970,True,"5.41,24/APR/2019",True,100.0,67.99,99.71,26.0,19.5,19.4,1C 2W 5X,1C 2C,1X 5X 7X 8X,2I,2026-09-27
FRNE,Neuville,CHCC220GR CHCD,True,TRIMBLE BD970,True,"5.41,24/APR/2019",True,100.0,79.44,99.93,30.7,27.6,25.4,1C 2W 5X,1C 2C,1X 5X 7X 8X,2I,2026-09-27
FRNU,Nuisement,CHCC220GR CHCD,True,TRIMBLE BD970,True,"5.41,24/APR/2019",True,100.0,75.71,99.51,37.0,39.3,40.6,1C 2W 5X,1C 2C,1X 5X 7X 8X,2I,2026-09-27
FRPA,Piau_Engal,CHCC220GR2 CHCD,True,TRIMBLE BD990,True,"5.61,27/JUN/2023",True,100.0,70.76,87.5,15.1,21.0,13.4,1C 1X 2W 5X,1C 2C,1X 5X 6X 7X 8X,2I 6I,2026-09-27
FRPL,Plouhinec,CHCC220GR2 CHCD,True,TRIMBLE BD990,True,"5.61,27/JUN/2023",True,99.75,73.62,0.0,15.2,23.6,27.6,1C 2W 5X,1C 2C,1X 5X 6X 7X 8X,2I 6I,2026-09-27
FRSG,Saint_Georges_Dorques,CHCC220GR2 CHCD,True,TRIMBLE BD990,True,"5.61,27/JUN/2023",True,99.75,72.78,94.44,15.1,27.4,32.4,1C 2W 5X,1C 1P 2C 2P,1X 5X 6X 7X 8X,2I 6I,2026-09-27
FRSL,Sabl,CHCC220GR CHCD,True,TRIMBLE BD990,True,"5.61,27/JUN/2023",True,100.0,78.03,92.86,15.5,24.7,23.8,1C 2W 5X,1C 2C,1X 5X 6X 7X 8X,2I 6I,2026-09-27
FRSN,Saint_Nabord,CHCC220GR2 CHCD,True,TRIMBLE BD990,True,"5.61,27/JUN/2023",True,100.0,72.66,90.91,15.4,25.1,29.5,1C 2W 5X,1C 2C,1X 5X 6X 7X 8X,2I 6I,2026-09-27
FRSU,Sautron,CHCC220GR2 CHCD,True,TRIMBLE BD970,True,"5.41,24/APR/2019",True,100.0,64.91,99.69,25.9,25.5,26.5,1C 2W 5X,1C 2C,1X 5X 7X 8X,2I,2026-09-27
FRSV,Saviere,CHCC220GR2 CHCD,True,TRIMBLE BD990,True,"5.61,27/JUN/2023",True,100.0,71.36,98.73,13.1,23.3,27.8,1C 1X 2W 5X,1C 1P 2C 2P,1X 5X 6X 7X 8X,2I 6I,2026-09-27
FRUN,Ugine,CHCC220GR2 CHCD,True,TRIMBLE BD990,True,"5.61,27/JUN/2023",True,100.0,66.03,95.46,17.0,26.2,29.3,1C 2W 5X,1C 1P 2C 2P,1X 5X 6X 7X 8X,2I 6I,2026-09-27
FRVL,Villevaude,CHCC220GR2 CHCD,True,TRIMBLE BD990,True,"5.61,27/JUN/2023",True,100.0,73.22,50.0,15.5,29.5,20.0,1C 1X 2W 5X,1C 2C 2P,1X 5X 6X 7X 8X,2I 6I,2026-09-27
FRSI,Saint_Pantaleon_De_Larche,CHCC220GR2 CHCD,True,TRIMBLE BD990,True,"5.61,27/JUN/2023",True,100.0,74.3,80.0,14.4,23.1,27.0,1C 2W 5X,1C 2C,1X 5X 6X 7X 8X,2I 6I,2026-09-27
FRCH,Cherbourg,CHCC220GR CHCD,True,TRIMBLE BD970,False,"5.41,24/APR/2019",False,99.96,73.63,88.89,13.2,19.7,14.5,1C 2W 2X 5X,1C 2C,1X 5X 7X 8X,2I 6I,2026-09-27
FREG,Egletons,CHCC220GR2 CHCD,True,TRIMBLE BD970,True,"5.41,24/APR/2019",True,100.0,76.86,99.92,30.8,29.7,29.3,1C 2W 5X,1C 2C,1X 5X 7X 8X,2I,2026-09-27
FRCV,Cavaillon,CHCC220GR2 CHCD,True,TRIMBLE BD990,True,"5.61,27/JUN/2023",True,100.0,73.51,0.0,14.0,25.9,29.6,1C 2W 2X 5X,1C 2C,1X 5X 6X 7X 8X,2I 6I,2026-09-27
FRVD,Vidauban,CHCC220GR2 CHCD,True,TRIMBLE BD990,True,"5.61,27/JUN/2023",True,100.0,69.47,98.93,21.7,37.6,24.8,1C 1X 2W 5X,1C 1P 2C 2P,1X 5X 6X 7X 8X,2I 6I,2026-09-27
NODS,Nods,TPSCR.G5 TPSH,True,TPS NET-G5,True,5.6.1+2410301224,False,100.0,81.79,99.32,28.3,28.1,21.0,1C 1W 1X 2W 2X 5X,1C 1P 2C 2P,1X 5X 6X 7X 8X,2I 6I 7I,2026-09-27
LEST,Les_Thioleyres,TPSCR.G5 TPSH,True,TPS NET-G5,True,5.6.1+2410301224,False,100.0,88.17,98.25,28.0,29.7,21.3,1C 1W 1X 2W 2X 5X,1C 1P 2C 2P,1X 5X 6X 7X 8X,2I 6I 7I,2026-09-27
CHSY,Satigny,TPSCR.G5 TPSH,True,TPS NET-G5,True,5.6.1+2410301224,False,100.0,87.53,98.7,33.5,33.6,21.5,1C 1W 1X 2W 2X 5X,1C 1P 2C 2P,1X 5X 6X 7X 8X,2I 6I 7I,2026-09-27
2ANG,2ANG_MSM7,TWIVP6050_CONE NONE,True,SEPT ASTERX SB,True,4.8.4,True,100.0,79.63,97.96,28.1,34.3,28.2,1C 2L 2W 5Q,1C 2C 2P,1C 5Q 7Q 8Q,2I 7I,2026-09-28
2ANN,2ANN_MSM7,TWIVC6050 SCIS,True,SEPT ASTERX SB,True,4.8.4,True,100.0,79.52,98.33,18.4,18.9,14.1,1C 2L 2W 5Q,1C 2C 2P,1C 5Q 7Q 8Q,2I 7I,2026-09-28
2AUC,2AUC_MSM7,TWIVC6050 SCIS,True,SEPT ASTERX SB,True,4.8.4,True,100.0,80.89,99.89,35.5,39.6,34.6,1C 2L 2W 5Q,1C 2C 2P,1C 5Q 7Q 8Q,2I 7I,2026-09-28
2BAL,2BAL_MSM7,TWIVC6050 SCIS,True,SEPT ASTERX SB,True,4.8.4,True,100.0,80.86,99.27,20.8,20.9,17.5,1C 2L 2W 5Q,1C 2C 2P,1C 5Q 7Q 8Q,2I 7I,2026-09-28
2BAS,2BAS_MSM7,TWIVC6050 SCIS,True,SEPT ASTERX SB,True,4.8.4,True,98.67,76.87,91.67,22.1,24.1,19.2,1C 2L 2W 5Q,1C 2C 2P,1C 5Q 7Q 8Q,2I 7I,2026-09-28
2BIL,2BIL_MSM7,TWIVP6050_CONE NONE,True,SEPT ASTERX SB,True,4.8.4,True,99.58,77.71,99.58,32.7,36.6,28.1,1C 2L 2W 5Q,1C 2C 2P,1C 5Q 7Q 8Q,2I 7I,2026-09-28
2CAS,2CAS_MSM7,TWIVC6050 SCIS,True,NOV OEM7700-1.02,True,OM7CR0800RN0000,True,100.0,78.84,99.08,38.7,32.6,26.6,1C 2S 2W 5Q,1C 2C 2P,1C 5Q 7Q 8Q,2I 6I 7I,2026-09-28
2CHR,2CHR_MSM7,TRM77971.00 NONE,True,SEPT ASTERX SB,True,4.8.4,True,99.79,79.62,99.49,29.7,33.6,27.6,1C 2L 2W 5Q,1C 2C 2P,1C 5Q 7Q 8Q,2I 7I,2026-09-28
2CIU,2CIU_MSM7,TWIVP6050_CONE NONE,True,SEPT ASTERX SB,True,4.8.4,True,99.75,81.56,99.25,34.8,40.9,33.5,1C 2L 2W 5Q,1C 2C 2P,1C 5Q 7Q 8Q,2I 7I,2026-09-28
2CLI,2CLI_MSM7,CHCA220GR NONE,False,SEPT ASTERX SB,True,4.8.4,True,100.0,80.28,99.04,30.9,39.0,31.3,1C 2L 2W 5Q,1C 2C 2P,1C 5Q 7Q 8Q,2I 7I,2026-09-28
2CUM,2CUM_MSM7,TWIVP6050_CONE NONE,True,SEPT ASTERX SB,True,4.8.4,True,99.79,81.45,99.27,30.8,34.5,27.5,1C 2L 2W 5Q,1C 2C 2P,1C 5Q 7Q 8Q,2I 7I,2026-09-28
2DUN,2DUN_MSM7,TWIVP6050_CONE NONE,True,SEPT ASTERX SB,True,4.8.4,True,100.0,81.98,99.84,33.2,37.1,30.1,1C 2L 2W 5Q,1C 2C 2P,1C 5Q 7Q 8Q,2I 7I,2026-09-28
2FIG,2FIG_MSM7,TWIVC6050 SCIS,True,SEPT ASTERX SB,True,4.8.4,True,100.0,79.16,98.61,20.9,22.5,18.4,1C 2L 2W 5Q,1C 2C 2P,1C 5Q 7Q 8Q,2I 7I,2026-09-28
2GAW,2GAW_MSM7,TWIVC6050 SCIS,True,SEPT ASTERX SB,True,4.8.4,True,99.79,79.64,98.49,25.2,28.1,22.8,1C 2L 2W 5Q,1C 2C 2P,1C 5Q 7Q 8Q,2I 7I,2026-09-28
2IMP,2IMP_MSM7,TWIVP6050_CONE NONE,True,SEPT ASTERX SB,True,4.8.4,True,99.79,77.81,97.5,32.7,34.4,26.7,1C 2L 2W 5Q,1C 2C 2P,1C 5Q 7Q 8Q,2I 7I,2026-09-28
2INV,2INV_MSM7,TWIVP6050_CONE NONE,True,SEPT ASTERX SB,True,4.8.4,True,99.75,82.43,99.76,35.3,38.0,31.3,1C 2L 2W 5Q,1C 2C 2P,1C 5Q 7Q 8Q,2I 7I,2026-09-28
2KIR,2KIR_MSM7,TWIVC6050 SCIS,True,SEPT ASTERX SB,True,4.8.4,True,99.75,82.87,98.0,22.8,24.1,18.9,1C 2L 2W 5Q,1C 2C 2P,1C 5Q 7Q 8Q,2I 7I,2026-09-28
2LIA,2LIA_MSM7,TWIVP6050_CONE NONE,True,SEPT ASTERX SB,True,4.8.4,True,99.79,79.2,98.21,34.2,40.1,30.2,1C 2L 2W 5Q,1C 2C 2P,1C 5Q 7Q 8Q,2I 7I,2026-09-28
2NER,2NER_MSM7,TWIVC6050 SCIS,True,SEPT ASTERX SB,True,4.8.4,True,100.0,79.62,98.74,22.0,22.5,19.1,1C 2L 2W 5Q,1C 2C 2P,1C 5Q 7Q 8Q,2I 7I,2026-09-28
2OBA,2OBA_MSM7,TWIVP6050_CONE NONE,True,SEPT ASTERX SB,True,4.8.4,True,99.79,81.37,99.61,30.7,36.5,32.0,1C 2L 2W 5Q,1C 2C 2P,1C 5Q 7Q 8Q,2I 7I,2026-09-28
2PIM,2PIM_MSM7,TRM77971.00 NONE,True,SEPT ASTERX SB,True,4.8.4,True,100.0,80.3,99.11,56.2,45.8,38.7,1C 2L 2W 5Q,1C 2C 2P,1C 5Q 7Q 8Q,2I 7I,2026-09-28
2SAL,2SAL_MSM7,TWIVP6050_CONE NONE,True,SEPT ASTERX SB,True,4.8.4,True,99.96,81.32,99.8,25.9,31.6,27.2,1C 2L 2W 5Q,1C 2C 2P,1C 5Q 7Q 8Q,2I 7I,2026-09-28
2TER,2TER_MSM7,TWIVP6050_CONE NONE,True,SEPT ASTERX SB,True,4.8.4,True,100.0,81.68,97.67,29.4,35.3,28.2,1C 2L 2W 5Q,1C 2C 2P,1C 5Q 7Q 8Q,2I 7I,2026-09-28
2UBE,2UBE_MSM7,TWIVP6050_CONE NONE,True,SEPT ASTERX SB,True,4.8.4,True,98.67,80.8,98.67,33.6,35.4,27.8,1C 2L 2W 5Q,1C 2C 2P,1C 5Q 7Q 8Q,2I 7I,2026-09-28
2VIE,2VIE_MSM7,TWIVC6050 SCIS,True,SEPT ASTERX SB,True,4.8.4,True,99.75,80.54,99.32,30.3,29.6,24.8,1C 2L 2W 5Q,1C 2C 2P,1C 5Q 7Q 8Q,2I 7I,2026-09-28
2WOR,2WOR_MSM7,CHCA220GR NONE,True,SEPT ASTERX SB,True,4.8.4,True,98.46,78.41,97.87,30.2,39.7,32.9,1C 2L 2W 5Q,1C 2C 2P,1C 5Q 7Q 8Q,2I 7I,2026-09-28
FRAV,Aveze,CHCC220GR2 CHCD,True,TRIMBLE BD990,True,"5.61,27/JUN/2023",True,100.0,73.94,90.91,15.4,21.6,27.2,1C 2W 5X,1C 2C,1X 5X 6X 7X 8X,2I 6I,2026-09-28
FRBA,Barcelonette,CHCC220GR2 CHCD,True,TRIMBLE BD990,True,"5.61,27/JUN/2023",True,100.0,68.84,94.44,14.6,23.6,26.8,1C 2W 5X,1C 1P 2C 2P,1X 5X 6X 7X 8X,2I 6I,2026-09-28
FRCP,Case_De_Pene,CHCC220GR2 CHCD,True,TRIMBLE BD990,True,"5.61,27/JUN/2023",True,100.0,72.42,97.37,15.1,27.6,30.5,1C 2W 5X,1C 1P 2C 2P,1X 5X 7X 8X,2I,2026-09-28
FRCT,Castellane,CHCC220GR2 CHCD,True,TRIMBLE BD990,True,"5.61,27/JUN/2023",True,100.0,66.7,95.83,17.1,21.9,26.1,1C 2W 5X,1C 1P 2C 2P,1X 5X 6X 7X 8X,2I 6I,2026-09-28
FRCA,Castres,CHCC220GR2 CHCD,True,TRIMBLE BD990,True,"5.61,27/JUN/2023",True,100.0,74.71,50.0,14.5,24.0,27.6,1C 2W 5X,1C 2C 2P,1X 5X 6X 7X 8X,2I 6I,2026-09-28
FRCD,Chateau_D_Olonne,CHCC220GR2 CHCD,True,TRIMBLE BD970,True,"5.41,24/APR/2019",True,100.0,81.27,99.94,27.7,21.0,19.7,1C 2W 5X,1C 2C,1X 5X 7X 8X,2I,2026-09-28
FRCN,Crehange,CHCC220GR2 CHCD,True,TRIMBLE BD990,True,"5.61,27/JUN/2023",True,100.0,72.75,95.24,13.8,23.6,15.4,1C 2W 5X,1C 2C,1X 5X 6X 7X 8X,2I 6I,2026-09-28
FRDO,Dontcourt_Aux_Templiers,CHCC220GR2 CHCD,True,TRIMBLE BD990,True,"5.61,27/JUN/2023",True,99.96,73.05,97.22,13.3,21.9,25.9,1C 2W 5X,1C 2C,1X 5X 6X 7X 8X,2I 6I,2026-09-28
FRDZ,Donzere,CHCC220GR2 CHCD,True,TRIMBLE BD990,True,"5.61,27/JUN/2023",True,100.0,74.05,75.0,13.4,21.1,25.0,1C 2W 5X,1C 2C,1X 5X 6X 7X 8X,2I 6I,2026-09-28
FRDY,Doyet,CHCC220GR CHCD,True,TRIMBLE BD970,True,"5.41,24/APR/2019",True,100.0,74.41,99.84,30.8,30.5,27.4,1C 2W 5X,1C 2C,1X 5X 7X 8X,2I,2026-09-28
FRDR,Drucat,CHCC220GR CHCD,True,TRIMBLE BD970,True,"5.41,24/APR/2019",True,100.0,71.63,99.89,27.9,26.9,24.5,1C 2W 5X,1C 2C,1X 5X 7X 8X,2I,2026-09-28
FREB,Ebersheim,CHCC220GR CHCD,True,TRIMBLE BD970,True,"5.41,24/APR/2019",True,100.0,73.14,99.79,29.1,28.8,26.8,1C 2W 5X,1C 2C,1X 5X 7X 8X,2I,2026-09-28
FRGU,Guidel,CHCC220GR CHCD,True,TRIMBLE BD970,True,"5.41,24/APR/2019",True,100.0,65.55,99.68,27.6,26.6,0.0,1C 2W,1C 2C,1X 5X 7X 8X,2I,2026-09-28
FRBO,La_Bourdiniere,CHCC220GR2 CHCD,True,TRIMBLE BD970,True,"5.41,24/APR/2019",True,100.0,65.84,99.13,26.7,23.3,22.5,1C 2W 5X,1C 2C,1X 5X 7X 8X,2I,2026-09-28
FRPE,Le_Puy_En_Velay,CHCC220GR2 CHCD,True,TRIMBLE BD990,True,"5.61,27/JUN/2023",True,99.96,74.21,98.49,13.7,22.0,25.8,1C 2W 5X,1C 2C,1X 5X 6X 7X 8X,2I 6I,2026-09-28
FRMY,Maye,CHCC220GR CHCD,True,TRIMBLE BD970,True,"5.41,24/APR/2019",True,100.0,66.12,99.22,30.5,25.4,26.7,1C 2W 5X,1C 2C,1X 5X 7X 8X,2I,2026-09-28
FRMZ,Mazan,CHCC220GR2 CHCD,True,TRIMBLE BD990,True,"5.61,27/JUN/2023",True,100.0,73.95,87.5,14.8,23.5,30.4,1C 2W 5X,1C 2C,1X 5X 6X 7X 8X,2I 6I,2026-09-28
FRME,Melle,CHCC220GR2 CHCD,True,TRIMBLE BD990,True,"5.61,27/JUN/2023",True,89.71,66.35,92.31,14.1,21.5,23.4,1C 2W 5X,1C 2C 2P,1X 5X 6X 7X 8X,2I 6I,2026-09-28
FRMS,Mours_Saint_Eusebe,CHCC220GR2 CHCD,True,TRIMBLE BD970,True,"5.41,24/APR/2019",True,100.0,68.58,99.69,25.8,19.6,19.1,1C 2W 5X,1C 2C,1X 5X 7X 8X,2I,2026-09-28
FRNE,Neuville,CHCC220GR CHCD,True,TRIMBLE BD970,True,"5.41,24/APR/2019",True,99.5,78.43,99.93,30.8,28.6,26.6,1C 2W 5X,1C 2C,1X 5X 7X 8X,2I,2026-09-28
FRNU,Nuisement,CHCC220GR CHCD,True,TRIMBLE BD970,True,"5.41,24/APR/2019",True,100.0,75.45,99.51,36.6,40.3,40.3,1C 2W 5X,1C 2C,1X 5X 7X 8X,2I,2026-09-28
FRPA,Piau_Engal,CHCC220GR2 CHCD,True,TRIMBLE BD990,True,"5.61,27/JUN/2023",True,99.92,71.04,88.89,15.2,20.9,13.9,1C 1X 2W 5X,1C 1P 2C,1X 5X 6X 7X 8X,2I 6I,2026-09-28
FRPL,Plouhinec,CHCC220GR2 CHCD,True,TRIMBLE BD990,True,"5.61,27/JUN/2023",True,99.75,73.51,80.0,15.1,23.9,27.6,1C 2W 5X,1C 2C 2P,1X 5X 6X 7X 8X,2I 6I,2026-09-28
FRSG,Saint_Georges_Dorques,CHCC220GR2 CHCD,True,TRIMBLE BD990,True,"5.61,27/JUN/2023",True,99.75,73.19,95.0,15.1,27.3,32.7,1C 2W 5X,1C 1P 2C 2P,1X 5X 6X 7X 8X,2I 6I,2026-09-28
FRSL,Sabl,CHCC220GR CHCD,True,TRIMBLE BD990,True,"5.61,27/JUN/2023",True,99.96,78.17,92.86,15.3,24.0,23.5,1C 2W 5X,1C 2C,1X 5X 6X 7X 8X,2I 6I,2026-09-28
FRSN,Saint_Nabord,CHCC220GR2 CHCD,True,TRIMBLE BD990,True,"5.61,27/JUN/2023",True,100.0,73.1,91.67,15.6,25.2,29.4,1C 2W 5X,1C 2C,1X 5X 6X 7X 8X,2I 6I,2026-09-28
FRSU,Sautron,CHCC220GR2 CHCD,True,TRIMBLE BD970,True,"5.41,24/APR/2019",True,100.0,65.12,99.71,26.6,26.7,28.1,1C 2W 5X,1C 2C,1X 5X 7X 8X,2I,2026-09-28
FRSV,Saviere,CHCC220GR2 CHCD,True,TRIMBLE BD990,True,"5.61,27/JUN/2023",True,96.79,69.17,98.63,13.2,23.3,28.0,1C 1X 2W 5X,1C 1P 2C 2P,1X 5X 6X 7X 8X,2I 6I,2026-09-28
FRUN,Ugine,CHCC220GR2 CHCD,True,TRIMBLE BD990,True,"5.61,27/JUN/2023",True,100.0,66.41,96.67,16.6,26.4,29.3,1C 2W 5X,1C 1P 2C 2P,1X 5X 6X 7X 8X,2I 6I,2026-09-28
FRVL,Villevaude,CHCC220GR2 CHCD,True,TRIMBLE BD990,True,"5.61,27/JUN/2023",True,100.0,73.58,83.33,15.5,29.2,19.4,1C 1X 2W 5X,1C 2C 2P,1X 5X 6X 7X 8X,2I 6I,2026-09-28
FRSI,Saint_Pantaleon_De_Larche,CHCC220GR2 CHCD,True,TRIMBLE BD990,True,"5.61,27/JUN/2023",True,100.0,74.65,85.72,14.2,22.7,26.2,1C 2W 5X,1C 2C,1X 5X 6X 7X 8X,2I 6I,2026-09-28
FRCH,Cherbourg,CHCC220GR CHCD,True,TRIMBLE BD970,False,"5.41,24/APR/2019",False,99.92,73.68,91.67,13.0,19.3,14.0,1C 2W 2X 5X,1C 2C,1X 5X 7X 8X,2I 6I,2026-09-28
FREG,Egletons,CHCC220GR2 CHCD,True,TRIMBLE BD970,True,"5.41,24/APR/2019",True,100.0,77.74,99.92,31.4,31.2,29.7,1C 2W 5X,1C 2C,1X 5X 7X 8X,2I,2026-09-28
FRCV,Cavaillon,CHCC220GR2 CHCD,True,TRIMBLE BD990,True,"5.61,27/JUN/2023",True,100.0,74.0,50.0,14.0,26.0,29.0,1C 2W 2X 5X,1C 2C,1X 5X 6X 7X 8X,2I 6I,2026-09-28
FRVD,Vidauban,CHCC220GR2 CHCD,True,TRIMBLE BD990,True,"5.61,27/JUN/2023",True,100.0,69.67,99.09,21.8,37.6,24.1,1C 1X 2W 5X,1C 1P 2C 2P,1X 5X 6X 7X 8X,2I 6I,2026-09-28
NODS,Nods,TPSCR.G5 TPSH,True,TPS NET-G5,True,5.6.1+2410301224,False,100.0,82.03,99.3,27.8,28.0,21.0,1C 1W 1X 2W 2X 5X,1C 1P 2C 2P,1X 5X 6X 7X 8X,2I 6I 7I,2026-09-28
LEST,Les_Thioleyres,TPSCR.G5 TPSH,True,TPS NET-G5,True,5.6.1+2410301224,False,100.0,88.05,98.65,27.5,29.2,20.9,1C 1W 1X 2W 2X 5X,1C 1P 2C 2P,1X 5X 6X 7X 8X,2I 6I 7I,2026-09-28
CHSY,Satigny,TPSCR.G5 TPSH,True,TPS NET-G5,True,5.6.1+2410301224,False,100.0,87.91,99.1,32.9,32.3,20.5,1C 1W 1X 2W 2X 5X,1C 1P 2C 2P,1X 5X 6X 7X 8X,2I 6I 7I,2026-09-28
2ANG,2ANG_MSM7,TWIVP6050_CONE NONE,True,SEPT ASTERX SB,True,4.8.4,True,100.0,79.96,98.31,27.9,34.1,28.1,1C 2L 2W 5Q,1C 2C 2P,1C 5Q 7Q 8Q,2I 7I,2026-09-29
2ANN,2ANN_MSM7,TWIVC6050 SCIS,True,SEPT ASTERX SB,True,4.8.4,True,99.75,79.2,97.92,18.8,19.1,14.3,1C 2L 2W 5Q,1C 2C 2P,1C 5Q 7Q 8Q,2I 7I,2026-09-29
2AUC,2AUC_MSM7,TWIVC6050 SCIS,True,SEPT ASTERX SB,True,4.8.4,True,99.75,80.83,99.89,35.1,40.0,33.9,1C 2L 2W 5Q,1C 2C 2P,1C 5Q 7Q 8Q,2I 7I,2026-09-29
2BAL,2BAL_MSM7,TWIVC6050 SCIS,True,SEPT ASTERX SB,True,4.8.4,True,100.0,80.95,99.51,20.8,21.1,17.9,1C 2L 2W 5Q,1C 2C 2P,1C 5Q 7Q 8Q,2I 7I,2026-09-29
2BAS,2BAS_MSM7,TWIVC6050 SCIS,True,SEPT ASTERX SB,True,4.8.4,True,100.0,77.69,90.0,22.1,24.1,19.0,1C 2L 2W 5Q,1C 2C 2P,1C 5Q 7Q 8Q,2I 7I,2026-09-29
2BIL,2BIL_MSM7,TWIVP6050_CONE NONE,True,SEPT ASTERX SB,True,4.8.4,True,100.0,77.72,99.42,30.9,35.2,27.7,1C 2L 2W 5Q,1C 2C 2P,1C 5Q 7Q 8Q,2I 7I,2026-09-29
2CAS,2CAS_MSM7,TWIVC6050 SCIS,True,NOV OEM7700-1.02,True,OM7CR0800RN0000,True,100.0,79.55,99.01,37.9,32.5,26.4,1C 2S 2W 5Q,1C 2C 2P,1C 5Q 7Q 8Q,2I 6I 7I,2026-09-29
2CHR,2CHR_MSM7,TRM77971.00 NONE,True,SEPT ASTERX SB,True,4.8.4,True,99.75,79.89,99.39,29.6,33.4,28.3,1C 2L 2W 5Q,1C 2C 2P,1C 5Q 7Q 8Q,2I 7I,2026-09-29
2CIU,2CIU_MSM7,TWIVP6050_CONE NONE,True,SEPT ASTERX SB,True,4.8.4,True,100.0,81.24,99.13,34.1,41.2,33.6,1C 2L 2W 5Q,1C 2C 2P,1C 5Q 7Q 8Q,2I 7I,2026-09-29
2CLI,2CLI_MSM7,CHCA220GR NONE,False,SEPT ASTERX SB,True,4.8.4,True,99.25,79.96,99.26,30.7,38.3,30.8,1C 2L 2W 5Q,1C 2C 2P,1C 5Q 7Q 8Q,2I 7I,2026-09-29
2CUM,2CUM_MSM7,TWIVP6050_CONE NONE,True,SEPT ASTERX SB,True,4.8.4,True,99.79,80.57,97.3,30.6,34.8,27.6,1C 2L 2W 5Q,1C 2C 2P,1C 5Q 7Q 8Q,2I 7I,2026-09-29
2DUN,2DUN_MSM7,TWIVP6050_CONE NONE,True,SEPT ASTERX SB,True,4.8.4,True,99.79,81.66,99.85,32.7,37.3,31.2,1C 2L 2W 5Q,1C 2C 2P,1C 5Q 7Q 8Q,2I 7I,2026-09-29
2FIG,2FIG_MSM7,TWIVC6050 SCIS,True,SEPT ASTERX SB,True,4.8.4,True,100.0,78.94,96.97,20.7,22.0,18.2,1C 2L 2W 5Q,1C 2C 2P,1C 5Q 7Q 8Q,2I 7I,2026-09-29
2GAW,2GAW_MSM7,TWIVC6050 SCIS,True,SEPT ASTERX SB,True,4.8.4,True,100.0,80.12,97.83,24.4,27.5,22.5,1C 2L 2W 5Q,1C 2C 2P,1C 5Q 7Q 8Q,2I 7I,2026-09-29
2IMP,2IMP_MSM7,TWIVP6050_CONE NONE,True,SEPT ASTERX SB,True,4.8.4,True,100.0,77.36,92.86,32.3,34.0,26.5,1C 2L 2W 5Q,1C 2C 2P,1C 5Q 7Q 8Q,2I 7I,2026-09-29
2INV,2INV_MSM7,TWIVP6050_CONE NONE,True,SEPT ASTERX SB,True,4.8.4,True,99.54,82.13,99.76,34.8,38.0,31.4,1C 2L 2W 5Q,1C 2C 2P,1C 5Q 7Q 8Q,2I 7I,2026-09-29
2KIR,2KIR_MSM7,TWIVC6050 SCIS,True,SEPT ASTERX SB,True,4.8.4,True,99.75,82.76,98.53,22.6,23.6,18.7,1C 2L 2W 5Q,1C 2C 2P,1C 5Q 7Q 8Q,2I 7I,2026-09-29
2LIA,2LIA_MSM7,TWIVP6050_CONE NONE,True,SEPT ASTERX SB,True,4.8.4,True,100.0,79.82,97.83,33.8,40.1,31.0,1C 2L 2W 5Q,1C 2C 2P,1C 5Q 7Q 8Q,2I 7I,2026-09-29
2NER,2NER_MSM7,TWIVC6050 SCIS,True,SEPT ASTERX SB,True,4.8.4,True,100.0,80.02,99.17,21.5,22.4,18.6,1C 2L 2W 5Q,1C 2C 2P,1C 5Q 7Q 8Q,2I 7I,2026-09-29
2OBA,2OBA_MSM7,TWIVP6050_CONE NONE,True,SEPT ASTERX SB,True,4.8.4,True,100.0,81.37,99.61,30.4,36.6,32.2,1C 2L 2W 5Q,1C 2C 2P,1C 5Q 7Q 8Q,2I 7I,2026-09-29
2PIM,2PIM_MSM7,TRM77971.00 NONE,True,SEPT ASTERX SB,True,4.8.4,True,99.62,80.24,98.7,55.2,45.8,38.7,1C 2L 2W 5Q,1C 2C 2P,1C 5Q 7Q 8Q,2I 7I,2026-09-29
2SAL,2SAL_MSM7,TWIVP6050_CONE NONE,True,SEPT ASTERX SB,True,4.8.4,True,99.54,80.65,99.81,25.3,30.5,25.7,1C 2L 2W 5Q,1C 2C 2P,1C 5Q 7Q 8Q,2I 7I,2026-09-29
2TER,2TER_MSM7,TWIVP6050_CONE NONE,True,SEPT ASTERX SB,True,4.8.4,True,99.54,80.93,97.62,28.7,34.1,27.5,1C 2L 2W 5Q,1C 2C 2P,1C 5Q 7Q 8Q,2I 7I,2026-09-29
2UBE,2UBE_MSM7,TWIVP6050_CONE NONE,True,SEPT ASTERX SB,True,4.8.4,True,98.29,80.11,94.12,33.2,35.2,27.5,1C 2L 2W 5Q,1C 2C 2P,1C 5Q 7Q 8Q,2I 7I,2026-09-29
2VIE,2VIE_MSM7,TWIVC6050 SCIS,True,SEPT ASTERX SB,True,4.8.4,True,99.58,80.12,99.41,30.6,29.7,25.7,1C 2L 2W 5Q,1C 2C 2P,1C 5Q 7Q 8Q,2I 7I,2026-09-29
2WOR,2WOR_MSM7,CHCA220GR NONE,True,SEPT ASTERX SB,True,4.8.4,True,100.0,80.02,98.0,31.2,39.2,32.9,1C 2L 2W 5Q,1C 2C 2P,1C 5Q 7Q 8Q,2I 7I,2026-09-29
FRAV,Aveze,CHCC220GR2 CHCD,True,TRIMBLE BD990,True,"5.61,27/JUN/2023",True,100.0,73.73,92.31,15.4,21.9,27.0,1C 2W 5X,1C 1P 2C,1X 5X 6X 7X 8X,2I 6I,2026-09-29
FRBA,Barcelonette,CHCC220GR2 CHCD,True,TRIMBLE BD990,True,"5.61,27/JUN/2023",True,100.0,68.36,95.0,14.4,23.9,27.4,1C 2W 5X,1C 1P 2C 2P,1X 5X 6X 7X 8X,2I 6I,2026-09-29
FRCP,Case_De_Pene,CHCC220GR2 CHCD,True,TRIMBLE BD990,True,"5.61,27/JUN/2023",True,99.71,71.99,98.15,15.3,27.5,30.9,1C 2W 5X,1C 1P 2C 2P,1X 5X 7X 8X,2I,2026-09-29
FRCT,Castellane,CHCC220GR2 CHCD,True,TRIMBLE BD990,True,"5.61,27/JUN/2023",True,91.96,61.61,96.55,16.8,21.8,25.9,1C 2W 5X,1C 1P 2C,1X 5X 6X 7X 8X,2I 6I,2026-09-29
FRCA,Castres,CHCC220GR2 CHCD,True,TRIMBLE BD990,True,"5.61,27/JUN/2023",True,100.0,74.52,0.0,14.3,23.9,27.4,1C 2W 5X,1C 2C,1X 5X 6X 7X 8X,2I 6I,2026-09-29
FRCD,Chateau_D_Olonne,CHCC220GR2 CHCD,True,TRIMBLE BD970,True,"5.41,24/APR/2019",True,100.0,82.15,99.94,27.0,21.6,20.2,1C 2W 5X,1C 2C,1X 5X 7X 8X,2I,2026-09-29
FRCN,Crehange,CHCC220GR2 CHCD,True,TRIMBLE BD990,True,"5.61,27/JUN/2023",True,100.0,72.46,95.46,14.0,23.8,15.6,1C 2W 5X,1C 2C,1X 5X 6X 7X 8X,2I 6I,2026-09-29
FRDO,Dontcourt_Aux_Templiers,CHCC220GR2 CHCD,True,TRIMBLE BD990,True,"5.61,27/JUN/2023",True,100.0,72.83,95.0,13.5,22.3,25.7,1C 2W 5X,1C 2C,1X 5X 6X 7X 8X,2I 6I,2026-09-29
FRDZ,Donzere,CHCC220GR2 CHCD,True,TRIMBLE BD990,True,"5.61,27/JUN/2023",True,100.0,73.83,83.33,13.4,20.9,25.0,1C 2W 5X,1C 2C,1X 5X 6X 7X 8X,2I 6I,2026-09-29
FRDY,Doyet,CHCC220GR CHCD,True,TRIMBLE BD970,True,"5.41,24/APR/2019",True,99.54,75.19,99.84,30.8,30.7,27.9,1C 2W 5X,1C 2C,1X 5X 7X 8X,2I,2026-09-29
FRDR,Drucat,CHCC220GR CHCD,True,TRIMBLE BD970,True,"5.41,24/APR/2019",True,99.96,72.97,99.88,28.7,26.5,24.4,1C 2W 5X,1C 2C,1X 5X 7X 8X,2I,2026-09-29
FREB,Ebersheim,CHCC220GR CHCD,True,TRIMBLE BD970,True,"5.41,24/APR/2019",True,100.0,74.13,99.77,28.9,28.4,26.8,1C 2W 5X,1C 2C,1X 5X 7X 8X,2I,2026-09-29
FRGU,Guidel,CHCC220GR CHCD,True,TRIMBLE BD970,True,"5.41,24/APR/2019",True,100.0,66.62,99.63,27.6,26.3,0.0,1C 2W,1C 2C,1X 5X 7X 8X,2I,2026-09-29
FRBO,La_Bourdiniere,CHCC220GR2 CHCD,True,TRIMBLE BD970,True,"5.41,24/APR/2019",True,100.0,66.5,99.07,26.8,22.5,21.3,1C 2W 5X,1C 2C,1X 5X 7X 8X,2I,2026-09-29
FRPE,Le_Puy_En_Velay,CHCC220GR2 CHCD,True,TRIMBLE BD990,True,"5.61,27/JUN/2023",True,100.0,73.79,97.14,13.8,22.3,26.2,1C 2W 5X,1C 2C,1X 5X 6X 7X 8X,2I 6I,2026-09-29
FRMY,Maye,CHCC220GR CHCD,True,TRIMBLE BD970,True,"5.41,24/APR/2019",True,100.0,66.87,99.31,30.3,24.7,25.9,1C 2W 5X,1C 2C,1X 5X 7X 8X,2I,2026-09-29
FRMZ,Mazan,CHCC220GR2 CHCD,True,TRIMBLE BD990,True,"5.61,27/JUN/2023",True,100.0,73.69,66.67,14.8,23.5,29.9,1C 2W 5X,1C 2C,1X 5X 6X 7X 8X,2I 6I,2026-09-29
FRME,Melle,CHCC220GR2 CHCD,True,TRIMBLE BD990,True,"5.61,27/JUN/2023",True,100.0,74.41,75.0,14.5,21.6,23.4,1C 2W 5X,1C 2C 2P,1X 5X 6X 7X 8X,2I 6I,2026-09-29
FRMS,Mours_Saint_Eusebe,CHCC220GR2 CHCD,True,TRIMBLE BD970,True,"5.41,24/APR/2019",True,100.0,69.07,99.68,25.8,19.9,19.7,1C 2W 5X,1C 2C,1X 5X 7X 8X,2I,2026-09-29
FRNE,Neuville,CHCC220GR CHCD,True,TRIMBLE BD970,True,"5.41,24/APR/2019",True,100.0,79.76,99.93,30.7,27.9,25.7,1C 2W 5X,1C 2C,1X 5X 7X 8X,2I,2026-09-29
FRNU,Nuisement,CHCC220GR CHCD,True,TRIMBLE BD970,True,"5.41,24/APR/2019",True,100.0,76.39,99.44,36.4,39.8,40.1,1C 2W 5X,1C 2C,1X 5X 7X 8X,2I,2026-09-29
FRPA,Piau_Engal,CHCC220GR2 CHCD,True,TRIMBLE BD990,True,"5.61,27/JUN/2023",True,99.92,71.29,88.89,15.4,22.3,14.5,1C 1X 2W 5X,1C 2C,1X 5X 6X 7X 8X,2I 6I,2026-09-29
FRPL,Plouhinec,CHCC220GR2 CHCD,True,TRIMBLE BD990,True,"5.61,27/JUN/2023",True,99.75,74.11,88.89,15.0,23.7,27.2,1C 2W 5X,1C 1P 2C 2P,1X 5X 6X 7X 8X,2I 6I,2026-09-29
FRSG,Saint_Georges_Dorques,CHCC220GR2 CHCD,True,TRIMBLE BD990,True,"5.61,27/JUN/2023",True,99.71,72.96,96.0,15.0,26.8,32.1,1C 2W 5X,1C 1P 2C 2P,1X 5X 6X 7X 8X,2I 6I,2026-09-29
FRSL,Sabl,CHCC220GR CHCD,True,TRIMBLE BD990,True,"5.61,27/JUN/2023",True,100.0,78.13,94.12,15.7,24.3,24.1,1C 2W 5X,1C 2C 2P,1X 5X 6X 7X 8X,2I 6I,2026-09-29
FRSN,Saint_Nabord,CHCC220GR2 CHCD,True,TRIMBLE BD990,True,"5.61,27/JUN/2023",True,100.0,72.66,85.71,15.5,25.2,29.9,1C 2W 5X,1C 2C,1X 5X 6X 7X 8X,2I 6I,2026-09-29
FRSU,Sautron,CHCC220GR2 CHCD,True,TRIMBLE BD970,True,"5.41,24/APR/2019",True,100.0,65.9,99.69,27.0,26.6,28.5,1C 2W 5X,1C 2C,1X 5X 7X 8X,2I,2026-09-29
FRSV,Saviere,CHCC220GR2 CHCD,True,TRIMBLE BD990,True,"5.61,27/JUN/2023",True,100.0,71.39,98.61,13.5,23.5,28.4,1C 1X 2W 5X,1C 1P 2C 2P,1X 5X 6X 7X 8X,2I 6I,2026-09-29
FRUN,Ugine,CHCC220GR2 CHCD,True,TRIMBLE BD990,True,"5.61,27/JUN/2023",True,100.0,66.14,94.44,16.4,26.3,29.5,1C 2W 5X,1C 1P 2C 2P,1X 5X 6X 7X 8X,2I 6I,2026-09-29
FRVL,Villevaude,CHCC220GR2 CHCD,True,TRIMBLE BD990,True,"5.61,27/JUN/2023",True,99.5,73.25,85.71,15.5,29.7,19.9,1C 1X 2W 5X,1C 2C,1X 5X 6X 7X 8X,2I 6I,2026-09-29
FRSI,Saint_Pantaleon_De_Larche,CHCC220GR2 CHCD,True,TRIMBLE BD990,True,"5.61,27/JUN/2023",True,100.0,74.59,85.71,14.3,22.4,26.4,1C 2W 5X,1C 2C,1X 5X 6X 7X 8X,2I 6I,2026-09-29
FRCH,Cherbourg,CHCC220GR CHCD,True,TRIMBLE BD970,False,"5.41,24/APR/2019",False,99.96,74.1,94.45,13.2,19.3,14.0,1C 2W 2X 5X,1C 2C,1X 5X 7X 8X,2I 6I,2026-09-29
FREG,Egletons,CHCC220GR2 CHCD,True,TRIMBLE BD970,True,"5.41,24/APR/2019",True,99.96,78.74,99.93,31.3,30.4,30.0,1C 2W 5X,1C 2C,1X 5X 7X 8X,2I,2026-09-29
FRCV,Cavaillon,CHCC220GR2 CHCD,True,TRIMBLE BD990,True,"5.61,27/JUN/2023",True,100.0,73.72,0.0,14.3,26.2,29.2,1C 2W 2X 5X,1C 2C,1X 5X 6X 7X 8X,2I 6I,2026-09-29
FRVD,Vidauban,CHCC220GR2 CHCD,True,TRIMBLE BD990,True,"5.61,27/JUN/2023",True,100.0,69.65,99.31,21.5,37.4,24.6,1C 1X 2W 5X,1C 1P 2C 2P,1X 5X 6X 7X 8X,2I 6I,2026-09-29
NODS,Nods,TPSCR.G5 TPSH,True,TPS NET-G5,True,5.6.1+2410301224,False,100.0,81.66,99.18,27.8,27.7,20.9,1C 1W 1X 2W 2X 5X,1C 1P 2C 2P,1X 5X 6X 7X 8X,2I 6I 7I,2026-09-29
LEST,Les_Thioleyres,TPSCR.G5 TPSH,True,TPS NET-G5,True,5.6.1+2410301224,False,100.0,88.34,98.33,27.7,29.4,21.3,1C 1W 1X 2W 2X 5X,1C 1P 2C 2P,1X 5X 6X 7X 8X,2I 6I 7I,2026-09-29
CHSY,Satigny,TPSCR.G5 TPSH,True,TPS NET-G5,True,5.6.1+2410301224,False,100.0,87.57,98.68,33.4,33.0,21.5,1C 1W 1X 2W 2X 5X,1C 1P 2C 2P,1X 5X 6X 7X 8X,2I 6I 7I,2026-09-29
2ANG,2ANG_MSM7,TWIVP6050_CONE NONE,True,SEPT ASTERX SB,True,4.8.4,True,66.33,52.7,97.14,27.1,33.3,27.7,1C 2L 2W 5Q,1C 2C 2P,1C 5Q 7Q 8Q,2I 7I,2026-09-30
2ANN,2ANN_MSM7,TWIVC6050 SCIS,True,SEPT ASTERX SB,True,4.8.4,True,66.33,49.13,96.77,18.2,18.7,13.9,1C 2L 2W 5Q,1C 2C 2P,1C 5Q 7Q 8Q,2I 7I,2026-09-30
2AUC,2AUC_MSM7,TWIVC6050 SCIS,True,SEPT ASTERX SB,True,4.8.4,True,66.33,53.43,99.85,34.9,38.9,33.0,1C 2L 2W 5Q,1C 2C 2P,1C 5Q 7Q 8Q,2I 7I,2026-09-30
2BAL,2BAL_MSM7,TWIVC6050 SCIS,True,SEPT ASTERX SB,True,4.8.4,True,66.33,53.33,99.31,21.4,22.4,18.1,1C 2L 2W 5Q,1C 2C 2P,1C 5Q 7Q 8Q,2I 7I,2026-09-30
2BAS,2BAS_MSM7,TWIVC6050 SCIS,True,SEPT ASTERX SB,True,4.8.4,True,66.33,49.07,91.67,22.3,24.2,18.9,1C 2L 2W 5Q,1C 2C 2P,1C 5Q 7Q 8Q,2I 7I,2026-09-30
2BIL,2BIL_MSM7,TWIVP6050_CONE NONE,True,SEPT ASTERX SB,True,4.8.4,True,65.88,48.55,99.44,31.1,35.4,27.0,1C 2L 2W 5Q,1C 2C 2P,1C 5Q 7Q 8Q,2I 7I,2026-09-30
2CAS,2CAS_MSM7,TWIVC6050 SCIS,True,NOV OEM7700-1.02,True,OM7CR0800RN0000,True,66.33,52.35,98.61,37.2,32.1,25.5,1C 2S 2W 5Q,1C 2C 2P,1C 5Q 7Q 8Q,2I 6I 7I,2026-09-30
2CHR,2CHR_MSM7,TRM77971.00 NONE,True,SEPT ASTERX SB,True,4.8.4,True,66.33,52.88,98.82,29.1,32.6,26.7,1C 2L 2W 5Q,1C 2C 2P,1C 5Q 7Q 8Q,2I 7I,2026-09-30
2CIU,2CIU_MSM7,TWIVP6050_CONE NONE,True,SEPT ASTERX SB,True,4.8.4,True,66.12,51.01,99.11,34.8,41.1,33.6,1C 2L 2W 5Q,1C 2C 2P,1C 5Q 7Q 8Q,2I 7I,2026-09-30
2CLI,2CLI_MSM7,CHCA220GR NONE,False,SEPT ASTERX SB,True,4.8.4,True,66.33,52.97,98.61,29.4,38.0,30.4,1C 2L 2W 5Q,1C 2C 2P,1C 5Q 7Q 8Q,2I 7I,2026-09-30
2CUM,2CUM_MSM7,TWIVP6050_CONE NONE,True,SEPT ASTERX SB,True,4.8.4,True,66.33,51.7,98.0,31.3,34.9,27.4,1C 2L 2W 5Q,1C 2C 2P,1C 5Q 7Q 8Q,2I 7I,2026-09-30
2DUN,2DUN_MSM7,TWIVP6050_CONE NONE,True,SEPT ASTERX SB,True,4.8.4,True,66.33,54.19,99.79,32.3,36.5,29.8,1C 2L 2W 5Q,1C 2C 2P,1C 5Q 7Q 8Q,2I 7I,2026-09-30
2FIG,2FIG_MSM7,TWIVC6050 SCIS,True,SEPT ASTERX SB,True,4.8.4,True,66.33,49.86,97.87,20.8,22.4,18.6,1C 2L 2W 5Q,1C 2C 2P,1C 5Q 7Q 8Q,2I 7I,2026-09-30
2GAW,2GAW_MSM7,TWIVC6050 SCIS,True,SEPT ASTERX SB,True,4.8.4,True,66.33,52.63,97.73,24.6,27.4,22.5,1C 2L 2W 5Q,1C 2C 2P,1C 5Q 7Q 8Q,2I 7I,2026-09-30
2IMP,2IMP_MSM7,TWIVP6050_CONE NONE,True,SEPT ASTERX SB,True,4.8.4,True,66.33,49.2,93.33,31.7,34.4,25.8,1C 2L 2W 5Q,1C 2C 2P,1C 5Q 7Q 8Q,2I 7I,2026-09-30
2INV,2INV_MSM7,TWIVP6050_CONE NONE,True,SEPT ASTERX SB,True,4.8.4,True,66.33,54.62,99.59,34.4,37.9,30.5,1C 2L 2W 5Q,1C 2C 2P,1C 5Q 7Q 8Q,2I 7I,2026-09-30
2KIR,2KIR_MSM7,TWIVC6050 SCIS,True,SEPT ASTERX SB,True,4.8.4,True,66.33,54.99,92.86,22.1,23.7,18.2,1C 2L 2W 5Q,1C 2C 2P,1C 5Q 7Q 8Q,2I 7I,2026-09-30
2LIA,2LIA_MSM7,TWIVP6050_CONE NONE,True,SEPT ASTERX SB,True,4.8.4,True,66.12,52.48,97.3,35.0,40.9,30.7,1C 2L 2W 5Q,1C 2C 2P,1C 5Q 7Q 8Q,2I 7I,2026-09-30
2NER,2NER_MSM7,TWIVC6050 SCIS,True,SEPT ASTERX SB,True,4.8.4,True,66.33,52.66,98.51,21.2,21.8,18.4,1C 2L 2W 5Q,1C 2C 2P,1C 5Q 7Q 8Q,2I 7I,2026-09-30
2OBA,2OBA_MSM7,TWIVP6050_CONE NONE,True,SEPT ASTERX SB,True,4.8.4,True,66.08,53.53,99.51,30.1,36.5,31.4,1C 2L 2W 5Q,1C 2C 2P,1C 5Q 7Q 8Q,2I 7I,2026-09-30
2PIM,2PIM_MSM7,TRM77971.00 NONE,True,SEPT ASTERX SB,True,4.8.4,True,66.33,53.01,97.62,56.1,46.4,40.0,1C 2L 2W 5Q,1C 2C 2P,1C 5Q 7Q 8Q,2I 7I,2026-09-30
2SAL,2SAL_MSM7,TWIVP6050_CONE NONE,True,SEPT ASTERX SB,True,4.8.4,True,66.08,50.68,99.71,25.7,30.6,25.7,1C 2L 2W 5Q,1C 2C 2P,1C 5Q 7Q 8Q,2I 7I,2026-09-30
2TER,2TER_MSM7,TWIVP6050_CONE NONE,True,SEPT ASTERX SB,True,4.8.4,True,66.33,50.28,97.3,28.4,34.1,27.3,1C 2L 2W 5Q,1C 2C 2P,1C 5Q 7Q 8Q,2I 7I,2026-09-30
2UBE,2UBE_MSM7,TWIVP6050_CONE NONE,True,SEPT ASTERX SB,True,4.8.4,True,64.29,48.98,96.55,33.9,35.1,26.4,1C 2L 2W 5Q,1C 2C 2P,1C 5Q 7Q 8Q,2I 7I,2026-09-30
2VIE,2VIE_MSM7,TWIVC6050 SCIS,True,SEPT ASTERX SB,True,4.8.4,True,66.08,49.6,99.09,29.0,28.7,24.1,1C 2L 2W 5Q,1C 2C 2P,1C 5Q 7Q 8Q,2I 7I,2026-09-30
2WOR,2WOR_MSM7,CHCA220GR NONE,True,SEPT ASTERX SB,True,4.8.4,True,66.33,52.69,98.04,32.4,40.6,32.6,1C 2L 2W 5Q,1C 2C 2P,1C 5Q 7Q 8Q,2I 7I,2026-09-30
FRAV,Aveze,CHCC220GR2 CHCD,True,TRIMBLE BD990,True,"5.61,27/JUN/2023",True,66.33,46.16,87.5,15.6,21.8,27.2,1C 2W 5X,1C 1P 2C 2P,1X 5X 6X 7X 8X,2I 6I,2026-09-30
FRBA,Barcelonette,CHCC220GR2 CHCD,True,TRIMBLE BD990,True,"5.61,27/JUN/2023",True,66.33,42.85,92.31,14.3,24.0,26.7,1C 2W 5X,1C 1P 2C,1X 5X 6X 7X 8X,2I 6I,2026-09-30
FRCP,Case_De_Pene,CHCC220GR2 CHCD,True,TRIMBLE BD990,True,"5.61,27/JUN/2023",True,66.33,45.21,97.06,15.1,27.0,30.1,1C 2W 5X,1C 1P 2C 2P,1X 5X 7X 8X,2I,2026-09-30
FRCT,Castellane,CHCC220GR2 CHCD,True,TRIMBLE BD990,True,"5.61,27/JUN/2023",True,63.46,39.89,96.15,16.7,21.5,24.6,1C 2W 5X,1C 1P 2C,1X 5X 6X 7X 8X,2I 6I,2026-09-30
FRCA,Castres,CHCC220GR2 CHCD,True,TRIMBLE BD990,True,"5.61,27/JUN/2023",True,66.33,46.75,85.71,14.4,23.9,27.7,1C 2W 5X,1C 2C,1X 5X 6X 7X 8X,2I 6I,2026-09-30
FRCD,Chateau_D_Olonne,CHCC220GR2 CHCD,True,TRIMBLE BD970,True,"5.41,24/APR/2019",True,66.33,52.73,99.91,27.1,22.0,19.5,1C 2W 5X,1C 2C,1X 5X 7X 8X,2I,2026-09-30
FRCN,Crehange,CHCC220GR2 CHCD,True,TRIMBLE BD990,True,"5.61,27/JUN/2023",True,66.33,47.3,90.0,13.9,23.1,14.5,1C 2W 5X,1C 2C,1X 5X 6X 7X 8X,2I 6I,2026-09-30
FRDO,Dontcourt_Aux_Templiers,CHCC220GR2 CHCD,True,TRIMBLE BD990,True,"5.61,27/JUN/2023",True,66.33,47.49,87.5,13.3,22.2,24.7,1C 2W 5X,1C 2C,1X 5X 6X 7X 8X,2I 6I,2026-09-30
FRDZ,Donzere,CHCC220GR2 CHCD,True,TRIMBLE BD990,True,"5.61,27/JUN/2023",True,66.33,46.24,50.0,13.5,21.1,24.9,1C 2W 5X,1C 2C,1X 5X 6X 7X 8X,2I 6I,2026-09-30
FRDY,Doyet,CHCC220GR CHCD,True,TRIMBLE BD970,True,"5.41,24/APR/2019",True,66.33,47.55,99.73,30.3,29.7,26.7,1C 2W 5X,1C 2C,1X 5X 7X 8X,2I,2026-09-30
FRDR,Drucat,CHCC220GR CHCD,True,TRIMBLE BD970,True,"5.41,24/APR/2019",True,66.33,48.02,99.86,28.0,26.9,24.4,1C 2W 5X,1C 2C,1X 5X 7X 8X,2I,2026-09-30
FREB,Ebersheim,CHCC220GR CHCD,True,TRIMBLE BD970,True,"5.41,24/APR/2019",True,66.33,48.26,99.63,28.7,28.8,26.4,1C 2W 5X,1C 2C,1X 5X 7X 8X,2I,2026-09-30
FRGU,Guidel,CHCC220GR CHCD,True,TRIMBLE BD970,True,"5.41,24/APR/2019",True,66.29,42.34,99.46,27.4,27.0,0.0,1C 2W,1C 2C,1X 5X 7X 8X,2I,2026-09-30
FRBO,La_Bourdiniere,CHCC220GR2 CHCD,True,TRIMBLE BD970,True,"5.41,24/APR/2019",True,66.33,42.49,98.49,26.5,22.5,21.3,1C 2W 5X,1C 2C,1X 5X 7X 8X,2I,2026-09-30
FRPE,Le_Puy_En_Velay,CHCC220GR2 CHCD,True,TRIMBLE BD990,True,"5.61,27/JUN/2023",True,66.33,46.39,92.31,13.8,22.4,25.6,1C 2W 5X,1C 2C,1X 5X 6X 7X 8X,2I 6I,2026-09-30
FRMY,Maye,CHCC220GR CHCD,True,TRIMBLE BD970,True,"5.41,24/APR/2019",True,66.33,42.52,98.81,30.5,24.7,26.2,1C 2W 5X,1C 2C,1X 5X 7X 8X,2I,2026-09-30
FRMZ,Mazan,CHCC220GR2 CHCD,True,TRIMBLE BD990,True,"5.61,27/JUN/2023",True,66.33,46.21,0.0,14.5,23.7,29.5,1C 2W 5X,1C 2C,1X 5X 6X 7X 8X,2I 6I,2026-09-30
FRME,Melle,CHCC220GR2 CHCD,True,TRIMBLE BD990,True,"5.61,27/JUN/2023",True,66.33,47.3,91.67,14.3,21.4,23.3,1C 2W 5X,1C 1P 2C 2P,1X 5X 6X 7X 8X,2I 6I,2026-09-30
FRMS,Mours_Saint_Eusebe,CHCC220GR2 CHCD,True,TRIMBLE BD970,True,"5.41,24/APR/2019",True,66.33,43.51,99.63,26.4,20.1,19.3,1C 2W 5X,1C 2C,1X 5X 7X 8X,2I,2026-09-30
FRNE,Neuville,CHCC220GR CHCD,True,TRIMBLE BD970,True,"5.41,24/APR/2019",True,66.08,50.84,99.87,30.5,27.3,24.5,1C 2W 5X,1C 2C,1X 5X 7X 8X,2I,2026-09-30
FRNU,Nuisement,CHCC220GR CHCD,True,TRIMBLE BD970,True,"5.41,24/APR/2019",True,66.33,49.94,99.41,39.1,42.2,41.7,1C 2W 5X,1C 2C,1X 5X 7X 8X,2I,2026-09-30
FRPA,Piau_Engal,CHCC220GR2 CHCD,True,TRIMBLE BD990,True,"5.61,27/JUN/2023",True,66.33,43.75,83.33,15.3,21.7,14.0,1C 1X 2W 5X,1C 2C,1X 5X 6X 7X 8X,2I 6I,2026-09-30
FRPL,Plouhinec,CHCC220GR2 CHCD,True,TRIMBLE BD990,True,"5.61,27/JUN/2023",True,41.79,28.82,0.0,15.1,24.0,26.7,1C 2W 5X,1C 2C,1X 5X 6X 7X 8X,2I 6I,2026-09-30
FRSG,Saint_Georges_Dorques,CHCC220GR2 CHCD,True,TRIMBLE BD990,True,"5.61,27/JUN/2023",True,66.04,45.42,96.3,15.2,25.6,31.2,1C 2W 5X,1C 1P 2C 2P,1X 5X 6X 7X 8X,2I 6I,2026-09-30
FRSL,Sabl,CHCC220GR CHCD,True,TRIMBLE BD990,True,"5.61,27/JUN/2023",True,66.33,49.81,83.33,15.6,24.4,24.1,1C 2W 5X,1C 1P 2C 2P,1X 5X 6X 7X 8X,2I 6I,2026-09-30
FRSN,Saint_Nabord,CHCC220GR2 CHCD,True,TRIMBLE BD990,True,"5.61,27/JUN/2023",True,66.33,47.41,75.0,15.5,25.3,29.3,1C 2W 5X,1C 2C 2P,1X 5X 6X 7X 8X,2I 6I,2026-09-30
FRSU,Sautron,CHCC220GR2 CHCD,True,TRIMBLE BD970,True,"5.41,24/APR/2019",True,66.33,42.02,99.53,26.2,26.3,28.0,1C 2W 5X,1C 2C,1X 5X 7X 8X,2I,2026-09-30
FRSV,Saviere,CHCC220GR2 CHCD,True,TRIMBLE BD990,True,"5.61,27/JUN/2023",True,66.33,46.52,98.28,13.8,23.5,27.7,1C 1X 2W 5X,1C 1P 2C 2P,1X 5X 6X 7X 8X,2I 6I,2026-09-30
FRUN,Ugine,CHCC220GR2 CHCD,True,TRIMBLE BD990,True,"5.61,27/JUN/2023",True,66.33,41.6,94.74,15.6,26.7,29.0,1C 2W 5X,1C 1P 2C,1X 5X 6X 7X 8X,2I 6I,2026-09-30
FRVL,Villevaude,CHCC220GR2 CHCD,True,TRIMBLE BD990,True,"5.61,27/JUN/2023",True,66.33,47.78,0.0,15.7,28.7,18.8,1C 1X 2W 5X,1C 2C,1X 5X 6X 7X 8X,2I 6I,2026-09-30
FRSI,Saint_Pantaleon_De_Larche,CHCC220GR2 CHCD,True,TRIMBLE BD990,True,"5.61,27/JUN/2023",True,66.33,46.8,75.0,14.5,23.3,26.7,1C 2W 5X,1C 2C,1X 5X 6X 7X 8X,2I 6I,2026-09-30
FRCH,Cherbourg,CHCC220GR CHCD,True,TRIMBLE BD970,False,"5.41,24/APR/2019",False,66.29,47.8,80.0,13.3,19.2,13.7,1C 2W 2X 5X,1C 2C,1X 5X 7X 8X,2I 6I,2026-09-30
FREG,Egletons,CHCC220GR2 CHCD,True,TRIMBLE BD970,True,"5.41,24/APR/2019",True,66.33,49.86,99.89,30.9,30.8,29.8,1C 2W 5X,1C 2C,1X 5X 7X 8X,2I,2026-09-30
FRCV,Cavaillon,CHCC220GR2 CHCD,True,TRIMBLE BD990,True,"5.61,27/JUN/2023",True,66.33,46.2,0.0,14.1,26.8,29.0,1C 2W 2X 5X,1C 2C,1X 5X 6X 7X 8X,2I 6I,2026-09-30
FRVD,Vidauban,CHCC220GR2 CHCD,True,TRIMBLE BD990,True,"5.61,27/JUN/2023",True,66.33,43.38,99.16,21.3,37.3,23.2,1C 1X 2W 5X,1C 1P 2C 2P,1X 5X 6X 7X 8X,2I 6I,2026-09-30
NODS,Nods,TPSCR.G5 TPSH,True,TPS NET-G5,True,5.6.1+2410301224,False,99.96,81.65,99.28,28.1,27.6,20.8,1C 1W 1X 2W 2X 5X,1C 1P 2C 2P,1X 5X 6X 7X 8X,2I 6I 7I,2026-09-30
LEST,Les_Thioleyres,TPSCR.G5 TPSH,True,TPS NET-G5,True,5.6.1+2410301224,False,100.0,88.28,98.57,27.7,29.4,22.3,1C 1W 1X 2W 2X 5X,1C 1P 2C 2P,1X 5X 6X 7X 8X,2I 6I 7I,2026-09-30
CHSY,Satigny,TPSCR.G5 TPSH,True,TPS NET-G5,True,5.6.1+2410301224,False,100.0,87.69,99.1,34.4,34.8,23.5,1C 1W 1X 2W 2X 5X,1C 1P 2C 2P,1X 5X 6X 7X 8X,2I 6I 7I,2026-09-30
2ANG,2ANG_MSM7,TWIVP6050_CONE NONE,True,SEPT ASTERX SB,True,4.8.4,True,80.58,63.34,98.44,27.7,33.8,28.2,1C 2L 2W 5Q,1C 2C 2P,1C 5Q 7Q 8Q,2I 7I,2026-10-01
2ANN,2ANN_MSM7,TWIVC6050 SCIS,True,SEPT ASTERX SB,True,4.8.4,True,80.79,63.09,97.96,18.5,18.8,14.2,1C 2L 2W 5Q,1C 2C 2P,1C 5Q 7Q 8Q,2I 7I,2026-10-01
2AUC,2AUC_MSM7,TWIVC6050 SCIS,True,SEPT ASTERX SB,True,4.8.4,True,80.33,64.26,99.88,35.0,39.2,34.9,1C 2L 2W 5Q,1C 2C 2P,1C 5Q 7Q 8Q,2I 7I,2026-10-01
2BAL,2BAL_MSM7,TWIVC6050 SCIS,True,SEPT ASTERX SB,True,4.8.4,True,80.79,64.57,99.38,20.4,21.0,17.6,1C 2L 2W 5Q,1C 2C 2P,1C 5Q 7Q 8Q,2I 7I,2026-10-01
2BAS,2BAS_MSM7,TWIVC6050 SCIS,True,SEPT ASTERX SB,True,4.8.4,True,80.54,61.47,85.71,21.9,24.1,19.5,1C 2L 2W 5Q,1C 2C 2P,1C 5Q 7Q 8Q,2I 7I,2026-10-01
2BIL,2BIL_MSM7,TWIVP6050_CONE NONE,True,SEPT ASTERX SB,True,4.8.4,True,80.54,61.13,99.1,33.5,37.6,28.6,1C 2L 2W 5Q,1C 2C 2P,1C 5Q 7Q 8Q,2I 7I,2026-10-01
2CAS,2CAS_MSM7,TWIVC6050 SCIS,True,NOV OEM7700-1.02,True,OM7CR0800RN0000,True,80.79,63.74,98.61,38.7,33.2,26.6,1C 2S 2W 5Q,1C 2C 2P,1C 5Q 7Q 8Q,2I 6I 7I,2026-10-01
2CHR,2CHR_MSM7,TRM77971.00 NONE,True,SEPT ASTERX SB,True,4.8.4,True,80.58,63.58,99.34,30.1,34.4,27.5,1C 2L 2W 5Q,1C 2C 2P,1C 5Q 7Q 8Q,2I 7I,2026-10-01
2CIU,2CIU_MSM7,TWIVP6050_CONE NONE,True,SEPT ASTERX SB,True,4.8.4,True,80.54,62.94,98.98,34.5,40.6,33.9,1C 2L 2W 5Q,1C 2C 2P,1C 5Q 7Q 8Q,2I 7I,2026-10-01
2CLI,2CLI_MSM7,CHCA220GR NONE,False,SEPT ASTERX SB,True,4.8.4,True,80.79,64.15,98.15,31.0,38.8,31.4,1C 2L 2W 5Q,1C 2C 2P,1C 5Q 7Q 8Q,2I 7I,2026-10-01
2CUM,2CUM_MSM7,TWIVP6050_CONE NONE,True,SEPT ASTERX SB,True,4.8.4,True,80.12,62.14,98.08,31.1,35.3,27.0,1C 2L 2W 5Q,1C 2C 2P,1C 5Q 7Q 8Q,2I 7I,2026-10-01
2DUN,2DUN_MSM7,TWIVP6050_CONE NONE,True,SEPT ASTERX SB,True,4.8.4,True,80.79,65.4,99.82,33.5,37.6,31.6,1C 2L 2W 5Q,1C 2C 2P,1C 5Q 7Q 8Q,2I 7I,2026-10-01
2FIG,2FIG_MSM7,TWIVC6050 SCIS,True,SEPT ASTERX SB,True,4.8.4,True,80.79,62.59,98.68,20.6,22.2,18.4,1C 2L 2W 5Q,1C 2C 2P,1C 5Q 7Q 8Q,2I 7I,2026-10-01
2GAW,2GAW_MSM7,TWIVC6050 SCIS,True,SEPT ASTERX SB,True,4.8.4,True,80.79,63.91,95.45,24.9,28.0,22.6,1C 2L 2W 5Q,1C 2C 2P,1C 5Q 7Q 8Q,2I 7I,2026-10-01
2IMP,2IMP_MSM7,TWIVP6050_CONE NONE,True,SEPT ASTERX SB,True,4.8.4,True,80.58,61.91,97.14,32.5,34.1,26.7,1C 2L 2W 5Q,1C 2C 2P,1C 5Q 7Q 8Q,2I 7I,2026-10-01
2INV,2INV_MSM7,TWIVP6050_CONE NONE,True,SEPT ASTERX SB,True,4.8.4,True,80.33,65.61,99.7,35.1,38.0,31.3,1C 2L 2W 5Q,1C 2C 2P,1C 5Q 7Q 8Q,2I 7I,2026-10-01
2KIR,2KIR_MSM7,TWIVC6050 SCIS,True,SEPT ASTERX SB,True,4.8.4,True,80.54,66.12,98.15,23.6,24.2,18.9,1C 2L 2W 5Q,1C 2C 2P,1C 5Q 7Q 8Q,2I 7I,2026-10-01
2LIA,2LIA_MSM7,TWIVP6050_CONE NONE,True,SEPT ASTERX SB,True,4.8.4,True,80.79,63.39,97.44,34.5,40.0,29.7,1C 2L 2W 5Q,1C 2C 2P,1C 5Q 7Q 8Q,2I 7I,2026-10-01
2NER,2NER_MSM7,TWIVC6050 SCIS,True,SEPT ASTERX SB,True,4.8.4,True,80.79,63.62,98.94,21.8,22.4,19.3,1C 2L 2W 5Q,1C 2C 2P,1C 5Q 7Q 8Q,2I 7I,2026-10-01
2OBA,2OBA_MSM7,TWIVP6050_CONE NONE,True,SEPT ASTERX SB,True,4.8.4,True,80.58,64.83,99.58,30.9,37.0,33.2,1C 2L 2W 5Q,1C 2C 2P,1C 5Q 7Q 8Q,2I 7I,2026-10-01
2PIM,2PIM_MSM7,TRM77971.00 NONE,True,SEPT ASTERX SB,True,4.8.4,True,80.79,64.1,98.61,56.9,46.3,39.6,1C 2L 2W 5Q,1C 2C 2P,1C 5Q 7Q 8Q,2I 7I,2026-10-01
2SAL,2SAL_MSM7,TWIVP6050_CONE NONE,True,SEPT ASTERX SB,True,4.8.4,True,80.79,62.94,99.74,25.9,31.2,26.1,1C 2L 2W 5Q,1C 2C 2P,1C 5Q 7Q 8Q,2I 7I,2026-10-01
2TER,2TER_MSM7,TWIVP6050_CONE NONE,True,SEPT ASTERX SB,True,4.8.4,True,80.54,62.93,92.86,28.1,33.9,27.5,1C 2L 2W 5Q,1C 2C 2P,1C 5Q 7Q 8Q,2I 7I,2026-10-01
2UBE,2UBE_MSM7,TWIVP6050_CONE NONE,True,SEPT ASTERX SB,True,4.8.4,True,78.79,61.24,96.97,33.6,35.2,27.6,1C 2L 2W 5Q,1C 2C 2P,1C 5Q 7Q 8Q,2I 7I,2026-10-01
2VIE,2VIE_MSM7,TWIVC6050 SCIS,True,SEPT ASTERX SB,True,4.8.4,True,80.75,64.3,99.3,30.5,29.9,25.3,1C 2L 2W 5Q,1C 2C 2P,1C 5Q 7Q 8Q,2I 7I,2026-10-01
2WOR,2WOR_MSM7,CHCA220GR NONE,True,SEPT ASTERX SB,True,4.8.4,True,80.79,63.59,98.46,34.1,42.6,34.5,1C 2L 2W 5Q,1C 2C 2P,1C 5Q 7Q 8Q,2I 7I,2026-10-01
FRAV,Aveze,CHCC220GR2 CHCD,True,TRIMBLE BD990,True,"5.61,27/JUN/2023",True,80.79,58.3,75.0,15.7,21.7,27.6,1C 2W 5X,1C 2C,1X 5X 6X 7X 8X,2I 6I,2026-10-01
FRBA,Barcelonette,CHCC220GR2 CHCD,True,TRIMBLE BD990,True,"5.61,27/JUN/2023",True,80.79,54.49,95.0,14.4,24.4,26.7,1C 2W 5X,1C 1P 2C 2P,1X 5X 6X 7X 8X,2I 6I,2026-10-01
FRCP,Case_De_Pene,CHCC220GR2 CHCD,True,TRIMBLE BD990,True,"5.61,27/JUN/2023",True,80.54,56.97,97.56,15.3,27.7,31.5,1C 2W 5X,1C 1P 2C 2P,1X 5X 7X 8X,2I,2026-10-01
FRCT,Castellane,CHCC220GR2 CHCD,True,TRIMBLE BD990,True,"5.61,27/JUN/2023",True,80.79,52.54,96.0,16.9,22.3,26.2,1C 2W 5X,1C 1P 2C,1X 5X 6X 7X 8X,2I 6I,2026-10-01
FRCA,Castres,CHCC220GR2 CHCD,True,TRIMBLE BD990,True,"5.61,27/JUN/2023",True,80.79,58.91,80.0,15.1,24.2,27.1,1C 2W 5X,1C 2C,1X 5X 6X 7X 8X,2I 6I,2026-10-01
FRCD,Chateau_D_Olonne,CHCC220GR2 CHCD,True,TRIMBLE BD970,True,"5.41,24/APR/2019",True,80.33,65.64,99.93,27.2,20.9,19.4,1C 2W 5X,1C 2C,1X 5X 7X 8X,2I,2026-10-01
FRCN,Crehange,CHCC220GR2 CHCD,True,TRIMBLE BD990,True,"5.61,27/JUN/2023",True,80.79,57.88,91.67,13.7,23.0,14.9,1C 2W 5X,1C 2C,1X 5X 6X 7X 8X,2I 6I,2026-10-01
FRDO,Dontcourt_Aux_Templiers,CHCC220GR2 CHCD,True,TRIMBLE BD990,True,"5.61,27/JUN/2023",True,80.79,58.14,85.71,13.4,21.5,25.5,1C 2W 5X,1C 2C,1X 5X 6X 7X 8X,2I 6I,2026-10-01
FRDZ,Donzere,CHCC220GR2 CHCD,True,TRIMBLE BD990,True,"5.61,27/JUN/2023",True,80.79,58.47,0.0,13.4,20.7,25.2,1C 2W 5X,1C 1P 2C 2P,1X 5X 6X 7X 8X,2I 6I,2026-10-01
FRDY,Doyet,CHCC220GR CHCD,True,TRIMBLE BD970,True,"5.41,24/APR/2019",True,80.79,60.8,99.82,30.8,30.8,27.8,1C 2W 5X,1C 2C,1X 5X 7X 8X,2I,2026-10-01
FRDR,Drucat,CHCC220GR CHCD,True,TRIMBLE BD970,True,"5.41,24/APR/2019",True,80.79,59.19,99.87,28.8,26.2,24.3,1C 2W 5X,1C 2C,1X 5X 7X 8X,2I,2026-10-01
FREB,Ebersheim,CHCC220GR CHCD,True,TRIMBLE BD970,True,"5.41,24/APR/2019",True,80.79,59.7,99.76,28.5,28.1,26.7,1C 2W 5X,1C 2C,1X 5X 7X 8X,2I,2026-10-01
FRGU,Guidel,CHCC220GR CHCD,True,TRIMBLE BD970,True,"5.41,24/APR/2019",True,80.79,53.49,99.64,27.7,26.8,0.0,1C 2W,1C 2C,1X 5X 7X 8X,2I,2026-10-01
FRBO,La_Bourdiniere,CHCC220GR2 CHCD,True,TRIMBLE BD970,True,"5.41,24/APR/2019",True,80.79,53.27,98.82,26.5,23.6,22.1,1C 2W 5X,1C 2C,1X 5X 7X 8X,2I,2026-10-01
FRPE,Le_Puy_En_Velay,CHCC220GR2 CHCD,True,TRIMBLE BD990,True,"5.61,27/JUN/2023",True,80.54,58.35,96.0,13.8,21.7,26.8,1C 2W 5X,1C 2C,1X 5X 6X 7X 8X,2I 6I,2026-10-01
FRMY,Maye,CHCC220GR CHCD,True,TRIMBLE BD970,True,"5.41,24/APR/2019",True,80.79,53.75,99.16,30.4,24.7,27.0,1C 2W 5X,1C 2C,1X 5X 7X 8X,2I,2026-10-01
FRMZ,Mazan,CHCC220GR2 CHCD,True,TRIMBLE BD990,True,"5.61,27/JUN/2023",True,80.79,58.33,83.33,14.9,23.4,30.5,1C 2W 5X,1C 2C,1X 5X 6X 7X 8X,2I 6I,2026-10-01
FRME,Melle,CHCC220GR2 CHCD,True,TRIMBLE BD990,True,"5.61,27/JUN/2023",True,80.79,58.94,80.0,14.3,21.6,23.3,1C 2W 5X,1C 2C,1X 5X 6X 7X 8X,2I 6I,2026-10-01
FRMS,Mours_Saint_Eusebe,CHCC220GR2 CHCD,True,TRIMBLE BD970,True,"5.41,24/APR/2019",True,80.79,55.7,99.61,26.1,19.9,20.5,1C 2W 5X,1C 2C,1X 5X 7X 8X,2I,2026-10-01
FRNE,Neuville,CHCC220GR CHCD,True,TRIMBLE BD970,True,"5.41,24/APR/2019",True,80.79,64.62,99.92,30.8,27.9,26.4,1C 2W 5X,1C 2C,1X 5X 7X 8X,2I,2026-10-01
FRNU,Nuisement,CHCC220GR CHCD,True,TRIMBLE BD970,True,"5.41,24/APR/2019",True,80.79,61.51,99.43,39.7,39.8,40.2,1C 2W 5X,1C 2C,1X 5X 7X 8X,2I,2026-10-01
FRPA,Piau_Engal,CHCC220GR2 CHCD,True,TRIMBLE BD990,True,"5.61,27/JUN/2023",True,80.75,56.1,87.5,15.2,22.2,14.0,1C 1X 2W 5X,1C 2C,1X 5X 6X 7X 8X,2I 6I,2026-10-01
FRSG,Saint_Georges_Dorques,CHCC220GR2 CHCD,True,TRIMBLE BD990,True,"5.61,27/JUN/2023",True,80.54,57.62,94.12,14.7,26.7,32.3,1C 2W 5X,1C 1P 2C 2P,1X 5X 6X 7X 8X,2I 6I,2026-10-01
FRSL,Sabl,CHCC220GR CHCD,True,TRIMBLE BD990,True,"5.61,27/JUN/2023",True,80.79,62.15,92.86,15.6,24.7,24.4,1C 2W 5X,1C 2C,1X 5X 6X 7X 8X,2I 6I,2026-10-01
FRSN,Saint_Nabord,CHCC220GR2 CHCD,True,TRIMBLE BD990,True,"5.61,27/JUN/2023",True,80.79,57.92,66.67,15.4,25.4,30.0,1C 2W 5X,1C 2C,1X 5X 6X 7X 8X,2I 6I,2026-10-01
FRSU,Sautron,CHCC220GR2 CHCD,True,TRIMBLE BD970,True,"5.41,24/APR/2019",True,80.79,52.95,99.64,26.6,26.3,28.7,1C 2W 5X,1C 2C,1X 5X 7X 8X,2I,2026-10-01
FRSV,Saviere,CHCC220GR2 CHCD,True,TRIMBLE BD990,True,"5.61,27/JUN/2023",True,80.79,56.54,98.22,13.5,23.6,28.4,1C 1X 2W 5X,1C 1P 2C 2P,1X 5X 6X 7X 8X,2I 6I,2026-10-01
FRUN,Ugine,CHCC220GR2 CHCD,True,TRIMBLE BD990,True,"5.61,27/JUN/2023",True,80.79,52.51,95.0,15.7,25.4,28.1,1C 2W 5X,1C 1P 2C 2P,1X 5X 6X 7X 8X,2I 6I,2026-10-01
FRVL,Villevaude,CHCC220GR2 CHCD,True,TRIMBLE BD990,True,"5.61,27/JUN/2023",True,80.54,58.11,0.0,15.5,29.1,20.0,1C 1X 2W 5X,1C 1P 2C,1X 5X 6X 7X 8X,2I 6I,2026-10-01
FRSI,Saint_Pantaleon_De_Larche,CHCC220GR2 CHCD,True,TRIMBLE BD990,True,"5.61,27/JUN/2023",True,80.79,59.09,50.0,14.5,22.9,27.0,1C 2W 5X,1C 2C,1X 5X 6X 7X 8X,2I 6I,2026-10-01
FRCH,Cherbourg,CHCC220GR CHCD,True,TRIMBLE BD970,False,"5.41,24/APR/2019",False,80.79,58.77,95.83,13.0,20.1,14.0,1C 2W 2X 5X,1C 2C,1X 5X 7X 8X,2I 6I,2026-10-01
FREG,Egletons,CHCC220GR2 CHCD,True,TRIMBLE BD970,True,"5.41,24/APR/2019",True,80.79,63.08,99.91,31.0,30.7,29.7,1C 2W 5X,1C 2C,1X 5X 7X 8X,2I,2026-10-01
FRCV,Cavaillon,CHCC220GR2 CHCD,True,TRIMBLE BD990,True,"5.61,27/JUN/2023",True,80.79,58.43,66.67,14.0,25.9,29.2,1C 2W 2X 5X,1C 2C,1X 5X 6X 7X 8X,2I 6I,2026-10-01
FRVD,Vidauban,CHCC220GR2 CHCD,True,TRIMBLE BD990,True,"5.61,27/JUN/2023",True,80.79,55.19,98.65,22.0,37.9,25.3,1C 1X 2W 5X,1C 1P 2C 2P,1X 5X 6X 7X 8X,2I 6I,2026-10-01
NODS,Nods,TPSCR.G5 TPSH,True,TPS NET-G5,True,5.6.1+2410301224,False,100.0,81.66,99.17,28.0,27.8,20.8,1C 1W 1X 2W 2X 5X,1C 1P 2C 2P,1X 5X 6X 7X 8X,2I 6I 7I,2026-10-01
LEST,Les_Thioleyres,TPSCR.G5 TPSH,True,TPS NET-G5,True,5.6.1+2410301224,False,100.0,88.1,98.85,27.3,29.0,21.7,1C 1W 1X 2W 2X 5X,1C 1P 2C 2P,1X 5X 6X 7X 8X,2I 6I 7I,2026-10-01
CHSY,Satigny,TPSCR.G5 TPSH,True,TPS NET-G5,True,5.6.1+2410301224,False,100.0,87.81,99.06,34.8,34.1,21.8,1C 1W 1X 2W 2X 5X,1C 1P 2C 2P,1X 5X 6X 7X 8X,2I 6I 7I,2026-10-01
2ANG,2ANG_MSM7,TWIVP6050_CONE NONE,True,SEPT ASTERX SB,True,4.8.4,True,100.0,80.11,98.59,28.3,34.1,28.4,1C 2L 2W 5Q,1C 2C 2P,1C 5Q 7Q 8Q,2I 7I,2026-10-02
2ANN,2ANN_MSM7,TWIVC6050 SCIS,True,SEPT ASTERX SB,True,4.8.4,True,100.0,79.72,96.88,18.5,18.8,14.1,1C 2L 2W 5Q,1C 2C 2P,1C 5Q 7Q 8Q,2I 7I,2026-10-02
2AUC,2AUC_MSM7,TWIVC6050 SCIS,True,SEPT ASTERX SB,True,4.8.4,True,99.79,81.07,99.88,35.7,39.7,33.6,1C 2L 2W 5Q,1C 2C 2P,1C 5Q 7Q 8Q,2I 7I,2026-10-02
2BAL,2BAL_MSM7,TWIVC6050 SCIS,True,SEPT ASTERX SB,True,4.8.4,True,100.0,81.24,99.47,20.3,21.0,17.2,1C 2L 2W 5Q,1C 2C 2P,1C 5Q 7Q 8Q,2I 7I,2026-10-02
2BAS,2BAS_MSM7,TWIVC6050 SCIS,True,SEPT ASTERX SB,True,4.8.4,True,100.0,78.05,85.71,22.5,24.2,19.3,1C 2L 2W 5Q,1C 2C 2P,1C 5Q 7Q 8Q,2I 7I,2026-10-02
2BIL,2BIL_MSM7,TWIVP6050_CONE NONE,True,SEPT ASTERX SB,True,4.8.4,True,99.79,77.57,99.47,32.7,36.7,27.8,1C 2L 2W 5Q,1C 2C 2P,1C 5Q 7Q 8Q,2I 7I,2026-10-02
2CAS,2CAS_MSM7,TWIVC6050 SCIS,True,NOV OEM7700-1.02,True,OM7CR0800RN0000,True,100.0,79.65,99.15,39.3,32.8,26.7,1C 2S 2W 5Q,1C 2C 2P,1C 5Q 7Q 8Q,2I 6I 7I,2026-10-02
2CHR,2CHR_MSM7,TRM77971.00 NONE,True,SEPT ASTERX SB,True,4.8.4,True,99.79,80.1,99.08,30.0,33.7,28.0,1C 2L 2W 5Q,1C 2C 2P,1C 5Q 7Q 8Q,2I 7I,2026-10-02
2CIU,2CIU_MSM7,TWIVP6050_CONE NONE,True,SEPT ASTERX SB,True,4.8.4,True,99.75,81.15,99.2,34.0,40.9,33.1,1C 2L 2W 5Q,1C 2C 2P,1C 5Q 7Q 8Q,2I 7I,2026-10-02
2CLI,2CLI_MSM7,CHCA220GR NONE,False,SEPT ASTERX SB,True,4.8.4,True,100.0,80.58,99.25,30.3,38.3,30.8,1C 2L 2W 5Q,1C 2C 2P,1C 5Q 7Q 8Q,2I 7I,2026-10-02
2CUM,2CUM_MSM7,TWIVP6050_CONE NONE,True,SEPT ASTERX SB,True,4.8.4,True,100.0,81.12,98.21,31.2,35.1,27.6,1C 2L 2W 5Q,1C 2C 2P,1C 5Q 7Q 8Q,2I 7I,2026-10-02
2DUN,2DUN_MSM7,TWIVP6050_CONE NONE,True,SEPT ASTERX SB,True,4.8.4,True,100.0,82.16,99.84,33.6,37.0,30.7,1C 2L 2W 5Q,1C 2C 2P,1C 5Q 7Q 8Q,2I 7I,2026-10-02
2FIG,2FIG_MSM7,TWIVC6050 SCIS,True,SEPT ASTERX SB,True,4.8.4,True,100.0,79.62,98.21,20.9,22.2,18.3,1C 2L 2W 5Q,1C 2C 2P,1C 5Q 7Q 8Q,2I 7I,2026-10-02
2GAW,2GAW_MSM7,TWIVC6050 SCIS,True,SEPT ASTERX SB,True,4.8.4,True,99.79,80.28,98.04,24.7,28.0,22.7,1C 2L 2W 5Q,1C 2C 2P,1C 5Q 7Q 8Q,2I 7I,2026-10-02
2IMP,2IMP_MSM7,TWIVP6050_CONE NONE,True,SEPT ASTERX SB,True,4.8.4,True,100.0,78.05,92.86,32.7,34.1,26.3,1C 2L 2W 5Q,1C 2C 2P,1C 5Q 7Q 8Q,2I 7I,2026-10-02
2INV,2INV_MSM7,TWIVP6050_CONE NONE,True,SEPT ASTERX SB,True,4.8.4,True,100.0,82.71,99.76,34.4,37.8,30.2,1C 2L 2W 5Q,1C 2C 2P,1C 5Q 7Q 8Q,2I 7I,2026-10-02
2KIR,2KIR_MSM7,TWIVC6050 SCIS,True,SEPT ASTERX SB,True,4.8.4,True,100.0,83.13,96.77,22.6,23.9,18.8,1C 2L 2W 5Q,1C 2C 2P,1C 5Q 7Q 8Q,2I 7I,2026-10-02
2LIA,2LIA_MSM7,TWIVP6050_CONE NONE,True,SEPT ASTERX SB,True,4.8.4,True,100.0,80.05,96.55,34.4,40.2,30.6,1C 2L 2W 5Q,1C 2C 2P,1C 5Q 7Q 8Q,2I 7I,2026-10-02
2NER,2NER_MSM7,TWIVC6050 SCIS,True,SEPT ASTERX SB,True,4.8.4,True,99.79,79.94,99.09,21.2,22.5,19.0,1C 2L 2W 5Q,1C 2C 2P,1C 5Q 7Q 8Q,2I 7I,2026-10-02
2OBA,2OBA_MSM7,TWIVP6050_CONE NONE,True,SEPT ASTERX SB,True,4.8.4,True,99.75,81.54,99.66,30.3,36.4,31.5,1C 2L 2W 5Q,1C 2C 2P,1C 5Q 7Q 8Q,2I 7I,2026-10-02
2PIM,2PIM_MSM7,TRM77971.00 NONE,True,SEPT ASTERX SB,True,4.8.4,True,99.92,80.53,98.41,55.9,46.1,38.9,1C 2L 2W 5Q,1C 2C 2P,1C 5Q 7Q 8Q,2I 7I,2026-10-02
2SAL,2SAL_MSM7,TWIVP6050_CONE NONE,True,SEPT ASTERX SB,True,4.8.4,True,100.0,80.93,99.81,25.1,31.2,26.1,1C 2L 2W 5Q,1C 2C 2P,1C 5Q 7Q 8Q,2I 7I,2026-10-02
2TER,2TER_MSM7,TWIVP6050_CONE NONE,True,SEPT ASTERX SB,True,4.8.4,True,99.79,81.01,97.62,27.7,33.6,26.7,1C 2L 2W 5Q,1C 2C 2P,1C 5Q 7Q 8Q,2I 7I,2026-10-02
2UBE,2UBE_MSM7,TWIVP6050_CONE NONE,True,SEPT ASTERX SB,True,4.8.4,True,98.62,80.54,93.75,33.9,35.4,27.7,1C 2L 2W 5Q,1C 2C 2P,1C 5Q 7Q 8Q,2I 7I,2026-10-02
2VIE,2VIE_MSM7,TWIVC6050 SCIS,True,SEPT ASTERX SB,True,4.8.4,True,99.96,80.88,99.5,30.3,29.6,25.2,1C 2L 2W 5Q,1C 2C 2P,1C 5Q 7Q 8Q,2I 7I,2026-10-02
2WOR,2WOR_MSM7,CHCA220GR NONE,True,SEPT ASTERX SB,True,4.8.4,True,100.0,80.07,98.0,33.1,40.3,33.1,1C 2L 2W 5Q,1C 2C 2P,1C 5Q 7Q 8Q,2I 7I,2026-10-02
FRAV,Aveze,CHCC220GR2 CHCD,True,TRIMBLE BD990,True,"5.61,27/JUN/2023",True,100.0,73.79,85.71,15.5,21.5,27.1,1C 2W 5X,1C 2C,1X 5X 6X 7X 8X,2I 6I,2026-10-02
FRBA,Barcelonette,CHCC220GR2 CHCD,True,TRIMBLE BD990,True,"5.61,27/JUN/2023",True,100.0,68.07,96.97,14.3,23.7,26.6,1C 2W 5X,1C 1P 2C 2P,1X 5X 6X 7X 8X,2I 6I,2026-10-02
FRCP,Case_De_Pene,CHCC220GR2 CHCD,True,TRIMBLE BD990,True,"5.61,27/JUN/2023",True,87.21,61.75,98.08,15.4,27.8,31.1,1C 2W 5X,1C 1P 2C 2P,1X 5X 7X 8X,2I,2026-10-02
FRCT,Castellane,CHCC220GR2 CHCD,True,TRIMBLE BD990,True,"5.61,27/JUN/2023",True,100.0,66.54,96.3,16.9,22.0,26.4,1C 2W 5X,1C 1P 2C,1X 5X 6X 7X 8X,2I 6I,2026-10-02
FRCA,Castres,CHCC220GR2 CHCD,True,TRIMBLE BD990,True,"5.61,27/JUN/2023",True,100.0,74.48,80.0,15.5,24.1,27.7,1C 2W 5X,1C 2C,1X 5X 6X 7X 8X,2I 6I,2026-10-02
FRCD,Chateau_D_Olonne,CHCC220GR2 CHCD,True,TRIMBLE BD970,True,"5.41,24/APR/2019",True,99.96,82.06,99.94,27.2,21.5,20.1,1C 2W 5X,1C 2C,1X 5X 7X 8X,2I,2026-10-02
FRCN,Crehange,CHCC220GR2 CHCD,True,TRIMBLE BD990,True,"5.61,27/JUN/2023",True,100.0,72.73,91.67,13.8,23.2,15.3,1C 2W 5X,1C 1P 2C 2P,1X 5X 6X 7X 8X,2I 6I,2026-10-02
FRDO,Dontcourt_Aux_Templiers,CHCC220GR2 CHCD,True,TRIMBLE BD990,True,"5.61,27/JUN/2023",True,100.0,73.06,87.5,13.5,21.9,25.3,1C 2W 5X,1C 2C,1X 5X 6X 7X 8X,2I 6I,2026-10-02
FRDZ,Donzere,CHCC220GR2 CHCD,True,TRIMBLE BD990,True,"5.61,27/JUN/2023",True,100.0,73.96,85.71,13.3,20.6,24.5,1C 2W 5X,1C 2C,1X 5X 6X 7X 8X,2I 6I,2026-10-02
FRDY,Doyet,CHCC220GR CHCD,True,TRIMBLE BD970,True,"5.41,24/APR/2019",True,100.0,75.58,99.84,30.1,30.2,26.6,1C 2W 5X,1C 2C,1X 5X 7X 8X,2I,2026-10-02
FRDR,Drucat,CHCC220GR CHCD,True,TRIMBLE BD970,True,"5.41,24/APR/2019",True,100.0,73.99,99.88,28.5,26.2,23.9,1C 2W 5X,1C 2C,1X 5X 7X 8X,2I,2026-10-02
FREB,Ebersheim,CHCC220GR CHCD,True,TRIMBLE BD970,True,"5.41,24/APR/2019",True,100.0,73.82,99.78,28.6,27.8,26.3,1C 2W 5X,1C 2C,1X 5X 7X 8X,2I,2026-10-02
FRGU,Guidel,CHCC220GR CHCD,True,TRIMBLE BD970,True,"5.41,24/APR/2019",True,100.0,66.66,99.66,27.3,27.0,0.0,1C 2W,1C 2C,1X 5X 7X 8X,2I,2026-10-02
FRBO,La_Bourdiniere,CHCC220GR2 CHCD,True,TRIMBLE BD970,True,"5.41,24/APR/2019",True,100.0,66.56,98.88,26.5,22.8,21.6,1C 2W 5X,1C 2C,1X 5X 7X 8X,2I,2026-10-02
FRPE,Le_Puy_En_Velay,CHCC220GR2 CHCD,True,TRIMBLE BD990,True,"5.61,27/JUN/2023",True,100.0,74.08,97.68,13.8,22.7,26.8,1C 2W 5X,1C 2C,1X 5X 6X 7X 8X,2I 6I,2026-10-02
FRMY,Maye,CHCC220GR CHCD,True,TRIMBLE BD970,True,"5.41,24/APR/2019",True,100.0,67.09,99.42,30.7,25.3,26.9,1C 2W 5X,1C 2C,1X 5X 7X 8X,2I,2026-10-02
FRMZ,Mazan,CHCC220GR2 CHCD,True,TRIMBLE BD990,True,"5.61,27/JUN/2023",True,100.0,73.84,85.71,14.8,23.4,30.6,1C 2W 5X,1C 2C,1X 5X 6X 7X 8X,2I 6I,2026-10-02
FRME,Melle,CHCC220GR2 CHCD,True,TRIMBLE BD990,True,"5.61,27/JUN/2023",True,100.0,74.43,88.89,14.2,21.4,23.2,1C 2W 5X,1C 1P 2C 2P,1X 5X 6X 7X 8X,2I 6I,2026-10-02
FRMS,Mours_Saint_Eusebe,CHCC220GR2 CHCD,True,TRIMBLE BD970,True,"5.41,24/APR/2019",True,100.0,69.21,99.78,26.3,20.3,20.4,1C 2W 5X,1C 2C,1X 5X 7X 8X,2I,2026-10-02
FRNE,Neuville,CHCC220GR CHCD,True,TRIMBLE BD970,True,"5.41,24/APR/2019",True,100.0,80.15,99.92,30.5,27.9,25.3,1C 2W 5X,1C 2C,1X 5X 7X 8X,2I,2026-10-02
FRNU,Nuisement,CHCC220GR CHCD,True,TRIMBLE BD970,True,"5.41,24/APR/2019",True,99.54,76.45,99.51,39.9,40.5,40.7,1C 2W 5X,1C 2C,1X 5X 7X 8X,2I,2026-10-02
FRPA,Piau_Engal,CHCC220GR2 CHCD,True,TRIMBLE BD990,True,"5.61,27/JUN/2023",True,99.42,70.4,92.31,15.3,22.3,14.4,1C 1X 2W 5X,1C 2C,1X 5X 6X 7X 8X,2I 6I,2026-10-02
FRSG,Saint_Georges_Dorques,CHCC220GR2 CHCD,True,TRIMBLE BD990,True,"5.61,27/JUN/2023",True,99.5,72.77,96.43,14.8,27.4,33.0,1C 2W 5X,1C 1P 2C 2P,1X 5X 6X 7X 8X,2I 6I,2026-10-02
FRSL,Sabl,CHCC220GR CHCD,True,TRIMBLE BD990,True,"5.61,27/JUN/2023",True,100.0,78.35,90.91,15.5,24.7,24.2,1C 2W 5X,1C 1P 2C,1X 5X 6X 7X 8X,2I 6I,2026-10-02
FRSN,Saint_Nabord,CHCC220GR2 CHCD,True,TRIMBLE BD990,True,"5.61,27/JUN/2023",True,100.0,73.06,91.67,15.6,25.6,30.2,1C 2W 5X,1C 1P 2C,1X 5X 6X 7X 8X,2I 6I,2026-10-02
FRSU,Sautron,CHCC220GR2 CHCD,True,TRIMBLE BD970,True,"5.41,24/APR/2019",True,100.0,66.04,99.72,26.6,26.6,27.8,1C 2W 5X,1C 2C,1X 5X 7X 8X,2I,2026-10-02
FRSV,Saviere,CHCC220GR2 CHCD,True,TRIMBLE BD990,True,"5.61,27/JUN/2023",True,100.0,71.53,98.78,13.3,23.2,28.1,1C 1X 2W 5X,1C 1P 2C 2P,1X 5X 6X 7X 8X,2I 6I,2026-10-02
FRUN,Ugine,CHCC220GR2 CHCD,True,TRIMBLE BD990,True,"5.61,27/JUN/2023",True,100.0,66.27,95.45,15.8,25.8,28.5,1C 2W 5X,1C 1P 2C 2P,1X 5X 6X 7X 8X,2I 6I,2026-10-02
FRVL,Villevaude,CHCC220GR2 CHCD,True,TRIMBLE BD990,True,"5.61,27/JUN/2023",True,100.0,73.44,66.67,15.5,29.3,19.5,1C 1X 2W 5X,1C 2C,1X 5X 6X 7X 8X,2I 6I,2026-10-02
FRSI,Saint_Pantaleon_De_Larche,CHCC220GR2 CHCD,True,TRIMBLE BD990,True,"5.61,27/JUN/2023",True,100.0,74.54,85.72,14.2,23.0,26.5,1C 2W 5X,1C 2C,1X 5X 6X 7X 8X,2I 6I,2026-10-02
FRCH,Cherbourg,CHCC220GR CHCD,True,TRIMBLE BD970,False,"5.41,24/APR/2019",False,100.0,74.07,92.31,13.1,19.4,13.7,1C 2W 2X 5X,1C 2C,1X 5X 7X 8X,2I 6I,2026-10-02
FREG,Egletons,CHCC220GR2 CHCD,True,TRIMBLE BD970,True,"5.41,24/APR/2019",True,100.0,78.31,99.93,30.9,29.9,29.1,1C 2W 5X,1C 2C,1X 5X 7X 8X,2I,2026-10-02
FRCV,Cavaillon,CHCC220GR2 CHCD,True,TRIMBLE BD990,True,"5.61,27/JUN/2023",True,100.0,73.81,0.0,13.9,25.9,29.0,1C 2W 2X 5X,1C 2C,1X 5X 6X 7X 8X,2I 6I,2026-10-02
FRVD,Vidauban,CHCC220GR2 CHCD,True,TRIMBLE BD990,True,"5.61,27/JUN/2023",True,100.0,69.53,98.97,22.0,37.6,24.6,1C 1X 2W 5X,1C 1P 2C 2P,1X 5X 6X 7X 8X,2I 6I,2026-10-02
NODS,Nods,TPSCR.G5 TPSH,True,TPS NET-G5,True,5.6.1+2410301224,False,100.0,81.78,99.31,27.7,27.5,20.8,1C 1W 1X 2W 2X 5X,1C 1P 2C 2P,1X 5X 6X 7X 8X,2I 6I 7I,2026-10-02
LEST,Les_Thioleyres,TPSCR.G5 TPSH,True,TPS NET-G5,True,5.6.1+2410301224,False,100.0,88.39,98.67,28.5,30.2,21.8,1C 1W 1X 2W 2X 5X,1C 1P 2C 2P,1X 5X 6X 7X 8X,2I 6I 7I,2026-10-02
CHSY,Satigny,TPSCR.G5 TPSH,True,TPS NET-G5,True,5.6.1+2410301224,False,100.0,87.82,98.77,32.9,32.8,21.1,1C 1W 1X 2W 2X 5X,1C 1P 2C 2P,1X 5X 6X 7X 8X,2I 6I 7I,2026-10-02
2ANG,2ANG_MSM7,TWIVP6050_CONE NONE,True,SEPT ASTERX SB,True,4.8.4,True,99.79,79.81,98.36,28.6,34.2,28.4,1C 2L 2W 5Q,1C 2C 2P,1C 5Q 7Q 8Q,2I 7I,2026-10-03
2ANN,2ANN_MSM7,TWIVC6050 SCIS,True,SEPT ASTERX SB,True,4.8.4,True,100.0,79.8,96.77,18.8,19.0,14.2,1C 2L 2W 5Q,1C 2C 2P,1C 5Q 7Q 8Q,2I 7I,2026-10-03
2AUC,2AUC_MSM7,TWIVC6050 SCIS,True,SEPT ASTERX SB,True,4.8.4,True,99.75,80.68,99.88,34.8,38.5,34.1,1C 2L 2W 5Q,1C 2C 2P,1C 5Q 7Q 8Q,2I 7I,2026-10-03
2BAL,2BAL_MSM7,TWIVC6050 SCIS,True,SEPT ASTERX SB,True,4.8.4,True,100.0,80.83,99.43,21.1,21.3,18.0,1C 2L 2W 5Q,1C 2C 2P,1C 5Q 7Q 8Q,2I 7I,2026-10-03
2BAS,2BAS_MSM7,TWIVC6050 SCIS,True,SEPT ASTERX SB,True,4.8.4,True,99.46,77.43,85.72,22.9,24.4,19.1,1C 2L 2W 5Q,1C 2C 2P,1C 5Q 7Q 8Q,2I 7I,2026-10-03
2BIL,2BIL_MSM7,TWIVP6050_CONE NONE,True,SEPT ASTERX SB,True,4.8.4,True,99.75,77.74,99.44,32.6,36.6,27.5,1C 2L 2W 5Q,1C 2C 2P,1C 5Q 7Q 8Q,2I 7I,2026-10-03
2CAS,2CAS_MSM7,TWIVC6050 SCIS,True,NOV OEM7700-1.02,True,OM7CR0800RN0000,True,100.0,79.39,98.82,38.9,32.8,27.0,1C 2S 2W 5Q,1C 2C 2P,1C 5Q 7Q 8Q,2I 6I 7I,2026-10-03
2CHR,2CHR_MSM7,TRM77971.00 NONE,True,SEPT ASTERX SB,True,4.8.4,True,100.0,80.02,99.4,30.0,33.8,28.0,1C 2L 2W 5Q,1C 2C 2P,1C 5Q 7Q 8Q,2I 7I,2026-10-03
2CIU,2CIU_MSM7,TWIVP6050_CONE NONE,True,SEPT ASTERX SB,True,4.8.4,True,100.0,81.57,99.23,34.4,40.9,33.5,1C 2L 2W 5Q,1C 2C 2P,1C 5Q 7Q 8Q,2I 7I,2026-10-03
2CLI,2CLI_MSM7,CHCA220GR NONE,False,SEPT ASTERX SB,True,4.8.4,True,99.79,80.14,99.25,30.9,38.9,31.2,1C 2L 2W 5Q,1C 2C 2P,1C 5Q 7Q 8Q,2I 7I,2026-10-03
2CUM,2CUM_MSM7,TWIVP6050_CONE NONE,True,SEPT ASTERX SB,True,4.8.4,True,99.75,81.14,98.95,31.3,35.1,28.0,1C 2L 2W 5Q,1C 2C 2P,1C 5Q 7Q 8Q,2I 7I,2026-10-03
2DUN,2DUN_MSM7,TWIVP6050_CONE NONE,True,SEPT ASTERX SB,True,4.8.4,True,100.0,81.91,99.84,33.1,37.0,30.8,1C 2L 2W 5Q,1C 2C 2P,1C 5Q 7Q 8Q,2I 7I,2026-10-03
2FIG,2FIG_MSM7,TWIVC6050 SCIS,True,SEPT ASTERX SB,True,4.8.4,True,100.0,79.43,98.51,20.8,22.4,18.2,1C 2L 2W 5Q,1C 2C 2P,1C 5Q 7Q 8Q,2I 7I,2026-10-03
2GAW,2GAW_MSM7,TWIVC6050 SCIS,True,SEPT ASTERX SB,True,4.8.4,True,100.0,80.0,97.87,24.9,28.0,22.6,1C 2L 2W 5Q,1C 2C 2P,1C 5Q 7Q 8Q,2I 7I,2026-10-03
2IMP,2IMP_MSM7,TWIVP6050_CONE NONE,True,SEPT ASTERX SB,True,4.8.4,True,100.0,78.07,92.31,33.2,34.3,26.4,1C 2L 2W 5Q,1C 2C 2P,1C 5Q 7Q 8Q,2I 7I,2026-10-03
2INV,2INV_MSM7,TWIVP6050_CONE NONE,True,SEPT ASTERX SB,True,4.8.4,True,99.79,82.39,99.74,34.5,38.1,30.8,1C 2L 2W 5Q,1C 2C 2P,1C 5Q 7Q 8Q,2I 7I,2026-10-03
2KIR,2KIR_MSM7,TWIVC6050 SCIS,True,SEPT ASTERX SB,True,4.8.4,True,99.75,82.71,98.04,22.2,24.0,18.7,1C 2L 2W 5Q,1C 2C 2P,1C 5Q 7Q 8Q,2I 7I,2026-10-03
2LIA,2LIA_MSM7,TWIVP6050_CONE NONE,True,SEPT ASTERX SB,True,4.8.4,True,99.79,79.7,98.44,34.3,39.6,30.2,1C 2L 2W 5Q,1C 2C 2P,1C 5Q 7Q 8Q,2I 7I,2026-10-03
2NER,2NER_MSM7,TWIVC6050 SCIS,True,SEPT ASTERX SB,True,4.8.4,True,100.0,79.93,99.14,22.4,22.7,18.7,1C 2L 2W 5Q,1C 2C 2P,1C 5Q 7Q 8Q,2I 7I,2026-10-03
2OBA,2OBA_MSM7,TWIVP6050_CONE NONE,True,SEPT ASTERX SB,True,4.8.4,True,100.0,81.46,99.54,30.3,36.1,32.0,1C 2L 2W 5Q,1C 2C 2P,1C 5Q 7Q 8Q,2I 7I,2026-10-03
2PIM,2PIM_MSM7,TRM77971.00 NONE,True,SEPT ASTERX SB,True,4.8.4,True,100.0,80.5,99.21,55.7,46.3,39.2,1C 2L 2W 5Q,1C 2C 2P,1C 5Q 7Q 8Q,2I 7I,2026-10-03
2SAL,2SAL_MSM7,TWIVP6050_CONE NONE,True,SEPT ASTERX SB,True,4.8.4,True,99.79,81.0,99.79,25.6,31.5,26.9,1C 2L 2W 5Q,1C 2C 2P,1C 5Q 7Q 8Q,2I 7I,2026-10-03
2TER,2TER_MSM7,TWIVP6050_CONE NONE,True,SEPT ASTERX SB,True,4.8.4,True,100.0,81.7,97.3,27.6,33.1,26.5,1C 2L 2W 5Q,1C 2C 2P,1C 5Q 7Q 8Q,2I 7I,2026-10-03
2UBE,2UBE_MSM7,TWIVP6050_CONE NONE,True,SEPT ASTERX SB,True,4.8.4,True,97.58,79.89,98.63,33.5,35.7,27.5,1C 2L 2W 5Q,1C 2C 2P,1C 5Q 7Q 8Q,2I 7I,2026-10-03
2VIE,2VIE_MSM7,TWIVC6050 SCIS,True,SEPT ASTERX SB,True,4.8.4,True,99.75,80.49,99.31,30.7,29.9,25.4,1C 2L 2W 5Q,1C 2C 2P,1C 5Q 7Q 8Q,2I 7I,2026-10-03
2WOR,2WOR_MSM7,CHCA220GR NONE,True,SEPT ASTERX SB,True,4.8.4,True,100.0,80.0,98.04,30.7,40.8,33.3,1C 2L 2W 5Q,1C 2C 2P,1C 5Q 7Q 8Q,2I 7I,2026-10-03
FRAV,Aveze,CHCC220GR2 CHCD,True,TRIMBLE BD990,True,"5.61,27/JUN/2023",True,100.0,73.9,91.67,15.6,21.9,26.9,1C 2W 5X,1C 2C,1X 5X 6X 7X 8X,2I 6I,2026-10-03
FRBA,Barcelonette,CHCC220GR2 CHCD,True,TRIMBLE BD990,True,"5.61,27/JUN/2023",True,100.0,68.6,93.75,14.3,23.3,26.6,1C 2W 5X,1C 1P 2C 2P,1X 5X 6X 7X 8X,2I 6I,2026-10-03
FRCP,Case_De_Pene,CHCC220GR2 CHCD,True,TRIMBLE BD990,True,"5.61,27/JUN/2023",True,100.0,72.37,97.62,15.3,27.7,31.3,1C 2W 5X,1C 1P 2C 2P,1X 5X 7X 8X,2I,2026-10-03
FRCT,Castellane,CHCC220GR2 CHCD,True,TRIMBLE BD990,True,"5.61,27/JUN/2023",True,100.0,66.54,95.24,16.8,21.6,25.8,1C 2W 5X,1C 1P 2C 2P,1X 5X 6X 7X 8X,2I 6I,2026-10-03
FRCA,Castres,CHCC220GR2 CHCD,True,TRIMBLE BD990,True,"5.61,27/JUN/2023",True,100.0,74.64,80.0,15.2,23.7,27.9,1C 2W 5X,1C 2C,1X 5X 6X 7X 8X,2I 6I,2026-10-03
FRCD,Chateau_D_Olonne,CHCC220GR2 CHCD,True,TRIMBLE BD970,True,"5.41,24/APR/2019",True,100.0,81.97,99.94,27.0,21.8,20.0,1C 2W 5X,1C 2C,1X 5X 7X 8X,2I,2026-10-03
FRCN,Crehange,CHCC220GR2 CHCD,True,TRIMBLE BD990,True,"5.61,27/JUN/2023",True,100.0,72.77,93.75,13.9,23.4,15.5,1C 2W 5X,1C 2C 2P,1X 5X 6X 7X 8X,2I 6I,2026-10-03
FRDO,Dontcourt_Aux_Templiers,CHCC220GR2 CHCD,True,TRIMBLE BD990,True,"5.61,27/JUN/2023",True,100.0,73.11,90.0,13.6,22.3,25.5,1C 2W 5X,1C 2C,1X 5X 6X 7X 8X,2I 6I,2026-10-03
FRDZ,Donzere,CHCC220GR2 CHCD,True,TRIMBLE BD990,True,"5.61,27/JUN/2023",True,100.0,74.04,0.0,13.3,20.5,24.2,1C 2W 5X,1C 2C,1X 5X 6X 7X 8X,2I 6I,2026-10-03
FRDY,Doyet,CHCC220GR CHCD,True,TRIMBLE BD970,True,"5.41,24/APR/2019",True,100.0,74.79,99.83,30.3,30.2,27.0,1C 2W 5X,1C 2C,1X 5X 7X 8X,2I,2026-10-03
FRDR,Drucat,CHCC220GR CHCD,True,TRIMBLE BD970,True,"5.41,24/APR/2019",True,100.0,73.31,99.87,28.9,26.4,23.9,1C 2W 5X,1C 2C,1X 5X 7X 8X,2I,2026-10-03
FREB,Ebersheim,CHCC220GR CHCD,True,TRIMBLE BD970,True,"5.41,24/APR/2019",True,100.0,73.1,99.73,28.4,27.9,26.1,1C 2W 5X,1C 2C,1X 5X 7X 8X,2I,2026-10-03
FRGU,Guidel,CHCC220GR CHCD,True,TRIMBLE BD970,True,"5.41,24/APR/2019",True,100.0,66.37,99.65,27.9,27.5,0.0,1C 2W,1C 2C,1X 5X 7X 8X,2I,2026-10-03
FRBO,La_Bourdiniere,CHCC220GR2 CHCD,True,TRIMBLE BD970,True,"5.41,24/APR/2019",True,100.0,66.19,98.82,26.4,23.0,22.1,1C 2W 5X,1C 2C,1X 5X 7X 8X,2I,2026-10-03
FRPE,Le_Puy_En_Velay,CHCC220GR2 CHCD,True,TRIMBLE BD990,True,"5.61,27/JUN/2023",True,100.0,74.15,96.77,13.9,22.3,26.3,1C 2W 5X,1C 2C,1X 5X 6X 7X 8X,2I 6I,2026-10-03
FRMY,Maye,CHCC220GR CHCD,True,TRIMBLE BD970,True,"5.41,24/APR/2019",True,100.0,66.73,99.44,30.5,25.5,27.2,1C 2W 5X,1C 2C,1X 5X 7X 8X,2I,2026-10-03
FRMZ,Mazan,CHCC220GR2 CHCD,True,TRIMBLE BD990,True,"5.61,27/JUN/2023",True,100.0,73.96,88.89,14.9,23.2,30.2,1C 2W 5X,1C 2C,1X 5X 6X 7X 8X,2I 6I,2026-10-03
FRME,Melle,CHCC220GR2 CHCD,True,TRIMBLE BD990,True,"5.61,27/JUN/2023",True,100.0,74.71,83.33,14.4,21.4,23.1,1C 2W 5X,1C 1P 2C 2P,1X 5X 6X 7X 8X,2I 6I,2026-10-03
FRMS,Mours_Saint_Eusebe,CHCC220GR2 CHCD,True,TRIMBLE BD970,True,"5.41,24/APR/2019",True,100.0,68.57,99.65,25.8,20.0,20.6,1C 2W 5X,1C 2C,1X 5X 7X 8X,2I,2026-10-03
FRNE,Neuville,CHCC220GR CHCD,True,TRIMBLE BD970,True,"5.41,24/APR/2019",True,100.0,80.23,99.93,30.6,27.3,25.3,1C 2W 5X,1C 2C,1X 5X 7X 8X,2I,2026-10-03
FRNU,Nuisement,CHCC220GR CHCD,True,TRIMBLE BD970,True,"5.41,24/APR/2019",True,100.0,76.11,99.61,40.5,40.5,40.8,1C 2W 5X,1C 2C,1X 5X 7X 8X,2I,2026-10-03
FRPA,Piau_Engal,CHCC220GR2 CHCD,True,TRIMBLE BD990,True,"5.61,27/JUN/2023",True,100.0,71.03,92.86,15.5,22.2,14.3,1C 1X 2W 5X,1C 2C,1X 5X 6X 7X 8X,2I 6I,2026-10-03
FRSG,Saint_Georges_Dorques,CHCC220GR2 CHCD,True,TRIMBLE BD990,True,"5.61,27/JUN/2023",True,99.75,73.11,96.88,14.9,26.8,32.3,1C 2W 5X,1C 1P 2C 2P,1X 5X 6X 7X 8X,2I 6I,2026-10-03
FRSL,Sabl,CHCC220GR CHCD,True,TRIMBLE BD990,True,"5.61,27/JUN/2023",True,100.0,78.46,93.33,15.7,25.2,24.8,1C 2W 5X,1C 2C,1X 5X 6X 7X 8X,2I 6I,2026-10-03
FRSN,Saint_Nabord,CHCC220GR2 CHCD,True,TRIMBLE BD990,True,"5.61,27/JUN/2023",True,100.0,73.08,80.0,15.4,25.3,29.6,1C 2W 5X,1C 2C,1X 5X 6X 7X 8X,2I 6I,2026-10-03
FRSU,Sautron,CHCC220GR2 CHCD,True,TRIMBLE BD970,True,"5.41,24/APR/2019",True,99.75,65.67,99.68,26.5,26.0,27.6,1C 2W 5X,1C 2C,1X 5X 7X 8X,2I,2026-10-03
FRSV,Saviere,CHCC220GR2 CHCD,True,TRIMBLE BD990,True,"5.61,27/JUN/2023",True,100.0,71.93,98.68,13.5,23.1,28.1,1C 1X 2W 5X,1C 1P 2C 2P,1X 5X 6X 7X 8X,2I 6I,2026-10-03
FRUN,Ugine,CHCC220GR2 CHCD,True,TRIMBLE BD990,True,"5.61,27/JUN/2023",True,100.0,66.22,96.77,16.2,26.4,28.5,1C 2W 5X,1C 1P 2C 2P,1X 5X 6X 7X 8X,2I 6I,2026-10-03
FRVL,Villevaude,CHCC220GR2 CHCD,True,TRIMBLE BD990,True,"5.61,27/JUN/2023",True,100.0,73.73,66.67,15.5,29.7,19.7,1C 1X 2W 5X,1C 2C,1X 5X 6X 7X 8X,2I 6I,2026-10-03
FRSI,Saint_Pantaleon_De_Larche,CHCC220GR2 CHCD,True,TRIMBLE BD990,True,"5.61,27/JUN/2023",True,100.0,74.77,80.0,14.4,23.0,26.9,1C 2W 5X,1C 2C,1X 5X 6X 7X 8X,2I 6I,2026-10-03
FRCH,Cherbourg,CHCC220GR CHCD,True,TRIMBLE BD970,False,"5.41,24/APR/2019",False,100.0,74.06,92.31,13.3,19.5,14.5,1C 2W 2X 5X,1C 2C,1X 5X 7X 8X,2I 6I,2026-10-03
FREG,Egletons,CHCC220GR2 CHCD,True,TRIMBLE BD970,True,"5.41,24/APR/2019",True,100.0,77.97,99.93,30.8,29.7,29.6,1C 2W 5X,1C 2C,1X 5X 7X 8X,2I,2026-10-03
FRCV,Cavaillon,CHCC220GR2 CHCD,True,TRIMBLE BD990,True,"5.61,27/JUN/2023",True,100.0,73.97,0.0,13.9,26.1,28.8,1C 2W 2X 5X,1C 2C,1X 5X 6X 7X 8X,2I 6I,2026-10-03
FRVD,Vidauban,CHCC220GR2 CHCD,True,TRIMBLE BD990,True,"5.61,27/JUN/2023",True,100.0,69.85,99.05,21.6,38.2,24.3,1C 1X 2W 5X,1C 1P 2C 2P,1X 5X 6X 7X 8X,2I 6I,2026-10-03
NODS,Nods,TPSCR.G5 TPSH,True,TPS NET-G5,True,5.6.1+2410301224,False,43.08,33.72,98.36,28.6,28.6,20.1,1C 1W 1X 2W 2X 5X,1C 1P 2C 2P,1X 5X 6X 7X 8X,2I 6I 7I,2026-10-03
LEST,Les_Thioleyres,TPSCR.G5 TPSH,True,TPS NET-G5,True,5.6.1+2410301224,False,99.75,88.02,98.86,27.6,29.8,22.0,1C 1W 1X 2W 2X 5X,1C 1P 2C 2P,1X 5X 6X 7X 8X,2I 6I 7I,2026-10-03
CHSY,Satigny,TPSCR.G5 TPSH,True,TPS NET-G5,True,5.6.1+2410301224,False,99.75,87.68,99.08,33.4,33.1,21.4,1C 1W 1X 2W 2X 5X,1C 1P 2C 2P,1X 5X 6X 7X 8X,2I 6I 7I,2026-10-03
2ANG,2ANG_MSM7,TWIVP6050_CONE NONE,True,SEPT ASTERX SB,True,4.8.4,True,100.0,79.89,97.78,28.1,33.9,28.5,1C 2L 2W 5Q,1C 2C 2P,1C 5Q 7Q 8Q,2I 7I,2026-10-04
2ANN,2ANN_MSM7,TWIVC6050 SCIS,True,SEPT ASTERX SB,True,4.8.4,True,100.0,79.48,96.88,18.5,18.8,13.9,1C 2L 2W 5Q,1C 2C 2P,1C 5Q 7Q 8Q,2I 7I,2026-10-04
2AUC,2AUC_MSM7,TWIVC6050 SCIS,True,SEPT ASTERX SB,True,4.8.4,True,100.0,81.16,99.89,34.9,38.2,34.3,1C 2L 2W 5Q,1C 2C 2P,1C 5Q 7Q 8Q,2I 7I,2026-10-04
2BAL,2BAL_MSM7,TWIVC6050 SCIS,True,SEPT ASTERX SB,True,4.8.4,True,100.0,81.15,99.52,20.5,21.4,18.1,1C 2L 2W 5Q,1C 2C 2P,1C 5Q 7Q 8Q,2I 7I,2026-10-04
2BAS,2BAS_MSM7,TWIVC6050 SCIS,True,SEPT ASTERX SB,True,4.8.4,True,100.0,77.5,90.91,22.4,23.7,18.7,1C 2L 2W 5Q,1C 2C 2P,1C 5Q 7Q 8Q,2I 7I,2026-10-04
2BIL,2BIL_MSM7,TWIVP6050_CONE NONE,True,SEPT ASTERX SB,True,4.8.4,True,100.0,78.08,99.33,33.4,37.3,28.0,1C 2L 2W 5Q,1C 2C 2P,1C 5Q 7Q 8Q,2I 7I,2026-10-04
2CAS,2CAS_MSM7,TWIVC6050 SCIS,True,NOV OEM7700-1.02,True,OM7CR0800RN0000,True,100.0,79.49,98.59,38.4,32.5,27.0,1C 2S 2W 5Q,1C 2C 2P,1C 5Q 7Q 8Q,2I 6I 7I,2026-10-04
2CHR,2CHR_MSM7,TRM77971.00 NONE,True,SEPT ASTERX SB,True,4.8.4,True,99.79,80.08,99.4,30.3,34.0,28.2,1C 2L 2W 5Q,1C 2C 2P,1C 5Q 7Q 8Q,2I 7I,2026-10-04
2CIU,2CIU_MSM7,TWIVP6050_CONE NONE,True,SEPT ASTERX SB,True,4.8.4,True,100.0,81.34,98.98,33.4,39.6,32.2,1C 2L 2W 5Q,1C 2C 2P,1C 5Q 7Q 8Q,2I 7I,2026-10-04
2CLI,2CLI_MSM7,CHCA220GR NONE,False,SEPT ASTERX SB,True,4.8.4,True,99.79,80.43,99.19,31.2,39.1,31.2,1C 2L 2W 5Q,1C 2C 2P,1C 5Q 7Q 8Q,2I 7I,2026-10-04
2CUM,2CUM_MSM7,TWIVP6050_CONE NONE,True,SEPT ASTERX SB,True,4.8.4,True,100.0,80.95,96.0,30.7,34.5,27.6,1C 2L 2W 5Q,1C 2C 2P,1C 5Q 7Q 8Q,2I 7I,2026-10-04
2DUN,2DUN_MSM7,TWIVP6050_CONE NONE,True,SEPT ASTERX SB,True,4.8.4,True,100.0,82.12,99.84,33.5,37.8,31.4,1C 2L 2W 5Q,1C 2C 2P,1C 5Q 7Q 8Q,2I 7I,2026-10-04
2FIG,2FIG_MSM7,TWIVC6050 SCIS,True,SEPT ASTERX SB,True,4.8.4,True,100.0,78.92,98.25,20.7,22.2,18.7,1C 2L 2W 5Q,1C 2C 2P,1C 5Q 7Q 8Q,2I 7I,2026-10-04
2GAW,2GAW_MSM7,TWIVC6050 SCIS,True,SEPT ASTERX SB,True,4.8.4,True,99.83,80.02,98.08,24.1,27.5,22.1,1C 2L 2W 5Q,1C 2C 2P,1C 5Q 7Q 8Q,2I 7I,2026-10-04
2IMP,2IMP_MSM7,TWIVP6050_CONE NONE,True,SEPT ASTERX SB,True,4.8.4,True,100.0,77.53,94.12,33.2,34.6,26.9,1C 2L 2W 5Q,1C 2C 2P,1C 5Q 7Q 8Q,2I 7I,2026-10-04
2INV,2INV_MSM7,TWIVP6050_CONE NONE,True,SEPT ASTERX SB,True,4.8.4,True,100.0,82.76,99.76,34.7,38.1,30.5,1C 2L 2W 5Q,1C 2C 2P,1C 5Q 7Q 8Q,2I 7I,2026-10-04
2KIR,2KIR_MSM7,TWIVC6050 SCIS,True,SEPT ASTERX SB,True,4.8.4,True,100.0,83.12,98.31,22.3,23.7,18.4,1C 2L 2W 5Q,1C 2C 2P,1C 5Q 7Q 8Q,2I 7I,2026-10-04
2LIA,2LIA_MSM7,TWIVP6050_CONE NONE,True,SEPT ASTERX SB,True,4.8.4,True,100.0,79.82,97.62,34.8,40.2,30.4,1C 2L 2W 5Q,1C 2C 2P,1C 5Q 7Q 8Q,2I 7I,2026-10-04
2NER,2NER_MSM7,TWIVC6050 SCIS,True,SEPT ASTERX SB,True,4.8.4,True,100.0,79.98,99.2,22.2,22.7,19.0,1C 2L 2W 5Q,1C 2C 2P,1C 5Q 7Q 8Q,2I 7I,2026-10-04
2OBA,2OBA_MSM7,TWIVP6050_CONE NONE,True,SEPT ASTERX SB,True,4.8.4,True,99.79,81.44,99.64,29.6,35.6,30.7,1C 2L 2W 5Q,1C 2C 2P,1C 5Q 7Q 8Q,2I 7I,2026-10-04
2PIM,2PIM_MSM7,TRM77971.00 NONE,True,SEPT ASTERX SB,True,4.8.4,True,100.0,80.72,99.03,55.9,46.1,39.4,1C 2L 2W 5Q,1C 2C 2P,1C 5Q 7Q 8Q,2I 7I,2026-10-04
2SAL,2SAL_MSM7,TWIVP6050_CONE NONE,True,SEPT ASTERX SB,True,4.8.4,True,99.58,80.74,99.8,25.2,30.8,26.3,1C 2L 2W 5Q,1C 2C 2P,1C 5Q 7Q 8Q,2I 7I,2026-10-04
2TER,2TER_MSM7,TWIVP6050_CONE NONE,True,SEPT ASTERX SB,True,4.8.4,True,100.0,81.49,92.86,27.6,33.0,26.8,1C 2L 2W 5Q,1C 2C 2P,1C 5Q 7Q 8Q,2I 7I,2026-10-04
2UBE,2UBE_MSM7,TWIVP6050_CONE NONE,True,SEPT ASTERX SB,True,4.8.4,True,97.75,79.66,90.0,33.8,35.7,27.4,1C 2L 2W 5Q,1C 2C 2P,1C 5Q 7Q 8Q,2I 7I,2026-10-04
2VIE,2VIE_MSM7,TWIVC6050 SCIS,True,SEPT ASTERX SB,True,4.8.4,True,99.75,80.27,99.35,29.7,29.3,25.2,1C 2L 2W 5Q,1C 2C 2P,1C 5Q 7Q 8Q,2I 7I,2026-10-04
2WOR,2WOR_MSM7,CHCA220GR NONE,True,SEPT ASTERX SB,True,4.8.4,True,100.0,80.01,98.53,30.2,42.1,33.0,1C 2L 2W 5Q,1C 2C 2P,1C 5Q 7Q 8Q,2I 7I,2026-10-04
FRAV,Aveze,CHCC220GR2 CHCD,True,TRIMBLE BD990,True,"5.61,27/JUN/2023",True,100.0,73.54,85.71,15.4,21.6,26.8,1C 2W 5X,1C 2C 2P,1X 5X 6X 7X 8X,2I 6I,2026-10-04
FRBA,Barcelonette,CHCC220GR2 CHCD,True,TRIMBLE BD990,True,"5.61,27/JUN/2023",True,100.0,68.19,95.0,14.4,23.6,26.1,1C 2W 5X,1C 1P 2C 2P,1X 5X 6X 7X 8X,2I 6I,2026-10-04
FRCP,Case_De_Pene,CHCC220GR2 CHCD,True,TRIMBLE BD990,True,"5.61,27/JUN/2023",True,97.79,70.17,98.28,14.9,27.9,30.6,1C 2W 5X,1C 1P 2C 2P,1X 5X 7X 8X,2I,2026-10-04
FRCT,Castellane,CHCC220GR2 CHCD,True,TRIMBLE BD990,True,"5.61,27/JUN/2023",True,100.0,66.41,92.86,16.9,21.5,26.2,1C 2W 5X,1C 1P 2C 2P,1X 5X 6X 7X 8X,2I 6I,2026-10-04
FRCA,Castres,CHCC220GR2 CHCD,True,TRIMBLE BD990,True,"5.61,27/JUN/2023",True,100.0,74.15,66.67,15.8,23.9,27.4,1C 2W 5X,1C 2C,1X 5X 6X 7X 8X,2I 6I,2026-10-04
FRCD,Chateau_D_Olonne,CHCC220GR2 CHCD,True,TRIMBLE BD970,True,"5.41,24/APR/2019",True,100.0,81.02,99.94,27.2,21.8,19.2,1C 2W 5X,1C 2C,1X 5X 7X 8X,2I,2026-10-04
FRCN,Crehange,CHCC220GR2 CHCD,True,TRIMBLE BD990,True,"5.61,27/JUN/2023",True,100.0,72.35,93.75,13.9,23.5,15.3,1C 2W 5X,1C 2C 2P,1X 5X 6X 7X 8X,2I 6I,2026-10-04
FRDO,Dontcourt_Aux_Templiers,CHCC220GR2 CHCD,True,TRIMBLE BD990,True,"5.61,27/JUN/2023",True,100.0,72.74,93.33,13.1,22.2,25.8,1C 2W 5X,1C 2C,1X 5X 6X 7X 8X,2I 6I,2026-10-04
FRDZ,Donzere,CHCC220GR2 CHCD,True,TRIMBLE BD990,True,"5.61,27/JUN/2023",True,100.0,73.59,66.67,13.3,20.5,24.2,1C 2W 5X,1C 2C,1X 5X 6X 7X 8X,2I 6I,2026-10-04
FRDY,Doyet,CHCC220GR CHCD,True,TRIMBLE BD970,True,"5.41,24/APR/2019",True,100.0,74.44,99.84,30.0,29.8,27.0,1C 2W 5X,1C 2C,1X 5X 7X 8X,2I,2026-10-04
FRDR,Drucat,CHCC220GR CHCD,True,TRIMBLE BD970,True,"5.41,24/APR/2019",True,100.0,73.16,99.88,28.6,26.1,23.3,1C 2W 5X,1C 2C,1X 5X 7X 8X,2I,2026-10-04
FREB,Ebersheim,CHCC220GR CHCD,True,TRIMBLE BD970,True,"5.41,24/APR/2019",True,100.0,72.86,99.78,28.4,28.2,26.5,1C 2W 5X,1C 2C,1X 5X 7X 8X,2I,2026-10-04
FRGU,Guidel,CHCC220GR CHCD,True,TRIMBLE BD970,True,"5.41,24/APR/2019",True,100.0,65.96,99.65,27.9,26.9,0.0,1C 2W,1C 2C,1X 5X 7X 8X,2I,2026-10-04
FRBO,La_Bourdiniere,CHCC220GR2 CHCD,True,TRIMBLE BD970,True,"5.41,24/APR/2019",True,100.0,65.57,98.9,26.6,23.0,22.5,1C 2W 5X,1C 2C,1X 5X 7X 8X,2I,2026-10-04
FRPE,Le_Puy_En_Velay,CHCC220GR2 CHCD,True,TRIMBLE BD990,True,"5.61,27/JUN/2023",True,100.0,73.69,97.14,14.1,22.4,26.5,1C 2W 5X,1C 2C,1X 5X 6X 7X 8X,2I 6I,2026-10-04
FRMY,Maye,CHCC220GR CHCD,True,TRIMBLE BD970,True,"5.41,24/APR/2019",True,100.0,66.08,99.11,30.3,25.3,26.5,1C 2W 5X,1C 2C,1X 5X 7X 8X,2I,2026-10-04
FRMZ,Mazan,CHCC220GR2 CHCD,True,TRIMBLE BD990,True,"5.61,27/JUN/2023",True,100.0,73.49,66.67,14.8,23.3,30.0,1C 2W 5X,1C 2C,1X 5X 6X 7X 8X,2I 6I,2026-10-04
FRME,Melle,CHCC220GR2 CHCD,True,TRIMBLE BD990,True,"5.61,27/JUN/2023",True,100.0,74.69,50.0,14.4,21.2,22.8,1C 2W 5X,1C 1P 2C 2P,1X 5X 6X 7X 8X,2I 6I,2026-10-04
FRMS,Mours_Saint_Eusebe,CHCC220GR2 CHCD,True,TRIMBLE BD970,True,"5.41,24/APR/2019",True,100.0,67.85,99.68,26.3,20.2,20.4,1C 2W 5X,1C 2C,1X 5X 7X 8X,2I,2026-10-04
FRNE,Neuville,CHCC220GR CHCD,True,TRIMBLE BD970,True,"5.41,24/APR/2019",True,100.0,79.07,99.92,30.9,28.3,26.0,1C 2W 5X,1C 2C,1X 5X 7X 8X,2I,2026-10-04
FRNU,Nuisement,CHCC220GR CHCD,True,TRIMBLE BD970,True,"5.41,24/APR/2019",True,100.0,75.64,99.42,40.1,40.0,41.2,1C 2W 5X,1C 2C,1X 5X 7X 8X,2I,2026-10-04
FRPA,Piau_Engal,CHCC220GR2 CHCD,True,TRIMBLE BD990,True,"5.61,27/JUN/2023",True,100.0,71.01,91.67,15.4,21.9,13.8,1C 1X 2W 5X,1C 2C,1X 5X 6X 7X 8X,2I 6I,2026-10-04
FRSG,Saint_Georges_Dorques,CHCC220GR2 CHCD,True,TRIMBLE BD990,True,"5.61,27/JUN/2023",True,98.71,72.07,96.0,15.1,26.9,32.2,1C 2W 5X,1C 1P 2C 2P,1X 5X 6X 7X 8X,2I 6I,2026-10-04
FRSL,Sabl,CHCC220GR CHCD,True,TRIMBLE BD990,True,"5.61,27/JUN/2023",True,100.0,78.32,94.12,15.9,25.1,24.2,1C 2W 5X,1C 2C,1X 5X 6X 7X 8X,2I 6I,2026-10-04
FRSN,Saint_Nabord,CHCC220GR2 CHCD,True,TRIMBLE BD990,True,"5.61,27/JUN/2023",True,100.0,72.59,85.71,15.2,25.1,29.8,1C 2W 5X,1C 2C,1X 5X 6X 7X 8X,2I 6I,2026-10-04
FRSU,Sautron,CHCC220GR2 CHCD,True,TRIMBLE BD970,True,"5.41,24/APR/2019",True,100.0,65.31,99.74,26.7,25.9,27.9,1C 2W 5X,1C 2C,1X 5X 7X 8X,2I,2026-10-04
FRSV,Saviere,CHCC220GR2 CHCD,True,TRIMBLE BD990,True,"5.61,27/JUN/2023",True,100.0,71.46,98.57,13.1,23.1,27.7,1C 1X 2W 5X,1C 1P 2C 2P,1X 5X 6X 7X 8X,2I 6I,2026-10-04
FRUN,Ugine,CHCC220GR2 CHCD,True,TRIMBLE BD990,True,"5.61,27/JUN/2023",True,100.0,66.04,96.15,16.2,25.8,28.5,1C 2W 5X,1C 1P 2C 2P,1X 5X 6X 7X 8X,2I 6I,2026-10-04
FRVL,Villevaude,CHCC220GR2 CHCD,True,TRIMBLE BD990,True,"5.61,27/JUN/2023",True,100.0,73.35,75.0,15.6,29.3,19.8,1C 1X 2W 5X,1C 2C,1X 5X 6X 7X 8X,2I 6I,2026-10-04
FRSI,Saint_Pantaleon_De_Larche,CHCC220GR2 CHCD,True,TRIMBLE BD990,True,"5.61,27/JUN/2023",True,100.0,74.49,83.33,14.4,23.5,27.2,1C 2W 5X,1C 2C,1X 5X 6X 7X 8X,2I 6I,2026-10-04
FRCH,Cherbourg,CHCC220GR CHCD,True,TRIMBLE BD970,False,"5.41,24/APR/2019",False,99.96,73.88,95.46,13.2,19.4,13.7,1C 2W 2X 5X,1C 2C,1X 5X 7X 8X,2I 6I,2026-10-04
FREG,Egletons,CHCC220GR2 CHCD,True,TRIMBLE BD970,True,"5.41,24/APR/2019",True,100.0,76.75,99.92,31.2,30.1,30.0,1C 2W 5X,1C 2C,1X 5X 7X 8X,2I,2026-10-04
FRCV,Cavaillon,CHCC220GR2 CHCD,True,TRIMBLE BD990,True,"5.61,27/JUN/2023",True,100.0,73.33,0.0,14.0,25.8,29.4,1C 2W 2X 5X,1C 2C,1X 5X 6X 7X 8X,2I 6I,2026-10-04
FRVD,Vidauban,CHCC220GR2 CHCD,True,TRIMBLE BD990,True,"5.61,27/JUN/2023",True,100.0,69.33,99.09,21.4,37.7,24.5,1C 1X 2W 5X,1C 1P 2C 2P,1X 5X 6X 7X 8X,2I 6I,2026-10-04
LEST,Les_Thioleyres,TPSCR.G5 TPSH,True,TPS NET-G5,True,5.6.1+2410301224,False,100.0,88.55,98.68,28.2,29.8,23.0,1C 1W 1X 2W 2X 5X,1C 1P 2C 2P,1X 5X 6X 7X 8X,2I 6I 7I,2026-10-04
CHSY,Satigny,TPSCR.G5 TPSH,True,TPS NET-G5,True,5.6.1+2410301224,False,100.0,87.77,98.8,33.7,33.5,21.1,1C 1W 1X 2W 2X 5X,1C 1P 2C 2P,1X 5X 6X 7X 8X,2I 6I 7I,2026-10-04
2ANG,2ANG_MSM7,TWIVP6050_CONE NONE,True,SEPT ASTERX SB,True,4.8.4,True,100.0,79.61,98.04,28.2,34.0,28.3,1C 2L 2W 5Q,1C 2C 2P,1C 5Q 7Q 8Q,2I 7I,2026-10-05
2ANN,2ANN_MSM7,TWIVC6050 SCIS,True,SEPT ASTERX SB,True,4.8.4,True,99.5,79.14,97.37,18.5,18.9,14.2,1C 2L 2W 5Q,1C 2C 2P,1C 5Q 7Q 8Q,2I 7I,2026-10-05
2AUC,2AUC_MSM7,TWIVC6050 SCIS,True,SEPT ASTERX SB,True,4.8.4,True,99.79,80.67,99.89,36.0,39.1,34.1,1C 2L 2W 5Q,1C 2C 2P,1C 5Q 7Q 8Q,2I 7I,2026-10-05
2BAL,2BAL_MSM7,TWIVC6050 SCIS,True,SEPT ASTERX SB,True,4.8.4,True,100.0,80.82,99.35,20.5,21.0,17.8,1C 2L 2W 5Q,1C 2C 2P,1C 5Q 7Q 8Q,2I 7I,2026-10-05
2BAS,2BAS_MSM7,TWIVC6050 SCIS,True,SEPT ASTERX SB,True,4.8.4,True,100.0,77.91,75.0,22.7,24.0,19.0,1C 2L 2W 5Q,1C 2C 2P,1C 5Q 7Q 8Q,2I 7I,2026-10-05
2BIL,2BIL_MSM7,TWIVP6050_CONE NONE,True,SEPT ASTERX SB,True,4.8.4,True,99.79,77.77,99.56,33.1,37.4,27.7,1C 2L 2W 5Q,1C 2C 2P,1C 5Q 7Q 8Q,2I 7I,2026-10-05
2CAS,2CAS_MSM7,TWIVC6050 SCIS,True,NOV OEM7700-1.02,True,OM7CR0800RN0000,True,100.0,78.89,98.96,40.8,34.0,28.2,1C 2S 2W 5Q,1C 2C 2P,1C 5Q 7Q 8Q,2I 6I 7I,2026-10-05
2CHR,2CHR_MSM7,TRM77971.00 NONE,True,SEPT ASTERX SB,True,4.8.4,True,99.75,79.83,99.43,30.1,33.7,27.3,1C 2L 2W 5Q,1C 2C 2P,1C 5Q 7Q 8Q,2I 7I,2026-10-05
2CIU,2CIU_MSM7,TWIVP6050_CONE NONE,True,SEPT ASTERX SB,True,4.8.4,True,99.58,81.4,99.25,32.7,39.6,31.7,1C 2L 2W 5Q,1C 2C 2P,1C 5Q 7Q 8Q,2I 7I,2026-10-05
2CLI,2CLI_MSM7,CHCA220GR NONE,False,SEPT ASTERX SB,True,4.8.4,True,99.79,79.99,99.37,30.6,38.9,31.2,1C 2L 2W 5Q,1C 2C 2P,1C 5Q 7Q 8Q,2I 7I,2026-10-05
2CUM,2CUM_MSM7,TWIVP6050_CONE NONE,True,SEPT ASTERX SB,True,4.8.4,True,99.79,81.25,99.12,30.0,34.5,27.0,1C 2L 2W 5Q,1C 2C 2P,1C 5Q 7Q 8Q,2I 7I,2026-10-05
2DUN,2DUN_MSM7,TWIVP6050_CONE NONE,True,SEPT ASTERX SB,True,4.8.4,True,99.58,81.6,99.86,33.9,38.2,31.6,1C 2L 2W 5Q,1C 2C 2P,1C 5Q 7Q 8Q,2I 7I,2026-10-05
2FIG,2FIG_MSM7,TWIVC6050 SCIS,True,SEPT ASTERX SB,True,4.8.4,True,99.5,78.91,98.15,20.5,22.2,18.5,1C 2L 2W 5Q,1C 2C 2P,1C 5Q 7Q 8Q,2I 7I,2026-10-05
2GAW,2GAW_MSM7,TWIVC6050 SCIS,True,SEPT ASTERX SB,True,4.8.4,True,99.29,79.19,98.63,24.5,27.9,22.3,1C 2L 2W 5Q,1C 2C 2P,1C 5Q 7Q 8Q,2I 7I,2026-10-05
2IMP,2IMP_MSM7,TWIVP6050_CONE NONE,True,SEPT ASTERX SB,True,4.8.4,True,100.0,78.15,95.65,32.7,34.1,26.8,1C 2L 2W 5Q,1C 2C 2P,1C 5Q 7Q 8Q,2I 7I,2026-10-05
2INV,2INV_MSM7,TWIVP6050_CONE NONE,True,SEPT ASTERX SB,True,4.8.4,True,99.79,82.36,99.76,34.6,38.0,30.8,1C 2L 2W 5Q,1C 2C 2P,1C 5Q 7Q 8Q,2I 7I,2026-10-05
2KIR,2KIR_MSM7,TWIVC6050 SCIS,True,SEPT ASTERX SB,True,4.8.4,True,99.79,82.74,98.21,22.3,23.7,18.7,1C 2L 2W 5Q,1C 2C 2P,1C 5Q 7Q 8Q,2I 7I,2026-10-05
2LIA,2LIA_MSM7,TWIVP6050_CONE NONE,True,SEPT ASTERX SB,True,4.8.4,True,99.79,79.31,98.41,34.8,40.5,30.9,1C 2L 2W 5Q,1C 2C 2P,1C 5Q 7Q 8Q,2I 7I,2026-10-05
2NER,2NER_MSM7,TWIVC6050 SCIS,True,SEPT ASTERX SB,True,4.8.4,True,99.67,79.4,99.19,21.9,22.6,19.0,1C 2L 2W 5Q,1C 2C 2P,1C 5Q 7Q 8Q,2I 7I,2026-10-05
2OBA,2OBA_MSM7,TWIVP6050_CONE NONE,True,SEPT ASTERX SB,True,4.8.4,True,99.92,81.39,99.57,29.9,35.4,31.4,1C 2L 2W 5Q,1C 2C 2P,1C 5Q 7Q 8Q,2I 7I,2026-10-05
2PIM,2PIM_MSM7,TRM77971.00 NONE,True,SEPT ASTERX SB,True,4.8.4,True,100.0,80.23,98.97,51.2,45.8,39.3,1C 2L 2W 5Q,1C 2C 2P,1C 5Q 7Q 8Q,2I 7I,2026-10-05
2SAL,2SAL_MSM7,TWIVP6050_CONE NONE,True,SEPT ASTERX SB,True,4.8.4,True,99.79,81.06,99.79,24.4,30.9,25.8,1C 2L 2W 5Q,1C 2C 2P,1C 5Q 7Q 8Q,2I 7I,2026-10-05
2TER,2TER_MSM7,TWIVP6050_CONE NONE,True,SEPT ASTERX SB,True,4.8.4,True,100.0,81.7,97.68,27.7,33.1,26.5,1C 2L 2W 5Q,1C 2C 2P,1C 5Q 7Q 8Q,2I 7I,2026-10-05
2UBE,2UBE_MSM7,TWIVP6050_CONE NONE,True,SEPT ASTERX SB,True,4.8.4,True,97.83,80.18,97.83,33.7,35.8,27.9,1C 2L 2W 5Q,1C 2C 2P,1C 5Q 7Q 8Q,2I 7I,2026-10-05
2VIE,2VIE_MSM7,TWIVC6050 SCIS,True,SEPT ASTERX SB,True,4.8.4,True,99.79,80.65,99.37,30.2,29.3,25.2,1C 2L 2W 5Q,1C 2C 2P,1C 5Q 7Q 8Q,2I 7I,2026-10-05
2WOR,2WOR_MSM7,CHCA220GR NONE,True,SEPT ASTERX SB,True,4.8.4,True,100.0,79.75,98.18,30.9,39.5,33.1,1C 2L 2W 5Q,1C 2C 2P,1C 5Q 7Q 8Q,2I 7I,2026-10-05
FRAV,Aveze,CHCC220GR2 CHCD,True,TRIMBLE BD990,True,"5.61,27/JUN/2023",True,100.0,73.9,93.33,15.5,21.6,27.1,1C 2W 5X,1C 1P 2C,1X 5X 6X 7X 8X,2I 6I,2026-10-05
FRBA,Barcelonette,CHCC220GR2 CHCD,True,TRIMBLE BD990,True,"5.61,27/JUN/2023",True,100.0,68.8,95.45,14.7,24.4,26.9,1C 2W 5X,1C 1P 2C 2P,1X 5X 6X 7X 8X,2I 6I,2026-10-05
FRCP,Case_De_Pene,CHCC220GR2 CHCD,True,TRIMBLE BD990,True,"5.61,27/JUN/2023",True,99.92,72.07,98.51,15.0,28.0,30.7,1C 2W 5X,1C 1P 2C 2P,1X 5X 7X 8X,2I,2026-10-05
FRCT,Castellane,CHCC220GR2 CHCD,True,TRIMBLE BD990,True,"5.61,27/JUN/2023",True,100.0,66.75,96.88,16.8,21.9,26.4,1C 2W 5X,1C 1P 2C 2P,1X 5X 6X 7X 8X,2I 6I,2026-10-05
FRCA,Castres,CHCC220GR2 CHCD,True,TRIMBLE BD990,True,"5.61,27/JUN/2023",True,100.0,74.66,66.67,16.0,24.0,27.6,1C 2W 5X,1C 2C,1X 5X 6X 7X 8X,2I 6I,2026-10-05
FRCD,Chateau_D_Olonne,CHCC220GR2 CHCD,True,TRIMBLE BD970,True,"5.41,24/APR/2019",True,100.0,81.53,99.94,27.1,21.4,19.6,1C 2W 5X,1C 2C,1X 5X 7X 8X,2I,2026-10-05
FRCN,Crehange,CHCC220GR2 CHCD,True,TRIMBLE BD990,True,"5.61,27/JUN/2023",True,100.0,72.75,94.74,13.9,23.4,15.4,1C 2W 5X,1C 2C,1X 5X 6X 7X 8X,2I 6I,2026-10-05
FRDO,Dontcourt_Aux_Templiers,CHCC220GR2 CHCD,True,TRIMBLE BD990,True,"5.61,27/JUN/2023",True,100.0,73.04,92.31,13.4,22.0,25.8,1C 2W 5X,1C 2C,1X 5X 6X 7X 8X,2I 6I,2026-10-05
FRDZ,Donzere,CHCC220GR2 CHCD,True,TRIMBLE BD990,True,"5.61,27/JUN/2023",True,100.0,74.07,88.89,13.2,20.6,24.2,1C 2W 5X,1C 2C,1X 5X 6X 7X 8X,2I 6I,2026-10-05
FRDY,Doyet,CHCC220GR CHCD,True,TRIMBLE BD970,True,"5.41,24/APR/2019",True,100.0,74.67,99.84,30.5,30.2,26.2,1C 2W 5X,1C 2C,1X 5X 7X 8X,2I,2026-10-05
FRDR,Drucat,CHCC220GR CHCD,True,TRIMBLE BD970,True,"5.41,24/APR/2019",True,100.0,73.15,99.88,28.7,26.7,24.2,1C 2W 5X,1C 2C,1X 5X 7X 8X,2I,2026-10-05
FREB,Ebersheim,CHCC220GR CHCD,True,TRIMBLE BD970,True,"5.41,24/APR/2019",True,100.0,73.47,99.77,28.5,27.9,26.2,1C 2W 5X,1C 2C,1X 5X 7X 8X,2I,2026-10-05
FRGU,Guidel,CHCC220GR CHCD,True,TRIMBLE BD970,True,"5.41,24/APR/2019",True,100.0,65.68,99.64,28.0,27.3,0.0,1C 2W,1C 2C,1X 5X 7X 8X,2I,2026-10-05
FRBO,La_Bourdiniere,CHCC220GR2 CHCD,True,TRIMBLE BD970,True,"5.41,24/APR/2019",True,100.0,65.7,99.05,26.6,23.0,22.3,1C 2W 5X,1C 2C,1X 5X 7X 8X,2I,2026-10-05
FRPE,Le_Puy_En_Velay,CHCC220GR2 CHCD,True,TRIMBLE BD990,True,"5.61,27/JUN/2023",True,100.0,74.24,96.67,13.9,22.4,26.4,1C 2W 5X,1C 2C,1X 5X 6X 7X 8X,2I 6I,2026-10-05
FRMY,Maye,CHCC220GR CHCD,True,TRIMBLE BD970,True,"5.41,24/APR/2019",True,100.0,66.14,99.45,30.4,25.5,27.1,1C 2W 5X,1C 2C,1X 5X 7X 8X,2I,2026-10-05
FRMZ,Mazan,CHCC220GR2 CHCD,True,TRIMBLE BD990,True,"5.61,27/JUN/2023",True,100.0,73.86,91.67,14.7,23.5,29.9,1C 2W 5X,1C 2C,1X 5X 6X 7X 8X,2I 6I,2026-10-05
FRME,Melle,CHCC220GR2 CHCD,True,TRIMBLE BD990,True,"5.61,27/JUN/2023",True,100.0,74.39,93.33,14.2,21.7,23.6,1C 2W 5X,1C 1P 2C 2P,1X 5X 6X 7X 8X,2I 6I,2026-10-05
FRMS,Mours_Saint_Eusebe,CHCC220GR2 CHCD,True,TRIMBLE BD970,True,"5.41,24/APR/2019",True,100.0,68.64,99.68,26.2,20.5,20.3,1C 2W 5X,1C 2C,1X 5X 7X 8X,2I,2026-10-05
FRNE,Neuville,CHCC220GR CHCD,True,TRIMBLE BD970,True,"5.41,24/APR/2019",True,99.75,79.08,99.93,30.7,27.8,25.9,1C 2W 5X,1C 2C,1X 5X 7X 8X,2I,2026-10-05
FRNU,Nuisement,CHCC220GR CHCD,True,TRIMBLE BD970,True,"5.41,24/APR/2019",True,100.0,75.55,99.42,40.4,40.0,40.6,1C 2W 5X,1C 2C,1X 5X 7X 8X,2I,2026-10-05
FRPA,Piau_Engal,CHCC220GR2 CHCD,True,TRIMBLE BD990,True,"5.61,27/JUN/2023",True,99.96,70.89,90.91,15.7,21.8,14.0,1C 1X 2W 5X,1C 2C 2P,1X 5X 6X 7X 8X,2I 6I,2026-10-05
FRPL,Plouhinec,CHCC220GR2 CHCD,True,TRIMBLE BD990,True,"5.61,27/JUN/2023",True,72.71,52.8,75.0,15.1,23.9,27.6,1C 2W 5X,1C 2C,1X 5X 6X 7X 8X,2I 6I,2026-10-05
FRSG,Saint_Georges_Dorques,CHCC220GR2 CHCD,True,TRIMBLE BD990,True,"5.61,27/JUN/2023",True,99.75,73.04,96.55,15.0,27.3,32.3,1C 2W 5X,1C 1P 2C 2P,1X 5X 6X 7X 8X,2I 6I,2026-10-05
FRSL,Sabl,CHCC220GR CHCD,True,TRIMBLE BD990,True,"5.61,27/JUN/2023",True,99.75,77.92,98.7,15.5,25.1,24.2,1C 2W 5X,1C 2C,1X 5X 6X 7X 8X,2I 6I,2026-10-05
FRSN,Saint_Nabord,CHCC220GR2 CHCD,True,TRIMBLE BD990,True,"5.61,27/JUN/2023",True,100.0,73.02,92.31,15.4,25.6,29.8,1C 2W 5X,1C 2C,1X 5X 6X 7X 8X,2I 6I,2026-10-05
FRSU,Sautron,CHCC220GR2 CHCD,True,TRIMBLE BD970,True,"5.41,24/APR/2019",True,100.0,65.24,99.7,26.8,26.4,28.1,1C 2W 5X,1C 2C,1X 5X 7X 8X,2I,2026-10-05
FRSV,Saviere,CHCC220GR2 CHCD,True,TRIMBLE BD990,True,"5.61,27/JUN/2023",True,100.0,71.56,98.41,13.2,23.3,27.8,1C 1X 2W 5X,1C 1P 2C 2P,1X 5X 6X 7X 8X,2I 6I,2026-10-05
FRUN,Ugine,CHCC220GR2 CHCD,True,TRIMBLE BD990,True,"5.61,27/JUN/2023",True,100.0,66.41,97.06,16.6,26.0,28.6,1C 2W 5X,1C 2C,1X 5X 6X 7X 8X,2I 6I,2026-10-05
FRVL,Villevaude,CHCC220GR2 CHCD,True,TRIMBLE BD990,True,"5.61,27/JUN/2023",True,100.0,73.55,80.0,15.5,29.2,19.8,1C 1X 2W 5X,1C 2C,1X 5X 6X 7X 8X,2I 6I,2026-10-05
FRSI,Saint_Pantaleon_De_Larche,CHCC220GR2 CHCD,True,TRIMBLE BD990,True,"5.61,27/JUN/2023",True,100.0,74.65,75.0,14.2,22.6,26.8,1C 2W 5X,1C 2C,1X 5X 6X 7X 8X,2I 6I,2026-10-05
FRCH,Cherbourg,CHCC220GR CHCD,True,TRIMBLE BD970,False,"5.41,24/APR/2019",False,99.71,73.52,90.0,13.1,18.8,13.5,1C 2W 2X 5X,1C 2C,1X 5X 7X 8X,2I 6I,2026-10-05
FREG,Egletons,CHCC220GR2 CHCD,True,TRIMBLE BD970,True,"5.41,24/APR/2019",True,100.0,77.69,99.93,31.0,30.3,29.6,1C 2W 5X,1C 2C,1X 5X 7X 8X,2I,2026-10-05
FRCV,Cavaillon,CHCC220GR2 CHCD,True,TRIMBLE BD990,True,"5.61,27/JUN/2023",True,99.75,73.69,0.0,13.9,25.9,28.7,1C 2W 2X 5X,1C 2C,1X 5X 6X 7X 8X,2I 6I,2026-10-05
FRVD,Vidauban,CHCC220GR2 CHCD,True,TRIMBLE BD990,True,"5.61,27/JUN/2023",True,100.0,69.67,99.13,21.8,38.1,24.8,1C 1X 2W 5X,1C 1P 2C 2P,1X 5X 6X 7X 8X,2I 6I,2026-10-05
NODS,Nods,TPSCR.G5 TPSH,True,TPS NET-G5,True,5.6.1+2410301224,False,77.21,63.09,98.81,27.7,27.5,21.5,1C 1W 1X 2W 2X 5X,1C 1P 2C 2P,1X 5X 6X 7X 8X,2I 6I 7I,2026-10-05
LEST,Les_Thioleyres,TPSCR.G5 TPSH,True,TPS NET-G5,True,5.6.1+2410301224,False,100.0,88.22,98.67,27.6,29.5,21.6,1C 1W 1X 2W 2X 5X,1C 1P 2C 2P,1X 5X 6X 7X 8X,2I 6I 7I,2026-10-05
CHSY,Satigny,TPSCR.G5 TPSH,True,TPS NET-G5,True,5.6.1+2410301224,False,100.0,87.82,98.82,33.1,32.7,20.5,1C 1W 1X 2W 2X 5X,1C 1P 2C 2P,1X 5X 6X 7X 8X,2I 6I 7I,2026-10-05
2ANG,2ANG_MSM7,TWIVP6050_CONE NONE,True,SEPT ASTERX SB,True,4.8.4,True,100.0,79.94,97.5,28.5,34.0,28.4,1C 2L 2W 5Q,1C 2C 2P,1C 5Q 7Q 8Q,2I 7I,2026-10-06
2ANN,2ANN_MSM7,TWIVC6050 SCIS,True,SEPT ASTERX SB,True,4.8.4,True,100.0,79.42,96.88,18.4,18.8,14.2,1C 2L 2W 5Q,1C 2C 2P,1C 5Q 7Q 8Q,2I 7I,2026-10-06
2AUC,2AUC_MSM7,TWIVC6050 SCIS,True,SEPT ASTERX SB,True,4.8.4,True,99.75,80.83,99.87,33.5,37.8,32.9,1C 2L 2W 5Q,1C 2C 2P,1C 5Q 7Q 8Q,2I 7I,2026-10-06
2BAL,2BAL_MSM7,TWIVC6050 SCIS,True,SEPT ASTERX SB,True,4.8.4,True,100.0,80.9,99.44,20.4,20.9,17.9,1C 2L 2W 5Q,1C 2C 2P,1C 5Q 7Q 8Q,2I 7I,2026-10-06
2BAS,2BAS_MSM7,TWIVC6050 SCIS,True,SEPT ASTERX SB,True,4.8.4,True,99.75,77.5,87.5,22.4,23.7,19.0,1C 2L 2W 5Q,1C 2C 2P,1C 5Q 7Q 8Q,2I 7I,2026-10-06
2BIL,2BIL_MSM7,TWIVP6050_CONE NONE,True,SEPT ASTERX SB,True,4.8.4,True,99.79,78.0,99.25,32.3,36.3,27.6,1C 2L 2W 5Q,1C 2C 2P,1C 5Q 7Q 8Q,2I 7I,2026-10-06
2CAS,2CAS_MSM7,TWIVC6050 SCIS,True,NOV OEM7700-1.02,True,OM7CR0800RN0000,True,100.0,79.52,98.72,38.2,32.5,26.9,1C 2S 2W 5Q,1C 2C 2P,1C 5Q 7Q 8Q,2I 6I 7I,2026-10-06
2CHR,2CHR_MSM7,TRM77971.00 NONE,True,SEPT ASTERX SB,True,4.8.4,True,100.0,80.14,99.38,30.4,33.9,27.6,1C 2L 2W 5Q,1C 2C 2P,1C 5Q 7Q 8Q,2I 7I,2026-10-06
2CIU,2CIU_MSM7,TWIVP6050_CONE NONE,True,SEPT ASTERX SB,True,4.8.4,True,100.0,81.39,98.97,33.5,40.1,32.8,1C 2L 2W 5Q,1C 2C 2P,1C 5Q 7Q 8Q,2I 7I,2026-10-06
2CLI,2CLI_MSM7,CHCA220GR NONE,False,SEPT ASTERX SB,True,4.8.4,True,99.5,80.15,98.95,30.8,38.4,30.6,1C 2L 2W 5Q,1C 2C 2P,1C 5Q 7Q 8Q,2I 7I,2026-10-06
2CUM,2CUM_MSM7,TWIVP6050_CONE NONE,True,SEPT ASTERX SB,True,4.8.4,True,99.75,80.84,97.3,30.7,34.6,27.5,1C 2L 2W 5Q,1C 2C 2P,1C 5Q 7Q 8Q,2I 7I,2026-10-06
2DUN,2DUN_MSM7,TWIVP6050_CONE NONE,True,SEPT ASTERX SB,True,4.8.4,True,100.0,81.88,99.84,34.0,38.2,31.9,1C 2L 2W 5Q,1C 2C 2P,1C 5Q 7Q 8Q,2I 7I,2026-10-06
2FIG,2FIG_MSM7,TWIVC6050 SCIS,True,SEPT ASTERX SB,True,4.8.4,True,100.0,78.89,98.33,20.8,22.4,18.2,1C 2L 2W 5Q,1C 2C 2P,1C 5Q 7Q 8Q,2I 7I,2026-10-06
2GAW,2GAW_MSM7,TWIVC6050 SCIS,True,SEPT ASTERX SB,True,4.8.4,True,100.0,80.07,96.78,24.9,27.7,22.8,1C 2L 2W 5Q,1C 2C 2P,1C 5Q 7Q 8Q,2I 7I,2026-10-06
2IMP,2IMP_MSM7,TWIVP6050_CONE NONE,True,SEPT ASTERX SB,True,4.8.4,True,100.0,77.63,93.33,32.4,33.8,26.6,1C 2L 2W 5Q,1C 2C 2P,1C 5Q 7Q 8Q,2I 7I,2026-10-06
2INV,2INV_MSM7,TWIVP6050_CONE NONE,True,SEPT ASTERX SB,True,4.8.4,True,99.54,82.21,99.77,34.7,38.1,30.2,1C 2L 2W 5Q,1C 2C 2P,1C 5Q 7Q 8Q,2I 7I,2026-10-06
2KIR,2KIR_MSM7,TWIVC6050 SCIS,True,SEPT ASTERX SB,True,4.8.4,True,99.79,82.83,98.57,22.7,24.0,19.0,1C 2L 2W 5Q,1C 2C 2P,1C 5Q 7Q 8Q,2I 7I,2026-10-06
2LIA,2LIA_MSM7,TWIVP6050_CONE NONE,True,SEPT ASTERX SB,True,4.8.4,True,100.0,79.95,97.87,34.6,40.4,30.9,1C 2L 2W 5Q,1C 2C 2P,1C 5Q 7Q 8Q,2I 7I,2026-10-06
2NER,2NER_MSM7,TWIVC6050 SCIS,True,SEPT ASTERX SB,True,4.8.4,True,99.79,79.75,99.3,22.7,23.1,19.4,1C 2L 2W 5Q,1C 2C 2P,1C 5Q 7Q 8Q,2I 7I,2026-10-06
2OBA,2OBA_MSM7,TWIVP6050_CONE NONE,True,SEPT ASTERX SB,True,4.8.4,True,100.0,81.37,99.58,30.5,36.8,32.6,1C 2L 2W 5Q,1C 2C 2P,1C 5Q 7Q 8Q,2I 7I,2026-10-06
2PIM,2PIM_MSM7,TRM77971.00 NONE,True,SEPT ASTERX SB,True,4.8.4,True,100.0,80.51,98.85,50.4,45.7,38.7,1C 2L 2W 5Q,1C 2C 2P,1C 5Q 7Q 8Q,2I 7I,2026-10-06
2SAL,2SAL_MSM7,TWIVP6050_CONE NONE,True,SEPT ASTERX SB,True,4.8.4,True,99.75,81.14,99.77,24.0,30.2,25.5,1C 2L 2W 5Q,1C 2C 2P,1C 5Q 7Q 8Q,2I 7I,2026-10-06
2TER,2TER_MSM7,TWIVP6050_CONE NONE,True,SEPT ASTERX SB,True,4.8.4,True,99.79,81.36,97.83,27.8,33.2,26.9,1C 2L 2W 5Q,1C 2C 2P,1C 5Q 7Q 8Q,2I 7I,2026-10-06
2UBE,2UBE_MSM7,TWIVP6050_CONE NONE,True,SEPT ASTERX SB,True,4.8.4,True,98.12,79.9,96.67,33.8,35.6,28.2,1C 2L 2W 5Q,1C 2C 2P,1C 5Q 7Q 8Q,2I 7I,2026-10-06
2VIE,2VIE_MSM7,TWIVC6050 SCIS,True,SEPT ASTERX SB,True,4.8.4,True,99.33,80.12,99.46,30.9,30.2,25.5,1C 2L 2W 5Q,1C 2C 2P,1C 5Q 7Q 8Q,2I 7I,2026-10-06
2WOR,2WOR_MSM7,CHCA220GR NONE,True,SEPT ASTERX SB,True,4.8.4,True,100.0,80.02,98.08,33.0,41.1,33.2,1C 2L 2W 5Q,1C 2C 2P,1C 5Q 7Q 8Q,2I 7I,2026-10-06
FRAV,Aveze,CHCC220GR2 CHCD,True,TRIMBLE BD990,True,"5.61,27/JUN/2023",True,100.0,73.67,99.29,15.3,21.3,27.1,1C 2W 5X,1C 2C,1X 5X 6X 7X 8X,2I 6I,2026-10-06
FRBA,Barcelonette,CHCC220GR2 CHCD,True,TRIMBLE BD990,True,"5.61,27/JUN/2023",True,100.0,68.63,95.24,14.5,24.1,26.7,1C 2W 5X,1C 1P 2C 2P,1X 5X 6X 7X 8X,2I 6I,2026-10-06
FRCP,Case_De_Pene,CHCC220GR2 CHCD,True,TRIMBLE BD990,True,"5.61,27/JUN/2023",True,80.29,55.11,85.72,15.4,28.4,31.0,1C 2W 5X,1C 2C 2P,1X 5X 7X 8X,2I,2026-10-06
FRCT,Castellane,CHCC220GR2 CHCD,True,TRIMBLE BD990,True,"5.61,27/JUN/2023",True,100.0,66.56,96.0,16.8,21.7,25.9,1C 2W 5X,1C 1P 2C 2P,1X 5X 6X 7X 8X,2I 6I,2026-10-06
FRCA,Castres,CHCC220GR2 CHCD,True,TRIMBLE BD990,True,"5.61,27/JUN/2023",True,100.0,74.36,0.0,16.0,24.2,28.4,1C 2W 5X,1C 2C,1X 5X 6X 7X 8X,2I 6I,2026-10-06
FRCD,Chateau_D_Olonne,CHCC220GR2 CHCD,True,TRIMBLE BD970,True,"5.41,24/APR/2019",True,100.0,81.95,99.94,27.4,21.5,20.2,1C 2W 5X,1C 2C,1X 5X 7X 8X,2I,2026-10-06
FRCN,Crehange,CHCC220GR2 CHCD,True,TRIMBLE BD990,True,"5.61,27/JUN/2023",True,100.0,72.65,95.45,13.8,23.7,15.9,1C 2W 5X,1C 2C,1X 5X 6X 7X 8X,2I 6I,2026-10-06
FRDO,Dontcourt_Aux_Templiers,CHCC220GR2 CHCD,True,TRIMBLE BD990,True,"5.61,27/JUN/2023",True,100.0,73.1,94.12,13.5,22.4,25.5,1C 2W 5X,1C 2C,1X 5X 6X 7X 8X,2I 6I,2026-10-06
FRDZ,Donzere,CHCC220GR2 CHCD,True,TRIMBLE BD990,True,"5.61,27/JUN/2023",True,100.0,73.94,66.67,13.4,20.5,24.2,1C 2W 5X,1C 2C,1X 5X 6X 7X 8X,2I 6I,2026-10-06
FRDY,Doyet,CHCC220GR CHCD,True,TRIMBLE BD970,True,"5.41,24/APR/2019",True,100.0,75.39,99.85,30.3,30.8,26.7,1C 2W 5X,1C 2C,1X 5X 7X 8X,2I,2026-10-06
FRDR,Drucat,CHCC220GR CHCD,True,TRIMBLE BD970,True,"5.41,24/APR/2019",True,100.0,73.96,99.87,28.7,26.5,24.8,1C 2W 5X,1C 2C,1X 5X 7X 8X,2I,2026-10-06
FREB,Ebersheim,CHCC220GR CHCD,True,TRIMBLE BD970,True,"5.41,24/APR/2019",True,100.0,73.94,99.74,28.7,28.4,26.5,1C 2W 5X,1C 2C,1X 5X 7X 8X,2I,2026-10-06
FRGU,Guidel,CHCC220GR CHCD,True,TRIMBLE BD970,True,"5.41,24/APR/2019",True,100.0,66.79,99.63,27.8,26.8,0.0,1C 2W,1C 2C,1X 5X 7X 8X,2I,2026-10-06
FRBO,La_Bourdiniere,CHCC220GR2 CHCD,True,TRIMBLE BD970,True,"5.41,24/APR/2019",True,100.0,66.66,98.68,26.9,23.2,22.4,1C 2W 5X,1C 2C,1X 5X 7X 8X,2I,2026-10-06
FRPE,Le_Puy_En_Velay,CHCC220GR2 CHCD,True,TRIMBLE BD990,True,"5.61,27/JUN/2023",True,99.12,73.44,96.43,14.0,22.1,26.4,1C 2W 5X,1C 2C,1X 5X 6X 7X 8X,2I 6I,2026-10-06
FRMY,Maye,CHCC220GR CHCD,True,TRIMBLE BD970,True,"5.41,24/APR/2019",True,99.75,67.05,99.42,30.2,24.9,26.2,1C 2W 5X,1C 2C,1X 5X 7X 8X,2I,2026-10-06
FRMZ,Mazan,CHCC220GR2 CHCD,True,TRIMBLE BD990,True,"5.61,27/JUN/2023",True,100.0,73.78,0.0,14.7,23.4,30.0,1C 2W 5X,1C 2C,1X 5X 6X 7X 8X,2I 6I,2026-10-06
FRME,Melle,CHCC220GR2 CHCD,True,TRIMBLE BD990,True,"5.61,27/JUN/2023",True,99.33,74.1,96.88,14.3,21.7,23.8,1C 2W 5X,1C 2C 2P,1X 5X 6X 7X 8X,2I 6I,2026-10-06
FRMS,Mours_Saint_Eusebe,CHCC220GR2 CHCD,True,TRIMBLE BD970,True,"5.41,24/APR/2019",True,99.75,69.45,99.68,26.1,20.2,20.0,1C 2W 5X,1C 2C,1X 5X 7X 8X,2I,2026-10-06
FRNE,Neuville,CHCC220GR CHCD,True,TRIMBLE BD970,True,"5.41,24/APR/2019",True,100.0,80.07,99.93,30.7,27.3,25.0,1C 2W 5X,1C 2C,1X 5X 7X 8X,2I,2026-10-06
FRNU,Nuisement,CHCC220GR CHCD,True,TRIMBLE BD970,True,"5.41,24/APR/2019",True,100.0,76.44,99.41,39.8,40.2,40.0,1C 2W 5X,1C 2C,1X 5X 7X 8X,2I,2026-10-06
FRPA,Piau_Engal,CHCC220GR2 CHCD,True,TRIMBLE BD990,True,"5.61,27/JUN/2023",True,100.0,71.21,66.67,15.6,22.1,14.4,1C 1X 2W 5X,1C 2C,1X 5X 6X 7X 8X,2I 6I,2026-10-06
FRPL,Plouhinec,CHCC220GR2 CHCD,True,TRIMBLE BD990,True,"5.61,27/JUN/2023",True,99.71,74.34,87.5,15.2,24.5,28.4,1C 2W 5X,1C 2C,1X 5X 6X 7X 8X,2I 6I,2026-10-06
FRSG,Saint_Georges_Dorques,CHCC220GR2 CHCD,True,TRIMBLE BD990,True,"5.61,27/JUN/2023",True,99.75,73.09,93.75,14.8,27.2,32.4,1C 2W 5X,1C 1P 2C 2P,1X 5X 6X 7X 8X,2I 6I,2026-10-06
FRSL,Sabl,CHCC220GR CHCD,True,TRIMBLE BD990,True,"5.61,27/JUN/2023",True,99.71,78.29,87.5,15.9,24.9,23.9,1C 2W 5X,1C 2C,1X 5X 6X 7X 8X,2I 6I,2026-10-06
FRSN,Saint_Nabord,CHCC220GR2 CHCD,True,TRIMBLE BD990,True,"5.61,27/JUN/2023",True,100.0,72.91,75.0,15.2,25.1,29.5,1C 2W 5X,1C 2C,1X 5X 6X 7X 8X,2I 6I,2026-10-06
FRSU,Sautron,CHCC220GR2 CHCD,True,TRIMBLE BD970,True,"5.41,24/APR/2019",True,100.0,66.02,99.64,26.3,26.3,27.5,1C 2W 5X,1C 2C,1X 5X 7X 8X,2I,2026-10-06
FRSV,Saviere,CHCC220GR2 CHCD,True,TRIMBLE BD990,True,"5.61,27/JUN/2023",True,100.0,71.77,98.15,13.1,23.6,28.1,1C 1X 2W 5X,1C 1P 2C 2P,1X 5X 6X 7X 8X,2I 6I,2026-10-06
FRUN,Ugine,CHCC220GR2 CHCD,True,TRIMBLE BD990,True,"5.61,27/JUN/2023",True,100.0,66.38,94.44,17.4,26.2,28.5,1C 2W 5X,1C 1P 2C 2P,1X 5X 6X 7X 8X,2I 6I,2026-10-06
FRVL,Villevaude,CHCC220GR2 CHCD,True,TRIMBLE BD990,True,"5.61,27/JUN/2023",True,100.0,73.77,83.33,15.3,29.8,19.9,1C 1X 2W 5X,1C 2C 2P,1X 5X 6X 7X 8X,2I 6I,2026-10-06
FRSI,Saint_Pantaleon_De_Larche,CHCC220GR2 CHCD,True,TRIMBLE BD990,True,"5.61,27/JUN/2023",True,100.0,74.65,83.33,14.3,22.8,27.1,1C 2W 5X,1C 2C,1X 5X 6X 7X 8X,2I 6I,2026-10-06
FRCH,Cherbourg,CHCC220GR CHCD,True,TRIMBLE BD970,False,"5.41,24/APR/2019",False,99.0,73.28,90.0,13.1,19.4,13.8,1C 2W 2X 5X,1C 2C,1X 5X 7X 8X,2I 6I,2026-10-06
FREG,Egletons,CHCC220GR2 CHCD,True,TRIMBLE BD970,True,"5.41,24/APR/2019",True,100.0,78.96,99.92,31.2,30.1,29.1,1C 2W 5X,1C 2C,1X 5X 7X 8X,2I,2026-10-06
FRCV,Cavaillon,CHCC220GR2 CHCD,True,TRIMBLE BD990,True,"5.61,27/JUN/2023",True,100.0,73.78,50.0,13.9,25.7,28.9,1C 2W 2X 5X,1C 2C,1X 5X 6X 7X 8X,2I 6I,2026-10-06
FRVD,Vidauban,CHCC220GR2 CHCD,True,TRIMBLE BD990,True,"5.61,27/JUN/2023",True,100.0,69.71,98.98,22.2,37.7,24.3,1C 1X 2W 5X,1C 1P 2C 2P,1X 5X 6X 7X 8X,2I 6I,2026-10-06
NODS,Nods,TPSCR.G5 TPSH,True,TPS NET-G5,True,5.6.1+2410301224,False,100.0,81.83,98.95,27.7,27.6,20.4,1C 1W 1X 2W 2X 5X,1C 1P 2C 2P,1X 5X 6X 7X 8X,2I 6I 7I,2026-10-06
LEST,Les_Thioleyres,TPSCR.G5 TPSH,True,TPS NET-G5,True,5.6.1+2410301224,False,100.0,88.34,98.68,28.0,29.8,22.1,1C 1W 1X 2W 2X 5X,1C 1P 2C 2P,1X 5X 6X 7X 8X,2I 6I 7I,2026-10-06
CHSY,Satigny,TPSCR.G5 TPSH,True,TPS NET-G5,True,5.6.1+2410301224,False,100.0,87.75,98.51,34.3,34.4,22.9,1C 1W 1X 2W 2X 5X,1C 1P 2C 2P,1X 5X 6X 7X 8X,2I 6I 7I,2026-10-06
2ANG,2ANG_MSM7,TWIVP6050_CONE NONE,True,SEPT ASTERX SB,True,4.8.4,True,99.62,78.04,98.68,27.9,33.9,28.0,1C 2L 2W 5Q,1C 2C 2P,1C 5Q 7Q 8Q,2I 7I,2026-10-07
2ANN,2ANN_MSM7,TWIVC6050 SCIS,True,SEPT ASTERX SB,True,4.8.4,True,99.83,76.71,98.51,18.5,18.7,13.8,1C 2L 2W 5Q,1C 2C 2P,1C 5Q 7Q 8Q,2I 7I,2026-10-07
2AUC,2AUC_MSM7,TWIVC6050 SCIS,True,SEPT ASTERX SB,True,4.8.4,True,99.83,79.41,99.87,33.5,38.2,32.9,1C 2L 2W 5Q,1C 2C 2P,1C 5Q 7Q 8Q,2I 7I,2026-10-07
2BAL,2BAL_MSM7,TWIVC6050 SCIS,True,SEPT ASTERX SB,True,4.8.4,True,99.83,79.31,99.49,21.1,21.4,17.8,1C 2L 2W 5Q,1C 2C 2P,1C 5Q 7Q 8Q,2I 7I,2026-10-07
2BAS,2BAS_MSM7,TWIVC6050 SCIS,True,SEPT ASTERX SB,True,4.8.4,True,99.83,76.31,88.89,22.5,24.0,18.9,1C 2L 2W 5Q,1C 2C 2P,1C 5Q 7Q 8Q,2I 7I,2026-10-07
2BIL,2BIL_MSM7,TWIVP6050_CONE NONE,True,SEPT ASTERX SB,True,4.8.4,True,99.83,75.76,99.38,33.2,37.0,27.4,1C 2L 2W 5Q,1C 2C 2P,1C 5Q 7Q 8Q,2I 7I,2026-10-07
2CAS,2CAS_MSM7,TWIVC6050 SCIS,True,NOV OEM7700-1.02,True,OM7CR0800RN0000,True,99.83,77.62,99.12,39.7,33.4,28.1,1C 2S 2W 5Q,1C 2C 2P,1C 5Q 7Q 8Q,2I 6I 7I,2026-10-07
2CHR,2CHR_MSM7,TRM77971.00 NONE,True,SEPT ASTERX SB,True,4.8.4,True,99.83,78.47,99.17,29.6,33.7,27.4,1C 2L 2W 5Q,1C 2C 2P,1C 5Q 7Q 8Q,2I 7I,2026-10-07
2CIU,2CIU_MSM7,TWIVP6050_CONE NONE,True,SEPT ASTERX SB,True,4.8.4,True,99.83,79.64,99.28,33.1,38.9,32.0,1C 2L 2W 5Q,1C 2C 2P,1C 5Q 7Q 8Q,2I 7I,2026-10-07
2CLI,2CLI_MSM7,CHCA220GR NONE,False,SEPT ASTERX SB,True,4.8.4,True,99.83,78.79,98.99,30.1,38.1,30.6,1C 2L 2W 5Q,1C 2C 2P,1C 5Q 7Q 8Q,2I 7I,2026-10-07
2CUM,2CUM_MSM7,TWIVP6050_CONE NONE,True,SEPT ASTERX SB,True,4.8.4,True,99.83,79.1,99.25,30.3,34.5,27.5,1C 2L 2W 5Q,1C 2C 2P,1C 5Q 7Q 8Q,2I 7I,2026-10-07
2DUN,2DUN_MSM7,TWIVP6050_CONE NONE,True,SEPT ASTERX SB,True,4.8.4,True,99.83,80.4,99.86,33.6,38.4,31.8,1C 2L 2W 5Q,1C 2C 2P,1C 5Q 7Q 8Q,2I 7I,2026-10-07
2FIG,2FIG_MSM7,TWIVC6050 SCIS,True,SEPT ASTERX SB,True,4.8.4,True,99.83,77.63,98.18,20.7,22.4,18.3,1C 2L 2W 5Q,1C 2C 2P,1C 5Q 7Q 8Q,2I 7I,2026-10-07
2GAW,2GAW_MSM7,TWIVC6050 SCIS,True,SEPT ASTERX SB,True,4.8.4,True,99.83,78.52,98.53,24.9,27.7,22.7,1C 2L 2W 5Q,1C 2C 2P,1C 5Q 7Q 8Q,2I 7I,2026-10-07
2IMP,2IMP_MSM7,TWIVP6050_CONE NONE,True,SEPT ASTERX SB,True,4.8.4,True,99.42,75.74,98.15,32.2,33.5,25.4,1C 2L 2W 5Q,1C 2C 2P,1C 5Q 7Q 8Q,2I 7I,2026-10-07
2INV,2INV_MSM7,TWIVP6050_CONE NONE,True,SEPT ASTERX SB,True,4.8.4,True,99.83,81.01,99.74,34.4,37.6,30.3,1C 2L 2W 5Q,1C 2C 2P,1C 5Q 7Q 8Q,2I 7I,2026-10-07
2KIR,2KIR_MSM7,TWIVC6050 SCIS,True,SEPT ASTERX SB,True,4.8.4,True,99.83,81.37,96.67,22.6,24.4,19.0,1C 2L 2W 5Q,1C 2C 2P,1C 5Q 7Q 8Q,2I 7I,2026-10-07
2LIA,2LIA_MSM7,TWIVP6050_CONE NONE,True,SEPT ASTERX SB,True,4.8.4,True,99.83,78.08,96.88,33.7,40.0,30.8,1C 2L 2W 5Q,1C 2C 2P,1C 5Q 7Q 8Q,2I 7I,2026-10-07
2NER,2NER_MSM7,TWIVC6050 SCIS,True,SEPT ASTERX SB,True,4.8.4,True,99.83,78.34,99.12,21.9,23.1,19.5,1C 2L 2W 5Q,1C 2C 2P,1C 5Q 7Q 8Q,2I 7I,2026-10-07
2OBA,2OBA_MSM7,TWIVP6050_CONE NONE,True,SEPT ASTERX SB,True,4.8.4,True,99.83,79.86,99.61,29.8,36.1,31.3,1C 2L 2W 5Q,1C 2C 2P,1C 5Q 7Q 8Q,2I 7I,2026-10-07
2PIM,2PIM_MSM7,TRM77971.00 NONE,True,SEPT ASTERX SB,True,4.8.4,True,99.04,78.12,98.04,55.8,46.6,39.3,1C 2L 2W 5Q,1C 2C 2P,1C 5Q 7Q 8Q,2I 7I,2026-10-07
2SAL,2SAL_MSM7,TWIVP6050_CONE NONE,True,SEPT ASTERX SB,True,4.8.4,True,99.62,78.95,99.81,24.7,31.1,25.9,1C 2L 2W 5Q,1C 2C 2P,1C 5Q 7Q 8Q,2I 7I,2026-10-07
2TER,2TER_MSM7,TWIVP6050_CONE NONE,True,SEPT ASTERX SB,True,4.8.4,True,99.83,79.27,98.04,27.7,33.1,26.5,1C 2L 2W 5Q,1C 2C 2P,1C 5Q 7Q 8Q,2I 7I,2026-10-07
2UBE,2UBE_MSM7,TWIVP6050_CONE NONE,True,SEPT ASTERX SB,True,4.8.4,True,97.83,78.31,98.75,33.3,35.3,27.2,1C 2L 2W 5Q,1C 2C 2P,1C 5Q 7Q 8Q,2I 7I,2026-10-07
2VIE,2VIE_MSM7,TWIVC6050 SCIS,True,SEPT ASTERX SB,True,4.8.4,True,99.58,77.98,99.54,29.9,29.3,25.3,1C 2L 2W 5Q,1C 2C 2P,1C 5Q 7Q 8Q,2I 7I,2026-10-07
2WOR,2WOR_MSM7,CHCA220GR NONE,True,SEPT ASTERX SB,True,4.8.4,True,99.83,78.24,98.04,33.8,43.4,33.4,1C 2L 2W 5Q,1C 2C 2P,1C 5Q 7Q 8Q,2I 7I,2026-10-07
FRAV,Aveze,CHCC220GR2 CHCD,True,TRIMBLE BD990,True,"5.61,27/JUN/2023",True,99.87,71.95,87.5,15.4,21.8,27.2,1C 2W 5X,1C 2C,1X 5X 6X 7X 8X,2I 6I,2026-10-07
FRBA,Barcelonette,CHCC220GR2 CHCD,True,TRIMBLE BD990,True,"5.61,27/JUN/2023",True,99.87,66.72,96.0,14.4,24.1,27.0,1C 2W 5X,1C 1P 2C 2P,1X 5X 6X 7X 8X,2I 6I,2026-10-07
FRCP,Case_De_Pene,CHCC220GR2 CHCD,True,TRIMBLE BD990,True,"5.61,27/JUN/2023",True,99.62,70.17,98.75,15.3,28.1,31.1,1C 2W 5X,1C 1P 2C 2P,1X 5X 7X 8X,2I,2026-10-07
FRCT,Castellane,CHCC220GR2 CHCD,True,TRIMBLE BD990,True,"5.61,27/JUN/2023",True,99.17,64.43,96.43,17.0,22.0,26.6,1C 2W 5X,1C 1P 2C 2P,1X 5X 6X 7X 8X,2I 6I,2026-10-07
FRCA,Castres,CHCC220GR2 CHCD,True,TRIMBLE BD990,True,"5.61,27/JUN/2023",True,99.87,72.67,87.5,14.9,23.9,26.6,1C 2W 5X,1C 2C,1X 5X 6X 7X 8X,2I 6I,2026-10-07
FRCD,Chateau_D_Olonne,CHCC220GR2 CHCD,True,TRIMBLE BD970,True,"5.41,24/APR/2019",True,99.87,80.85,99.94,27.4,21.5,19.7,1C 2W 5X,1C 2C,1X 5X 7X 8X,2I,2026-10-07
FRCN,Crehange,CHCC220GR2 CHCD,True,TRIMBLE BD990,True,"5.61,27/JUN/2023",True,99.87,71.2,94.74,13.9,23.5,15.5,1C 2W 5X,1C 2C,1X 5X 6X 7X 8X,2I 6I,2026-10-07
FRDO,Dontcourt_Aux_Templiers,CHCC220GR2 CHCD,True,TRIMBLE BD990,True,"5.61,27/JUN/2023",True,99.87,71.54,93.33,13.4,22.1,25.1,1C 2W 5X,1C 2C,1X 5X 6X 7X 8X,2I 6I,2026-10-07
FRDZ,Donzere,CHCC220GR2 CHCD,True,TRIMBLE BD990,True,"5.61,27/JUN/2023",True,99.38,71.67,50.0,13.4,21.1,24.9,1C 2W 5X,1C 2C,1X 5X 6X 7X 8X,2I 6I,2026-10-07
FRDY,Doyet,CHCC220GR CHCD,True,TRIMBLE BD970,True,"5.41,24/APR/2019",True,99.87,74.27,99.83,30.4,30.2,26.6,1C 2W 5X,1C 2C,1X 5X 7X 8X,2I,2026-10-07
FRDR,Drucat,CHCC220GR CHCD,True,TRIMBLE BD970,True,"5.41,24/APR/2019",True,99.87,71.98,99.89,28.3,26.9,23.9,1C 2W 5X,1C 2C,1X 5X 7X 8X,2I,2026-10-07
FREB,Ebersheim,CHCC220GR CHCD,True,TRIMBLE BD970,True,"5.41,24/APR/2019",True,99.87,72.82,99.76,28.5,28.2,26.4,1C 2W 5X,1C 2C,1X 5X 7X 8X,2I,2026-10-07
FRGU,Guidel,CHCC220GR CHCD,True,TRIMBLE BD970,True,"5.41,24/APR/2019",True,99.87,65.21,99.66,28.4,26.9,0.0,1C 2W,1C 2C,1X 5X 7X 8X,2I,2026-10-07
FRBO,La_Bourdiniere,CHCC220GR2 CHCD,True,TRIMBLE BD970,True,"5.41,24/APR/2019",True,99.87,65.15,98.8,26.7,23.1,21.9,1C 2W 5X,1C 2C,1X 5X 7X 8X,2I,2026-10-07
FRPE,Le_Puy_En_Velay,CHCC220GR2 CHCD,True,TRIMBLE BD990,True,"5.61,27/JUN/2023",True,99.71,72.16,96.15,13.9,22.7,27.0,1C 2W 5X,1C 2C,1X 5X 6X 7X 8X,2I 6I,2026-10-07
FRMY,Maye,CHCC220GR CHCD,True,TRIMBLE BD970,True,"5.41,24/APR/2019",True,99.87,65.54,99.31,30.8,25.5,27.1,1C 2W 5X,1C 2C,1X 5X 7X 8X,2I,2026-10-07
FRMZ,Mazan,CHCC220GR2 CHCD,True,TRIMBLE BD990,True,"5.61,27/JUN/2023",True,99.87,71.91,75.0,14.9,23.2,30.2,1C 2W 5X,1C 2C,1X 5X 6X 7X 8X,2I 6I,2026-10-07
FRME,Melle,CHCC220GR2 CHCD,True,TRIMBLE BD990,True,"5.61,27/JUN/2023",True,99.87,72.66,85.72,14.2,21.5,23.3,1C 2W 5X,1C 1P 2C 2P,1X 5X 6X 7X 8X,2I 6I,2026-10-07
FRMS,Mours_Saint_Eusebe,CHCC220GR2 CHCD,True,TRIMBLE BD970,True,"5.41,24/APR/2019",True,99.83,67.89,99.71,25.6,20.3,20.5,1C 2W 5X,1C 2C,1X 5X 7X 8X,2I,2026-10-07
FRNE,Neuville,CHCC220GR CHCD,True,TRIMBLE BD970,True,"5.41,24/APR/2019",True,99.87,78.85,99.93,30.5,27.7,25.3,1C 2W 5X,1C 2C,1X 5X 7X 8X,2I,2026-10-07
FRNU,Nuisement,CHCC220GR CHCD,True,TRIMBLE BD970,True,"5.41,24/APR/2019",True,99.87,75.34,99.54,39.3,41.1,39.6,1C 2W 5X,1C 2C,1X 5X 7X 8X,2I,2026-10-07
FRPA,Piau_Engal,CHCC220GR2 CHCD,True,TRIMBLE BD990,True,"5.61,27/JUN/2023",True,99.87,69.37,87.5,15.2,22.3,14.6,1C 1X 2W 5X,1C 2C 2P,1X 5X 6X 7X 8X,2I 6I,2026-10-07
FRPL,Plouhinec,CHCC220GR2 CHCD,True,TRIMBLE BD990,True,"5.61,27/JUN/2023",True,99.62,72.09,91.67,15.4,24.7,27.9,1C 2W 5X,1C 2C,1X 5X 6X 7X 8X,2I 6I,2026-10-07
FRSG,Saint_Georges_Dorques,CHCC220GR2 CHCD,True,TRIMBLE BD990,True,"5.61,27/JUN/2023",True,99.62,70.93,94.74,14.8,27.0,32.4,1C 2W 5X,1C 1P 2C 2P,1X 5X 6X 7X 8X,2I 6I,2026-10-07
FRSL,Sabl,CHCC220GR CHCD,True,TRIMBLE BD990,True,"5.61,27/JUN/2023",True,99.87,76.55,88.89,15.7,24.3,23.5,1C 2W 5X,1C 2C,1X 5X 6X 7X 8X,2I 6I,2026-10-07
FRSN,Saint_Nabord,CHCC220GR2 CHCD,True,TRIMBLE BD990,True,"5.61,27/JUN/2023",True,99.87,71.37,75.0,15.5,25.4,29.8,1C 2W 5X,1C 2C,1X 5X 6X 7X 8X,2I 6I,2026-10-07
FRSU,Sautron,CHCC220GR2 CHCD,True,TRIMBLE BD970,True,"5.41,24/APR/2019",True,99.83,64.26,99.71,26.5,26.8,29.2,1C 2W 5X,1C 2C,1X 5X 7X 8X,2I,2026-10-07
FRSV,Saviere,CHCC220GR2 CHCD,True,TRIMBLE BD990,True,"5.61,27/JUN/2023",True,99.87,69.76,98.41,13.3,23.7,27.9,1C 1X 2W 5X,1C 1P 2C 2P,1X 5X 6X 7X 8X,2I 6I,2026-10-07
FRUN,Ugine,CHCC220GR2 CHCD,True,TRIMBLE BD990,True,"5.61,27/JUN/2023",True,99.87,64.4,95.83,17.6,25.8,28.4,1C 2W 5X,1C 1P 2C,1X 5X 6X 7X 8X,2I 6I,2026-10-07
FRVL,Villevaude,CHCC220GR2 CHCD,True,TRIMBLE BD990,True,"5.61,27/JUN/2023",True,99.87,71.91,75.0,15.4,28.8,19.1,1C 1X 2W 5X,1C 2C,1X 5X 6X 7X 8X,2I 6I,2026-10-07
FRSI,Saint_Pantaleon_De_Larche,CHCC220GR2 CHCD,True,TRIMBLE BD990,True,"5.61,27/JUN/2023",True,99.87,72.76,87.5,14.3,23.4,27.3,1C 2W 5X,1C 2C,1X 5X 6X 7X 8X,2I 6I,2026-10-07
FRCH,Cherbourg,CHCC220GR CHCD,True,TRIMBLE BD970,False,"5.41,24/APR/2019",False,99.5,71.98,80.0,13.0,19.4,14.0,1C 2W 2X 5X,1C 2C,1X 5X 7X 8X,2I 6I,2026-10-07
FREG,Egletons,CHCC220GR2 CHCD,True,TRIMBLE BD970,True,"5.41,24/APR/2019",True,99.87,76.47,99.92,30.9,28.6,27.9,1C 2W 5X,1C 2C,1X 5X 7X 8X,2I,2026-10-07
FRCV,Cavaillon,CHCC220GR2 CHCD,True,TRIMBLE BD990,True,"5.61,27/JUN/2023",True,99.87,71.91,0.0,13.9,25.7,28.7,1C 2W 2X 5X,1C 2C,1X 5X 6X 7X 8X,2I 6I,2026-10-07
FRVD,Vidauban,CHCC220GR2 CHCD,True,TRIMBLE BD990,True,"5.61,27/JUN/2023",True,99.87,67.08,99.41,21.4,37.6,23.9,1C 1X 2W 5X,1C 1P 2C 2P,1X 5X 6X 7X 8X,2I 6I,2026-10-07
NODS,Nods,TPSCR.G5 TPSH,True,TPS NET-G5,True,5.6.1+2410301224,False,99.96,80.19,99.21,27.7,27.9,20.6,1C 1W 1X 2W 2X 5X,1C 1P 2C 2P,1X 5X 6X 7X 8X,2I 6I 7I,2026-10-07
LEST,Les_Thioleyres,TPSCR.G5 TPSH,True,TPS NET-G5,True,5.6.1+2410301224,False,99.96,86.59,98.88,27.8,29.7,22.2,1C 1W 1X 2W 2X 5X,1C 1P 2C 2P,1X 5X 6X 7X 8X,2I 6I 7I,2026-10-07
CHSY,Satigny,TPSCR.G5 TPSH,True,TPS NET-G5,True,5.6.1+2410301224,False,99.96,86.09,98.88,33.8,34.1,22.1,1C 1W 1X 2W 2X 5X,1C 1P 2C 2P,1X 5X 6X 7X 8X,2I 6I 7I,2026-10-07
